Month,Weekend,Hour,Heating,Cooling,Ventilation,Cooking,Refrigeration,Exterior_Lighting,Interior_Lighting,Office_Equipment,Miscellaneous,Motors
1,WEEKDAY,0,0.5841,0.0000,0.1209,0.0000,0.0447,0.4962,0.1107,0.0175,0.0172,0.0063
1,WEEKDAY,1,0.6767,0.0000,0.1243,0.0000,0.0427,0.4962,0.1107,0.0165,0.0142,0.0017
1,WEEKDAY,2,0.7547,0.0000,0.1260,0.0000,0.0419,0.4962,0.1107,0.0157,0.0119,0.0000
1,WEEKDAY,3,0.8251,0.0000,0.1273,0.0000,0.0419,0.4962,0.1107,0.0157,0.0119,0.0000
1,WEEKDAY,4,0.8379,0.0000,0.1260,0.0029,0.0444,0.4962,0.1993,0.0168,0.0246,0.0031
1,WEEKDAY,5,0.8481,0.0000,0.1258,0.0157,0.0476,0.4962,0.2657,0.0216,0.0314,0.0187
1,WEEKDAY,6,0.7701,0.0000,0.1243,0.0233,0.0496,0.4962,0.4428,0.0261,0.0486,0.0285
1,WEEKDAY,7,0.7896,0.0000,0.1236,0.0291,0.0511,0.1633,0.4650,0.0290,0.0508,0.0316
1,WEEKDAY,8,0.5333,0.0000,0.1021,0.0262,0.0524,0.0000,0.3321,0.0305,0.0524,0.0315
1,WEEKDAY,9,0.2969,0.0000,0.0917,0.0241,0.0536,0.0000,0.2657,0.0304,0.0647,0.0296
1,WEEKDAY,10,0.1367,0.0000,0.0776,0.0257,0.0539,0.0000,0.2435,0.0290,0.0658,0.0278
1,WEEKDAY,11,0.0832,0.0000,0.0717,0.0287,0.0539,0.0000,0.2214,0.0285,0.0546,0.0272
1,WEEKDAY,12,0.0584,0.0451,0.0681,0.0312,0.0539,0.0000,0.2214,0.0279,0.0307,0.0272
1,WEEKDAY,13,0.0414,0.0728,0.0664,0.0296,0.0539,0.0000,0.2214,0.0284,0.0311,0.0271
1,WEEKDAY,14,0.0440,0.0600,0.0689,0.0277,0.0539,0.0000,0.2214,0.0301,0.0315,0.0278
1,WEEKDAY,15,0.0467,0.0174,0.0749,0.0273,0.0539,0.0000,0.2214,0.0305,0.0457,0.0286
1,WEEKDAY,16,0.0692,0.0000,0.0980,0.0296,0.0539,0.0000,0.3321,0.0301,0.0479,0.0274
1,WEEKDAY,17,0.0969,0.0000,0.1069,0.0320,0.0536,0.4962,0.3321,0.0290,0.0618,0.0255
1,WEEKDAY,18,0.1193,0.0000,0.1093,0.0309,0.0529,0.4962,0.3985,0.0277,0.0621,0.0375
1,WEEKDAY,19,0.1584,0.0000,0.1111,0.0293,0.0524,0.4962,0.3985,0.0268,0.0621,0.0399
1,WEEKDAY,20,0.2096,0.0000,0.1135,0.0257,0.0514,0.4962,0.3764,0.0252,0.0449,0.0411
1,WEEKDAY,21,0.2655,0.0000,0.1160,0.0214,0.0497,0.4962,0.3543,0.0244,0.0389,0.0369
1,WEEKDAY,22,0.3322,0.0000,0.1190,0.0157,0.0477,0.4962,0.3321,0.0229,0.0232,0.0196
1,WEEKDAY,23,0.4541,0.0000,0.1217,0.0000,0.0463,0.4962,0.2214,0.0194,0.0210,0.0094
1,SATURDAY,0,0.5495,0.0000,0.1249,0.0000,0.0447,0.4962,0.1107,0.0175,0.0172,0.0063
1,SATURDAY,1,0.6992,0.0000,0.1303,0.0000,0.0427,0.4962,0.1107,0.0165,0.0142,0.0017
1,SATURDAY,2,0.7730,0.0000,0.1325,0.0000,0.0419,0.4962,0.1107,0.0157,0.0119,0.0000
1,SATURDAY,3,0.8077,0.0000,0.1320,0.0000,0.0419,0.4962,0.1107,0.0157,0.0119,0.0000
1,SATURDAY,4,0.8190,0.0000,0.1329,0.0029,0.0444,0.4962,0.1993,0.0168,0.0246,0.0031
1,SATURDAY,5,0.8378,0.0000,0.1329,0.0157,0.0476,0.4962,0.2657,0.0216,0.0314,0.0187
1,SATURDAY,6,0.7297,0.0000,0.1284,0.0233,0.0496,0.4962,0.4428,0.0261,0.0486,0.0285
1,SATURDAY,7,0.7243,0.0000,0.1287,0.0291,0.0511,0.1633,0.4650,0.0290,0.0508,0.0316
1,SATURDAY,8,0.6265,0.0000,0.1180,0.0262,0.0524,0.0000,0.3321,0.0305,0.0524,0.0315
1,SATURDAY,9,0.3610,0.0000,0.1090,0.0241,0.0536,0.0000,0.2657,0.0304,0.0647,0.0296
1,SATURDAY,10,0.1815,0.0000,0.0918,0.0257,0.0539,0.0000,0.2435,0.0290,0.0658,0.0278
1,SATURDAY,11,0.1101,0.0000,0.0866,0.0287,0.0539,0.0000,0.2214,0.0285,0.0546,0.0272
1,SATURDAY,12,0.0799,0.0298,0.0835,0.0312,0.0539,0.0000,0.2214,0.0279,0.0307,0.0272
1,SATURDAY,13,0.0555,0.0367,0.0730,0.0296,0.0539,0.0000,0.2214,0.0284,0.0311,0.0271
1,SATURDAY,14,0.0539,0.0320,0.0780,0.0277,0.0539,0.0000,0.2214,0.0301,0.0315,0.0278
1,SATURDAY,15,0.0622,0.0000,0.0897,0.0273,0.0539,0.0000,0.2214,0.0305,0.0457,0.0286
1,SATURDAY,16,0.0764,0.0000,0.1080,0.0296,0.0539,0.0000,0.3321,0.0301,0.0479,0.0274
1,SATURDAY,17,0.1263,0.0000,0.1126,0.0320,0.0536,0.4962,0.3321,0.0290,0.0618,0.0255
1,SATURDAY,18,0.1480,0.0000,0.1136,0.0309,0.0529,0.4962,0.3985,0.0277,0.0621,0.0375
1,SATURDAY,19,0.2074,0.0000,0.1159,0.0293,0.0524,0.4962,0.3985,0.0268,0.0621,0.0399
1,SATURDAY,20,0.2913,0.0000,0.1181,0.0257,0.0514,0.4962,0.3764,0.0252,0.0449,0.0411
1,SATURDAY,21,0.3323,0.0000,0.1197,0.0214,0.0497,0.4962,0.3543,0.0244,0.0389,0.0369
1,SATURDAY,22,0.4158,0.0000,0.1222,0.0157,0.0477,0.4962,0.3321,0.0229,0.0232,0.0196
1,SATURDAY,23,0.5516,0.0000,0.1232,0.0000,0.0463,0.4962,0.2214,0.0194,0.0210,0.0094
1,SUNDAY,0,0.7789,0.0000,0.1242,0.0000,0.0447,0.4962,0.1107,0.0175,0.0172,0.0063
1,SUNDAY,1,0.8371,0.0000,0.1253,0.0000,0.0427,0.4962,0.1107,0.0165,0.0142,0.0017
1,SUNDAY,2,0.8824,0.0000,0.1294,0.0000,0.0419,0.4962,0.1107,0.0157,0.0119,0.0000
1,SUNDAY,3,0.9436,0.0000,0.1293,0.0000,0.0419,0.4962,0.1107,0.0157,0.0119,0.0000
1,SUNDAY,4,0.9643,0.0000,0.1310,0.0029,0.0444,0.4962,0.1993,0.0168,0.0246,0.0031
1,SUNDAY,5,0.9088,0.0000,0.1288,0.0157,0.0476,0.4962,0.2657,0.0216,0.0314,0.0187
1,SUNDAY,6,0.8500,0.0000,0.1287,0.0233,0.0496,0.4962,0.4428,0.0261,0.0486,0.0285
1,SUNDAY,7,0.8453,0.0000,0.1252,0.0291,0.0511,0.1633,0.4650,0.0290,0.0508,0.0316
1,SUNDAY,8,0.6270,0.0000,0.1104,0.0262,0.0524,0.0000,0.3321,0.0305,0.0524,0.0315
1,SUNDAY,9,0.4051,0.0000,0.0968,0.0241,0.0536,0.0000,0.2657,0.0304,0.0647,0.0296
1,SUNDAY,10,0.1698,0.0000,0.0861,0.0257,0.0539,0.0000,0.2435,0.0290,0.0658,0.0278
1,SUNDAY,11,0.1060,0.0000,0.0824,0.0287,0.0539,0.0000,0.2214,0.0285,0.0546,0.0272
1,SUNDAY,12,0.0308,0.0000,0.0661,0.0312,0.0539,0.0000,0.2214,0.0279,0.0307,0.0272
1,SUNDAY,13,0.0144,0.0893,0.0620,0.0296,0.0539,0.0000,0.2214,0.0284,0.0311,0.0271
1,SUNDAY,14,0.0113,0.0507,0.0688,0.0277,0.0539,0.0000,0.2214,0.0301,0.0315,0.0278
1,SUNDAY,15,0.0106,0.0000,0.0738,0.0273,0.0539,0.0000,0.2214,0.0305,0.0457,0.0286
1,SUNDAY,16,0.0259,0.0000,0.1032,0.0296,0.0539,0.0000,0.3321,0.0301,0.0479,0.0274
1,SUNDAY,17,0.0832,0.0000,0.1082,0.0320,0.0536,0.4962,0.3321,0.0290,0.0618,0.0255
1,SUNDAY,18,0.1390,0.0000,0.1102,0.0309,0.0529,0.4962,0.3985,0.0277,0.0621,0.0375
1,SUNDAY,19,0.2417,0.0000,0.1125,0.0293,0.0524,0.4962,0.3985,0.0268,0.0621,0.0399
1,SUNDAY,20,0.3207,0.0000,0.1158,0.0257,0.0514,0.4962,0.3764,0.0252,0.0449,0.0411
1,SUNDAY,21,0.3868,0.0000,0.1180,0.0214,0.0497,0.4962,0.3543,0.0244,0.0389,0.0369
1,SUNDAY,22,0.4392,0.0000,0.1204,0.0157,0.0477,0.4962,0.3321,0.0229,0.0232,0.0196
1,SUNDAY,23,0.5830,0.0000,0.1223,0.0000,0.0463,0.4962,0.2214,0.0194,0.0210,0.0094
1,HOLIDAY,0,0.4584,0.0000,0.1168,0.0000,0.0447,0.4962,0.1107,0.0175,0.0172,0.0063
1,HOLIDAY,1,0.4174,0.0000,0.1180,0.0000,0.0427,0.4962,0.1107,0.0165,0.0142,0.0017
1,HOLIDAY,2,0.4244,0.0000,0.1184,0.0000,0.0419,0.4962,0.1107,0.0157,0.0119,0.0000
1,HOLIDAY,3,0.4282,0.0000,0.1186,0.0000,0.0419,0.4962,0.1107,0.0157,0.0119,0.0000
1,HOLIDAY,4,0.3933,0.0000,0.1189,0.0029,0.0444,0.4962,0.1993,0.0168,0.0246,0.0031
1,HOLIDAY,5,0.4357,0.0000,0.1183,0.0157,0.0476,0.4962,0.2657,0.0216,0.0314,0.0187
1,HOLIDAY,6,0.3483,0.0000,0.1174,0.0233,0.0496,0.4962,0.4428,0.0261,0.0486,0.0285
1,HOLIDAY,7,0.3485,0.0000,0.1171,0.0291,0.0511,0.1633,0.4650,0.0290,0.0508,0.0316
1,HOLIDAY,8,0.4603,0.0000,0.1170,0.0262,0.0524,0.0000,0.3321,0.0305,0.0524,0.0315
1,HOLIDAY,9,0.3469,0.0000,0.0922,0.0241,0.0536,0.0000,0.2657,0.0304,0.0647,0.0296
1,HOLIDAY,10,0.1344,0.0000,0.0882,0.0257,0.0539,0.0000,0.2435,0.0290,0.0658,0.0278
1,HOLIDAY,11,0.0170,0.0000,0.0683,0.0287,0.0539,0.0000,0.2214,0.0285,0.0546,0.0272
1,HOLIDAY,12,0.0001,0.0000,0.0660,0.0312,0.0539,0.0000,0.2214,0.0279,0.0307,0.0272
1,HOLIDAY,13,0.0000,0.0000,0.0645,0.0296,0.0539,0.0000,0.2214,0.0284,0.0311,0.0271
1,HOLIDAY,14,0.0000,0.0000,0.0640,0.0277,0.0539,0.0000,0.2214,0.0301,0.0315,0.0278
1,HOLIDAY,15,0.0000,0.0000,0.0826,0.0273,0.0539,0.0000,0.2214,0.0305,0.0457,0.0286
1,HOLIDAY,16,0.0000,0.0000,0.0966,0.0296,0.0539,0.0000,0.3321,0.0301,0.0479,0.0274
1,HOLIDAY,17,0.0139,0.0000,0.1084,0.0320,0.0536,0.4962,0.3321,0.0290,0.0618,0.0255
1,HOLIDAY,18,0.0167,0.0000,0.1089,0.0309,0.0529,0.4962,0.3985,0.0277,0.0621,0.0375
1,HOLIDAY,19,0.0412,0.0000,0.1097,0.0293,0.0524,0.4962,0.3985,0.0268,0.0621,0.0399
1,HOLIDAY,20,0.1336,0.0000,0.1108,0.0257,0.0514,0.4962,0.3764,0.0252,0.0449,0.0411
1,HOLIDAY,21,0.2812,0.0000,0.1126,0.0214,0.0497,0.4962,0.3543,0.0244,0.0389,0.0369
1,HOLIDAY,22,0.2989,0.0000,0.1139,0.0157,0.0477,0.4962,0.3321,0.0229,0.0232,0.0196
1,HOLIDAY,23,0.3845,0.0000,0.1150,0.0000,0.0463,0.4962,0.2214,0.0194,0.0210,0.0094
2,WEEKDAY,0,0.2761,0.0000,0.1140,0.0000,0.0447,0.4962,0.1107,0.0175,0.0172,0.0063
2,WEEKDAY,1,0.3309,0.0000,0.1171,0.0000,0.0427,0.4962,0.1107,0.0165,0.0142,0.0017
2,WEEKDAY,2,0.3882,0.0000,0.1198,0.0000,0.0419,0.4962,0.1107,0.0157,0.0119,0.0000
2,WEEKDAY,3,0.4296,0.0000,0.1209,0.0000,0.0419,0.4962,0.1107,0.0157,0.0119,0.0000
2,WEEKDAY,4,0.4449,0.0000,0.1188,0.0029,0.0444,0.4962,0.1993,0.0168,0.0246,0.0031
2,WEEKDAY,5,0.4700,0.0000,0.1184,0.0157,0.0476,0.4962,0.2657,0.0216,0.0314,0.0187
2,WEEKDAY,6,0.4265,0.0000,0.1094,0.0233,0.0496,0.4962,0.4428,0.0261,0.0486,0.0285
2,WEEKDAY,7,0.4053,0.0000,0.1045,0.0291,0.0511,0.0000,0.4650,0.0290,0.0508,0.0316
2,WEEKDAY,8,0.2403,0.0000,0.0826,0.0262,0.0524,0.0000,0.3321,0.0305,0.0524,0.0315
2,WEEKDAY,9,0.0963,0.0000,0.0735,0.0241,0.0536,0.0000,0.2657,0.0304,0.0647,0.0296
2,WEEKDAY,10,0.0438,0.0000,0.0681,0.0257,0.0539,0.0000,0.2435,0.0290,0.0658,0.0278
2,WEEKDAY,11,0.0301,0.0088,0.0655,0.0287,0.0539,0.0000,0.2214,0.0285,0.0546,0.0272
2,WEEKDAY,12,0.0196,0.0613,0.0633,0.0312,0.0539,0.0000,0.2214,0.0279,0.0307,0.0272
2,WEEKDAY,13,0.0168,0.0891,0.0631,0.0296,0.0539,0.0000,0.2214,0.0284,0.0311,0.0271
2,WEEKDAY,14,0.0132,0.0855,0.0669,0.0277,0.0539,0.0000,0.2214,0.0301,0.0315,0.0278
2,WEEKDAY,15,0.0116,0.0567,0.0732,0.0273,0.0539,0.0000,0.2214,0.0305,0.0457,0.0286
2,WEEKDAY,16,0.0182,0.0160,0.0833,0.0296,0.0539,0.0000,0.3321,0.0301,0.0479,0.0274
2,WEEKDAY,17,0.0324,0.0005,0.1048,0.0320,0.0536,0.0000,0.3321,0.0290,0.0618,0.0255
2,WEEKDAY,18,0.0472,0.0000,0.1060,0.0309,0.0529,0.4962,0.3985,0.0277,0.0621,0.0375
2,WEEKDAY,19,0.0564,0.0000,0.1069,0.0293,0.0524,0.4962,0.3985,0.0268,0.0621,0.0399
2,WEEKDAY,20,0.0781,0.0000,0.1084,0.0257,0.0514,0.4962,0.3764,0.0252,0.0449,0.0411
2,WEEKDAY,21,0.0990,0.0000,0.1100,0.0214,0.0497,0.4962,0.3543,0.0244,0.0389,0.0369
2,WEEKDAY,22,0.1239,0.0000,0.1123,0.0157,0.0477,0.4962,0.3321,0.0229,0.0232,0.0196
2,WEEKDAY,23,0.1868,0.0000,0.1142,0.0000,0.0463,0.4962,0.2214,0.0194,0.0210,0.0094
2,SATURDAY,0,0.3044,0.0000,0.1124,0.0000,0.0447,0.4962,0.1107,0.0175,0.0172,0.0063
2,SATURDAY,1,0.3838,0.0000,0.1204,0.0000,0.0427,0.4962,0.1107,0.0165,0.0142,0.0017
2,SATURDAY,2,0.4377,0.0000,0.1219,0.0000,0.0419,0.4962,0.1107,0.0157,0.0119,0.0000
2,SATURDAY,3,0.5094,0.0000,0.1226,0.0000,0.0419,0.4962,0.1107,0.0157,0.0119,0.0000
2,SATURDAY,4,0.5075,0.0000,0.1176,0.0029,0.0444,0.4962,0.1993,0.0168,0.0246,0.0031
2,SATURDAY,5,0.5114,0.0000,0.1206,0.0157,0.0476,0.4962,0.2657,0.0216,0.0314,0.0187
2,SATURDAY,6,0.4652,0.0000,0.1196,0.0233,0.0496,0.4962,0.4428,0.0261,0.0486,0.0285
2,SATURDAY,7,0.4562,0.0000,0.1101,0.0291,0.0511,0.0000,0.4650,0.0290,0.0508,0.0316
2,SATURDAY,8,0.2206,0.0000,0.0850,0.0262,0.0524,0.0000,0.3321,0.0305,0.0524,0.0315
2,SATURDAY,9,0.0791,0.0000,0.0721,0.0241,0.0536,0.0000,0.2657,0.0304,0.0647,0.0296
2,SATURDAY,10,0.0317,0.0000,0.0673,0.0257,0.0539,0.0000,0.2435,0.0290,0.0658,0.0278
2,SATURDAY,11,0.0084,0.0000,0.0635,0.0287,0.0539,0.0000,0.2214,0.0285,0.0546,0.0272
2,SATURDAY,12,0.0041,0.0358,0.0617,0.0312,0.0539,0.0000,0.2214,0.0279,0.0307,0.0272
2,SATURDAY,13,0.0038,0.0726,0.0607,0.0296,0.0539,0.0000,0.2214,0.0284,0.0311,0.0271
2,SATURDAY,14,0.0034,0.0717,0.0646,0.0277,0.0539,0.0000,0.2214,0.0301,0.0315,0.0278
2,SATURDAY,15,0.0035,0.0308,0.0774,0.0273,0.0539,0.0000,0.2214,0.0305,0.0457,0.0286
2,SATURDAY,16,0.0043,0.0004,0.0864,0.0296,0.0539,0.0000,0.3321,0.0301,0.0479,0.0274
2,SATURDAY,17,0.0190,0.0000,0.1051,0.0320,0.0536,0.0000,0.3321,0.0290,0.0618,0.0255
2,SATURDAY,18,0.0490,0.0000,0.1061,0.0309,0.0529,0.4962,0.3985,0.0277,0.0621,0.0375
2,SATURDAY,19,0.0676,0.0000,0.1076,0.0293,0.0524,0.4962,0.3985,0.0268,0.0621,0.0399
2,SATURDAY,20,0.0978,0.0000,0.1095,0.0257,0.0514,0.4962,0.3764,0.0252,0.0449,0.0411
2,SATURDAY,21,0.1268,0.0000,0.1118,0.0214,0.0497,0.4962,0.3543,0.0244,0.0389,0.0369
2,SATURDAY,22,0.1623,0.0000,0.1146,0.0157,0.0477,0.4962,0.3321,0.0229,0.0232,0.0196
2,SATURDAY,23,0.1986,0.0000,0.1158,0.0000,0.0463,0.4962,0.2214,0.0194,0.0210,0.0094
2,SUNDAY,0,0.3242,0.0000,0.1151,0.0000,0.0447,0.4962,0.1107,0.0175,0.0172,0.0063
2,SUNDAY,1,0.3553,0.0000,0.1190,0.0000,0.0427,0.4962,0.1107,0.0165,0.0142,0.0017
2,SUNDAY,2,0.4416,0.0000,0.1207,0.0000,0.0419,0.4962,0.1107,0.0157,0.0119,0.0000
2,SUNDAY,3,0.5214,0.0000,0.1220,0.0000,0.0419,0.4962,0.1107,0.0157,0.0119,0.0000
2,SUNDAY,4,0.5408,0.0000,0.1223,0.0029,0.0444,0.4962,0.1993,0.0168,0.0246,0.0031
2,SUNDAY,5,0.5896,0.0000,0.1221,0.0157,0.0476,0.4962,0.2657,0.0216,0.0314,0.0187
2,SUNDAY,6,0.5370,0.0000,0.1134,0.0233,0.0496,0.4962,0.4428,0.0261,0.0486,0.0285
2,SUNDAY,7,0.5140,0.0000,0.1074,0.0291,0.0511,0.0000,0.4650,0.0290,0.0508,0.0316
2,SUNDAY,8,0.2450,0.0000,0.0838,0.0262,0.0524,0.0000,0.3321,0.0305,0.0524,0.0315
2,SUNDAY,9,0.0672,0.0000,0.0731,0.0241,0.0536,0.0000,0.2657,0.0304,0.0647,0.0296
2,SUNDAY,10,0.0147,0.0000,0.0640,0.0257,0.0539,0.0000,0.2435,0.0290,0.0658,0.0278
2,SUNDAY,11,0.0110,0.0000,0.0606,0.0287,0.0539,0.0000,0.2214,0.0285,0.0546,0.0272
2,SUNDAY,12,0.0074,0.0994,0.0614,0.0312,0.0539,0.0000,0.2214,0.0279,0.0307,0.0272
2,SUNDAY,13,0.0036,0.1240,0.0593,0.0296,0.0539,0.0000,0.2214,0.0284,0.0311,0.0271
2,SUNDAY,14,0.0039,0.1417,0.0614,0.0277,0.0539,0.0000,0.2214,0.0301,0.0315,0.0278
2,SUNDAY,15,0.0036,0.0833,0.0647,0.0273,0.0539,0.0000,0.2214,0.0305,0.0457,0.0286
2,SUNDAY,16,0.0069,0.0013,0.0798,0.0296,0.0539,0.0000,0.3321,0.0301,0.0479,0.0274
2,SUNDAY,17,0.0127,0.0000,0.1039,0.0320,0.0536,0.0000,0.3321,0.0290,0.0618,0.0255
2,SUNDAY,18,0.0185,0.0000,0.1048,0.0309,0.0529,0.4962,0.3985,0.0277,0.0621,0.0375
2,SUNDAY,19,0.0246,0.0000,0.1059,0.0293,0.0524,0.4962,0.3985,0.0268,0.0621,0.0399
2,SUNDAY,20,0.0354,0.0000,0.1074,0.0257,0.0514,0.4962,0.3764,0.0252,0.0449,0.0411
2,SUNDAY,21,0.0620,0.0000,0.1093,0.0214,0.0497,0.4962,0.3543,0.0244,0.0389,0.0369
2,SUNDAY,22,0.0713,0.0000,0.1119,0.0157,0.0477,0.4962,0.3321,0.0229,0.0232,0.0196
2,SUNDAY,23,0.1307,0.0000,0.1150,0.0000,0.0463,0.4962,0.2214,0.0194,0.0210,0.0094
2,HOLIDAY,0,0.3896,0.0000,0.1206,0.0000,0.0447,0.4962,0.1107,0.0175,0.0172,0.0063
2,HOLIDAY,1,0.4781,0.0000,0.1226,0.0000,0.0427,0.4962,0.1107,0.0165,0.0142,0.0017
2,HOLIDAY,2,0.6642,0.0000,0.1255,0.0000,0.0419,0.4962,0.1107,0.0157,0.0119,0.0000
2,HOLIDAY,3,0.7275,0.0000,0.1259,0.0000,0.0419,0.4962,0.1107,0.0157,0.0119,0.0000
2,HOLIDAY,4,0.8079,0.0000,0.1272,0.0029,0.0444,0.4962,0.1993,0.0168,0.0246,0.0031
2,HOLIDAY,5,0.8127,0.0000,0.1262,0.0157,0.0476,0.4962,0.2657,0.0216,0.0314,0.0187
2,HOLIDAY,6,0.7403,0.0000,0.1256,0.0233,0.0496,0.4962,0.4428,0.0261,0.0486,0.0285
2,HOLIDAY,7,0.6593,0.0000,0.1232,0.0291,0.0511,0.0000,0.4650,0.0290,0.0508,0.0316
2,HOLIDAY,8,0.5382,0.0000,0.0927,0.0262,0.0524,0.0000,0.3321,0.0305,0.0524,0.0315
2,HOLIDAY,9,0.2095,0.0000,0.0807,0.0241,0.0536,0.0000,0.2657,0.0304,0.0647,0.0296
2,HOLIDAY,10,0.0418,0.0000,0.0730,0.0257,0.0539,0.0000,0.2435,0.0290,0.0658,0.0278
2,HOLIDAY,11,0.0201,0.0000,0.0680,0.0287,0.0539,0.0000,0.2214,0.0285,0.0546,0.0272
2,HOLIDAY,12,0.0134,0.0000,0.0644,0.0312,0.0539,0.0000,0.2214,0.0279,0.0307,0.0272
2,HOLIDAY,13,0.0000,0.0000,0.0630,0.0296,0.0539,0.0000,0.2214,0.0284,0.0311,0.0271
2,HOLIDAY,14,0.0000,0.0000,0.0641,0.0277,0.0539,0.0000,0.2214,0.0301,0.0315,0.0278
2,HOLIDAY,15,0.0000,0.0000,0.0800,0.0273,0.0539,0.0000,0.2214,0.0305,0.0457,0.0286
2,HOLIDAY,16,0.0148,0.0000,0.1060,0.0296,0.0539,0.0000,0.3321,0.0301,0.0479,0.0274
2,HOLIDAY,17,0.0186,0.0000,0.1077,0.0320,0.0536,0.0000,0.3321,0.0290,0.0618,0.0255
2,HOLIDAY,18,0.0373,0.0000,0.1087,0.0309,0.0529,0.4962,0.3985,0.0277,0.0621,0.0375
2,HOLIDAY,19,0.1244,0.0000,0.1102,0.0293,0.0524,0.4962,0.3985,0.0268,0.0621,0.0399
2,HOLIDAY,20,0.1718,0.0000,0.1124,0.0257,0.0514,0.4962,0.3764,0.0252,0.0449,0.0411
2,HOLIDAY,21,0.2340,0.0000,0.1142,0.0214,0.0497,0.4962,0.3543,0.0244,0.0389,0.0369
2,HOLIDAY,22,0.3286,0.0000,0.1174,0.0157,0.0477,0.4962,0.3321,0.0229,0.0232,0.0196
2,HOLIDAY,23,0.4297,0.0000,0.1188,0.0000,0.0463,0.4962,0.2214,0.0194,0.0210,0.0094
3,WEEKDAY,0,0.0456,0.0000,0.1073,0.0000,0.0447,0.4962,0.1107,0.0175,0.0172,0.0063
3,WEEKDAY,1,0.0618,0.0000,0.1101,0.0000,0.0427,0.4962,0.1107,0.0165,0.0142,0.0017
3,WEEKDAY,2,0.0865,0.0000,0.1133,0.0000,0.0419,0.4962,0.1107,0.0157,0.0119,0.0000
3,WEEKDAY,3,0.1237,0.0000,0.1148,0.0000,0.0419,0.4962,0.1107,0.0157,0.0119,0.0000
3,WEEKDAY,4,0.1472,0.0000,0.1158,0.0029,0.0444,0.4962,0.1993,0.0168,0.0246,0.0031
3,WEEKDAY,5,0.1765,0.0000,0.1155,0.0157,0.0476,0.4962,0.2657,0.0216,0.0314,0.0187
3,WEEKDAY,6,0.1512,0.0000,0.1001,0.0233,0.0496,0.0000,0.4428,0.0261,0.0486,0.0285
3,WEEKDAY,7,0.0534,0.0000,0.0713,0.0291,0.0511,0.0000,0.4650,0.0290,0.0508,0.0316
3,WEEKDAY,8,0.0157,0.0000,0.0655,0.0262,0.0524,0.0000,0.3321,0.0305,0.0524,0.0315
3,WEEKDAY,9,0.0016,0.0001,0.0622,0.0241,0.0536,0.0000,0.2657,0.0304,0.0647,0.0296
3,WEEKDAY,10,0.0007,0.0005,0.0616,0.0257,0.0539,0.0000,0.2435,0.0290,0.0658,0.0278
3,WEEKDAY,11,0.0000,0.0298,0.0606,0.0287,0.0539,0.0000,0.2214,0.0285,0.0546,0.0272
3,WEEKDAY,12,0.0000,0.0898,0.0604,0.0312,0.0539,0.0000,0.2214,0.0279,0.0307,0.0272
3,WEEKDAY,13,0.0000,0.1084,0.0623,0.0296,0.0539,0.0000,0.2214,0.0284,0.0311,0.0271
3,WEEKDAY,14,0.0000,0.1119,0.0649,0.0277,0.0539,0.0000,0.2214,0.0301,0.0315,0.0278
3,WEEKDAY,15,0.0000,0.0755,0.0703,0.0273,0.0539,0.0000,0.2214,0.0305,0.0457,0.0286
3,WEEKDAY,16,0.0006,0.0394,0.0760,0.0296,0.0539,0.0000,0.3321,0.0301,0.0479,0.0274
3,WEEKDAY,17,0.0007,0.0098,0.1020,0.0320,0.0536,0.0000,0.3321,0.0290,0.0618,0.0255
3,WEEKDAY,18,0.0021,0.0020,0.1038,0.0309,0.0529,0.4962,0.3985,0.0277,0.0621,0.0375
3,WEEKDAY,19,0.0056,0.0007,0.1036,0.0293,0.0524,0.4962,0.3985,0.0268,0.0621,0.0399
3,WEEKDAY,20,0.0106,0.0002,0.1040,0.0257,0.0514,0.4962,0.3764,0.0252,0.0449,0.0411
3,WEEKDAY,21,0.0166,0.0000,0.1047,0.0214,0.0497,0.4962,0.3543,0.0244,0.0389,0.0369
3,WEEKDAY,22,0.0242,0.0000,0.1058,0.0157,0.0477,0.4962,0.3321,0.0229,0.0232,0.0196
3,WEEKDAY,23,0.0362,0.0000,0.1073,0.0000,0.0463,0.4962,0.2214,0.0194,0.0210,0.0094
3,SATURDAY,0,0.0762,0.0000,0.1085,0.0000,0.0447,0.4962,0.1107,0.0175,0.0172,0.0063
3,SATURDAY,1,0.0922,0.0000,0.1104,0.0000,0.0427,0.4962,0.1107,0.0165,0.0142,0.0017
3,SATURDAY,2,0.1184,0.0000,0.1135,0.0000,0.0419,0.4962,0.1107,0.0157,0.0119,0.0000
3,SATURDAY,3,0.1393,0.0000,0.1154,0.0000,0.0419,0.4962,0.1107,0.0157,0.0119,0.0000
3,SATURDAY,4,0.1529,0.0000,0.1159,0.0029,0.0444,0.4962,0.1993,0.0168,0.0246,0.0031
3,SATURDAY,5,0.1724,0.0000,0.1165,0.0157,0.0476,0.4962,0.2657,0.0216,0.0314,0.0187
3,SATURDAY,6,0.1660,0.0000,0.1036,0.0233,0.0496,0.0000,0.4428,0.0261,0.0486,0.0285
3,SATURDAY,7,0.0834,0.0000,0.0762,0.0291,0.0511,0.0000,0.4650,0.0290,0.0508,0.0316
3,SATURDAY,8,0.0267,0.0000,0.0671,0.0262,0.0524,0.0000,0.3321,0.0305,0.0524,0.0315
3,SATURDAY,9,0.0091,0.0000,0.0629,0.0241,0.0536,0.0000,0.2657,0.0304,0.0647,0.0296
3,SATURDAY,10,0.0000,0.0005,0.0616,0.0257,0.0539,0.0000,0.2435,0.0290,0.0658,0.0278
3,SATURDAY,11,0.0000,0.0586,0.0612,0.0287,0.0539,0.0000,0.2214,0.0285,0.0546,0.0272
3,SATURDAY,12,0.0000,0.0988,0.0626,0.0312,0.0539,0.0000,0.2214,0.0279,0.0307,0.0272
3,SATURDAY,13,0.0000,0.1143,0.0609,0.0296,0.0539,0.0000,0.2214,0.0284,0.0311,0.0271
3,SATURDAY,14,0.0000,0.1096,0.0653,0.0277,0.0539,0.0000,0.2214,0.0301,0.0315,0.0278
3,SATURDAY,15,0.0000,0.0897,0.0687,0.0273,0.0539,0.0000,0.2214,0.0305,0.0457,0.0286
3,SATURDAY,16,0.0000,0.0499,0.0722,0.0296,0.0539,0.0000,0.3321,0.0301,0.0479,0.0274
3,SATURDAY,17,0.0052,0.0066,0.1004,0.0320,0.0536,0.0000,0.3321,0.0290,0.0618,0.0255
3,SATURDAY,18,0.0064,0.0038,0.1045,0.0309,0.0529,0.4962,0.3985,0.0277,0.0621,0.0375
3,SATURDAY,19,0.0100,0.0018,0.1044,0.0293,0.0524,0.4962,0.3985,0.0268,0.0621,0.0399
3,SATURDAY,20,0.0117,0.0002,0.1050,0.0257,0.0514,0.4962,0.3764,0.0252,0.0449,0.0411
3,SATURDAY,21,0.0215,0.0000,0.1062,0.0214,0.0497,0.4962,0.3543,0.0244,0.0389,0.0369
3,SATURDAY,22,0.0282,0.0000,0.1081,0.0157,0.0477,0.4962,0.3321,0.0229,0.0232,0.0196
3,SATURDAY,23,0.0332,0.0000,0.1094,0.0000,0.0463,0.4962,0.2214,0.0194,0.0210,0.0094
3,SUNDAY,0,0.0632,0.0000,0.1056,0.0000,0.0447,0.4962,0.1107,0.0175,0.0172,0.0063
3,SUNDAY,1,0.0947,0.0000,0.1118,0.0000,0.0427,0.4962,0.1107,0.0165,0.0142,0.0017
3,SUNDAY,2,0.1465,0.0000,0.1134,0.0000,0.0419,0.4962,0.1107,0.0157,0.0119,0.0000
3,SUNDAY,3,0.2213,0.0000,0.1146,0.0000,0.0419,0.4962,0.1107,0.0157,0.0119,0.0000
3,SUNDAY,4,0.2518,0.0000,0.1152,0.0029,0.0444,0.4962,0.1993,0.0168,0.0246,0.0031
3,SUNDAY,5,0.2732,0.0000,0.1152,0.0157,0.0476,0.4962,0.2657,0.0216,0.0314,0.0187
3,SUNDAY,6,0.2410,0.0000,0.1017,0.0233,0.0496,0.0000,0.4428,0.0261,0.0486,0.0285
3,SUNDAY,7,0.1388,0.0000,0.0768,0.0291,0.0511,0.0000,0.4650,0.0290,0.0508,0.0316
3,SUNDAY,8,0.0263,0.0000,0.0676,0.0262,0.0524,0.0000,0.3321,0.0305,0.0524,0.0315
3,SUNDAY,9,0.0059,0.0000,0.0637,0.0241,0.0536,0.0000,0.2657,0.0304,0.0647,0.0296
3,SUNDAY,10,0.0027,0.0007,0.0620,0.0257,0.0539,0.0000,0.2435,0.0290,0.0658,0.0278
3,SUNDAY,11,0.0029,0.0564,0.0630,0.0287,0.0539,0.0000,0.2214,0.0285,0.0546,0.0272
3,SUNDAY,12,0.0000,0.0964,0.0615,0.0312,0.0539,0.0000,0.2214,0.0279,0.0307,0.0272
3,SUNDAY,13,0.0000,0.1328,0.0639,0.0296,0.0539,0.0000,0.2214,0.0284,0.0311,0.0271
3,SUNDAY,14,0.0000,0.1275,0.0683,0.0277,0.0539,0.0000,0.2214,0.0301,0.0315,0.0278
3,SUNDAY,15,0.0025,0.1018,0.0719,0.0273,0.0539,0.0000,0.2214,0.0305,0.0457,0.0286
3,SUNDAY,16,0.0031,0.0484,0.0799,0.0296,0.0539,0.0000,0.3321,0.0301,0.0479,0.0274
3,SUNDAY,17,0.0032,0.0076,0.0966,0.0320,0.0536,0.0000,0.3321,0.0290,0.0618,0.0255
3,SUNDAY,18,0.0041,0.0038,0.1048,0.0309,0.0529,0.4962,0.3985,0.0277,0.0621,0.0375
3,SUNDAY,19,0.0128,0.0015,0.1047,0.0293,0.0524,0.4962,0.3985,0.0268,0.0621,0.0399
3,SUNDAY,20,0.0312,0.0001,0.1055,0.0257,0.0514,0.4962,0.3764,0.0252,0.0449,0.0411
3,SUNDAY,21,0.0329,0.0000,0.1065,0.0214,0.0497,0.4962,0.3543,0.0244,0.0389,0.0369
3,SUNDAY,22,0.0464,0.0000,0.1077,0.0157,0.0477,0.4962,0.3321,0.0229,0.0232,0.0196
3,SUNDAY,23,0.0574,0.0000,0.1087,0.0000,0.0463,0.4962,0.2214,0.0194,0.0210,0.0094
3,HOLIDAY,0,0.0000,0.0000,0.0000,0.0000,0.0000,0.0000,0.0000,0.0000,0.0000,0.0000
3,HOLIDAY,1,0.0000,0.0000,0.0000,0.0000,0.0000,0.0000,0.0000,0.0000,0.0000,0.0000
3,HOLIDAY,2,0.0000,0.0000,0.0000,0.0000,0.0000,0.0000,0.0000,0.0000,0.0000,0.0000
3,HOLIDAY,3,0.0000,0.0000,0.0000,0.0000,0.0000,0.0000,0.0000,0.0000,0.0000,0.0000
3,HOLIDAY,4,0.0000,0.0000,0.0000,0.0000,0.0000,0.0000,0.0000,0.0000,0.0000,0.0000
3,HOLIDAY,5,0.0000,0.0000,0.0000,0.0000,0.0000,0.0000,0.0000,0.0000,0.0000,0.0000
3,HOLIDAY,6,0.0000,0.0000,0.0000,0.0000,0.0000,0.0000,0.0000,0.0000,0.0000,0.0000
3,HOLIDAY,7,0.0000,0.0000,0.0000,0.0000,0.0000,0.0000,0.0000,0.0000,0.0000,0.0000
3,HOLIDAY,8,0.0000,0.0000,0.0000,0.0000,0.0000,0.0000,0.0000,0.0000,0.0000,0.0000
3,HOLIDAY,9,0.0000,0.0000,0.0000,0.0000,0.0000,0.0000,0.0000,0.0000,0.0000,0.0000
3,HOLIDAY,10,0.0000,0.0000,0.0000,0.0000,0.0000,0.0000,0.0000,0.0000,0.0000,0.0000
3,HOLIDAY,11,0.0000,0.0000,0.0000,0.0000,0.0000,0.0000,0.0000,0.0000,0.0000,0.0000
3,HOLIDAY,12,0.0000,0.0000,0.0000,0.0000,0.0000,0.0000,0.0000,0.0000,0.0000,0.0000
3,HOLIDAY,13,0.0000,0.0000,0.0000,0.0000,0.0000,0.0000,0.0000,0.0000,0.0000,0.0000
3,HOLIDAY,14,0.0000,0.0000,0.0000,0.0000,0.0000,0.0000,0.0000,0.0000,0.0000,0.0000
3,HOLIDAY,15,0.0000,0.0000,0.0000,0.0000,0.0000,0.0000,0.0000,0.0000,0.0000,0.0000
3,HOLIDAY,16,0.0000,0.0000,0.0000,0.0000,0.0000,0.0000,0.0000,0.0000,0.0000,0.0000
3,HOLIDAY,17,0.0000,0.0000,0.0000,0.0000,0.0000,0.0000,0.0000,0.0000,0.0000,0.0000
3,HOLIDAY,18,0.0000,0.0000,0.0000,0.0000,0.0000,0.0000,0.0000,0.0000,0.0000,0.0000
3,HOLIDAY,19,0.0000,0.0000,0.0000,0.0000,0.0000,0.0000,0.0000,0.0000,0.0000,0.0000
3,HOLIDAY,20,0.0000,0.0000,0.0000,0.0000,0.0000,0.0000,0.0000,0.0000,0.0000,0.0000
3,HOLIDAY,21,0.0000,0.0000,0.0000,0.0000,0.0000,0.0000,0.0000,0.0000,0.0000,0.0000
3,HOLIDAY,22,0.0000,0.0000,0.0000,0.0000,0.0000,0.0000,0.0000,0.0000,0.0000,0.0000
3,HOLIDAY,23,0.0000,0.0000,0.0000,0.0000,0.0000,0.0000,0.0000,0.0000,0.0000,0.0000
4,WEEKDAY,0,0.0172,0.0000,0.1024,0.0000,0.0432,0.4962,0.1107,0.0167,0.0149,0.0027
4,WEEKDAY,1,0.0291,0.0000,0.1068,0.0000,0.0420,0.4962,0.1107,0.0158,0.0125,0.0004
4,WEEKDAY,2,0.0395,0.0000,0.1080,0.0000,0.0419,0.4962,0.1107,0.0157,0.0119,0.0000
4,WEEKDAY,3,0.0523,0.0000,0.1087,0.0023,0.0438,0.4962,0.1791,0.0165,0.0218,0.0024
4,WEEKDAY,4,0.0651,0.0000,0.1091,0.0128,0.0468,0.4962,0.2506,0.0205,0.0299,0.0151
4,WEEKDAY,5,0.0593,0.0000,0.1031,0.0216,0.0492,0.4962,0.4026,0.0250,0.0447,0.0263
4,WEEKDAY,6,0.0248,0.0000,0.0709,0.0278,0.0507,0.1128,0.4599,0.0284,0.0503,0.0309
4,WEEKDAY,7,0.0030,0.0001,0.0625,0.0269,0.0521,0.0000,0.3623,0.0302,0.0520,0.0315
4,WEEKDAY,8,0.0001,0.0006,0.0623,0.0246,0.0533,0.0000,0.2808,0.0304,0.0619,0.0300
4,WEEKDAY,9,0.0000,0.0022,0.0612,0.0254,0.0538,0.0000,0.2486,0.0293,0.0655,0.0282
4,WEEKDAY,10,0.0000,0.0178,0.0613,0.0280,0.0539,0.0000,0.2264,0.0286,0.0571,0.0273
4,WEEKDAY,11,0.0000,0.0483,0.0623,0.0306,0.0539,0.0000,0.2214,0.0281,0.0362,0.0272
4,WEEKDAY,12,0.0000,0.0961,0.0644,0.0299,0.0539,0.0000,0.2214,0.0283,0.0310,0.0271
4,WEEKDAY,13,0.0000,0.1164,0.0645,0.0281,0.0539,0.0000,0.2214,0.0297,0.0314,0.0276
4,WEEKDAY,14,0.0000,0.1246,0.0713,0.0274,0.0539,0.0000,0.2214,0.0304,0.0425,0.0284
4,WEEKDAY,15,0.0000,0.1125,0.0742,0.0291,0.0539,0.0000,0.3069,0.0302,0.0474,0.0277
4,WEEKDAY,16,0.0000,0.1037,0.0813,0.0315,0.0536,0.0000,0.3321,0.0293,0.0586,0.0259
4,WEEKDAY,17,0.0000,0.0844,0.0934,0.0311,0.0530,0.0000,0.3834,0.0280,0.0620,0.0348
4,WEEKDAY,18,0.0006,0.0281,0.1042,0.0297,0.0525,0.0000,0.3985,0.0270,0.0621,0.0394
4,WEEKDAY,19,0.0025,0.0143,0.1034,0.0266,0.0516,0.3835,0.3814,0.0256,0.0488,0.0408
4,WEEKDAY,20,0.0042,0.0026,0.1040,0.0224,0.0501,0.4962,0.3593,0.0246,0.0403,0.0379
4,WEEKDAY,21,0.0073,0.0008,0.1041,0.0170,0.0481,0.4962,0.3372,0.0233,0.0268,0.0236
4,WEEKDAY,22,0.0126,0.0000,0.1047,0.0036,0.0466,0.4962,0.2466,0.0202,0.0215,0.0118
4,WEEKDAY,23,0.0170,0.0000,0.1054,0.0000,0.0450,0.4962,0.1359,0.0179,0.0181,0.0070
4,SATURDAY,0,0.0158,0.0000,0.1037,0.0000,0.0432,0.4962,0.1107,0.0167,0.0150,0.0028
4,SATURDAY,1,0.0212,0.0000,0.1068,0.0000,0.0421,0.4962,0.1107,0.0159,0.0125,0.0004
4,SATURDAY,2,0.0259,0.0000,0.1080,0.0000,0.0419,0.4962,0.1107,0.0157,0.0119,0.0000
4,SATURDAY,3,0.0279,0.0000,0.1090,0.0022,0.0438,0.4962,0.1771,0.0165,0.0215,0.0023
4,SATURDAY,4,0.0288,0.0000,0.1093,0.0125,0.0468,0.4962,0.2491,0.0204,0.0297,0.0148
4,SATURDAY,5,0.0293,0.0000,0.0981,0.0214,0.0491,0.4962,0.3985,0.0249,0.0443,0.0260
4,SATURDAY,6,0.0072,0.0000,0.0623,0.0277,0.0507,0.1241,0.4594,0.0283,0.0503,0.0308
4,SATURDAY,7,0.0000,0.0000,0.0613,0.0269,0.0520,0.0000,0.3653,0.0301,0.0520,0.0315
4,SATURDAY,8,0.0000,0.0005,0.0612,0.0246,0.0533,0.0000,0.2823,0.0304,0.0616,0.0300
4,SATURDAY,9,0.0000,0.0029,0.0609,0.0253,0.0538,0.0000,0.2491,0.0294,0.0655,0.0283
4,SATURDAY,10,0.0000,0.0068,0.0616,0.0280,0.0539,0.0000,0.2269,0.0286,0.0574,0.0274
4,SATURDAY,11,0.0000,0.0569,0.0626,0.0305,0.0539,0.0000,0.2214,0.0281,0.0367,0.0272
4,SATURDAY,12,0.0000,0.1083,0.0638,0.0300,0.0539,0.0000,0.2214,0.0283,0.0310,0.0271
4,SATURDAY,13,0.0000,0.1703,0.0677,0.0281,0.0539,0.0000,0.2214,0.0297,0.0314,0.0276
4,SATURDAY,14,0.0000,0.1726,0.0737,0.0274,0.0539,0.0000,0.2214,0.0304,0.0421,0.0284
4,SATURDAY,15,0.0000,0.1692,0.0763,0.0290,0.0539,0.0000,0.3044,0.0302,0.0474,0.0277
4,SATURDAY,16,0.0000,0.1342,0.0792,0.0314,0.0537,0.0000,0.3321,0.0293,0.0583,0.0260
4,SATURDAY,17,0.0000,0.0949,0.0975,0.0312,0.0530,0.0000,0.3819,0.0280,0.0620,0.0345
4,SATURDAY,18,0.0000,0.0452,0.1040,0.0297,0.0525,0.0000,0.3985,0.0270,0.0621,0.0393
4,SATURDAY,19,0.0000,0.0290,0.1020,0.0266,0.0516,0.3722,0.3819,0.0256,0.0492,0.0408
4,SATURDAY,20,0.0000,0.0043,0.1039,0.0225,0.0501,0.4962,0.3598,0.0246,0.0404,0.0380
4,SATURDAY,21,0.0000,0.0014,0.1037,0.0171,0.0482,0.4962,0.3377,0.0233,0.0271,0.0240
4,SATURDAY,22,0.0068,0.0004,0.1041,0.0039,0.0467,0.4962,0.2491,0.0203,0.0215,0.0120
4,SATURDAY,23,0.0077,0.0000,0.1046,0.0000,0.0451,0.4962,0.1384,0.0180,0.0181,0.0071
4,SUNDAY,0,0.0115,0.0000,0.1052,0.0000,0.0427,0.4962,0.1107,0.0165,0.0142,0.0017
4,SUNDAY,1,0.0173,0.0000,0.1065,0.0000,0.0419,0.4962,0.1107,0.0157,0.0119,0.0000
4,SUNDAY,2,0.0251,0.0000,0.1075,0.0000,0.0419,0.4962,0.1107,0.0157,0.0119,0.0000
4,SUNDAY,3,0.0274,0.0000,0.1075,0.0029,0.0444,0.4962,0.1993,0.0168,0.0246,0.0031
4,SUNDAY,4,0.0418,0.0000,0.1085,0.0157,0.0476,0.4962,0.2657,0.0216,0.0314,0.0187
4,SUNDAY,5,0.0327,0.0000,0.1031,0.0233,0.0496,0.4962,0.4428,0.0261,0.0486,0.0285
4,SUNDAY,6,0.0037,0.0000,0.0649,0.0291,0.0511,0.0000,0.4650,0.0290,0.0508,0.0316
4,SUNDAY,7,0.0000,0.0000,0.0612,0.0262,0.0524,0.0000,0.3321,0.0305,0.0524,0.0315
4,SUNDAY,8,0.0000,0.0004,0.0612,0.0241,0.0536,0.0000,0.2657,0.0304,0.0647,0.0296
4,SUNDAY,9,0.0000,0.0031,0.0610,0.0257,0.0539,0.0000,0.2435,0.0290,0.0658,0.0278
4,SUNDAY,10,0.0000,0.0068,0.0615,0.0287,0.0539,0.0000,0.2214,0.0285,0.0546,0.0272
4,SUNDAY,11,0.0000,0.0714,0.0627,0.0312,0.0539,0.0000,0.2214,0.0279,0.0307,0.0272
4,SUNDAY,12,0.0000,0.1297,0.0640,0.0296,0.0539,0.0000,0.2214,0.0284,0.0311,0.0271
4,SUNDAY,13,0.0000,0.1602,0.0660,0.0277,0.0539,0.0000,0.2214,0.0301,0.0315,0.0278
4,SUNDAY,14,0.0000,0.1806,0.0705,0.0273,0.0539,0.0000,0.2214,0.0305,0.0457,0.0286
4,SUNDAY,15,0.0000,0.1554,0.0698,0.0296,0.0539,0.0000,0.3321,0.0301,0.0479,0.0274
4,SUNDAY,16,0.0000,0.1598,0.0801,0.0320,0.0536,0.0000,0.3321,0.0290,0.0618,0.0255
4,SUNDAY,17,0.0000,0.1021,0.0935,0.0309,0.0529,0.0000,0.3985,0.0277,0.0621,0.0375
4,SUNDAY,18,0.0000,0.0369,0.1036,0.0293,0.0524,0.0000,0.3985,0.0268,0.0621,0.0399
4,SUNDAY,19,0.0000,0.0067,0.1043,0.0257,0.0514,0.4962,0.3764,0.0252,0.0449,0.0411
4,SUNDAY,20,0.0000,0.0022,0.1034,0.0214,0.0497,0.4962,0.3543,0.0244,0.0389,0.0369
4,SUNDAY,21,0.0033,0.0000,0.1032,0.0157,0.0477,0.4962,0.3321,0.0229,0.0232,0.0196
4,SUNDAY,22,0.0038,0.0000,0.1037,0.0000,0.0463,0.4962,0.2214,0.0194,0.0210,0.0094
4,SUNDAY,23,0.0076,0.0000,0.1045,0.0000,0.0447,0.4962,0.1107,0.0175,0.0172,0.0063
4,HOLIDAY,0,0.0000,0.0000,0.0000,0.0000,0.0000,0.0000,0.0000,0.0000,0.0000,0.0000
4,HOLIDAY,1,0.0000,0.0000,0.0000,0.0000,0.0000,0.0000,0.0000,0.0000,0.0000,0.0000
4,HOLIDAY,2,0.0000,0.0000,0.0000,0.0000,0.0000,0.0000,0.0000,0.0000,0.0000,0.0000
4,HOLIDAY,3,0.0000,0.0000,0.0000,0.0000,0.0000,0.0000,0.0000,0.0000,0.0000,0.0000
4,HOLIDAY,4,0.0000,0.0000,0.0000,0.0000,0.0000,0.0000,0.0000,0.0000,0.0000,0.0000
4,HOLIDAY,5,0.0000,0.0000,0.0000,0.0000,0.0000,0.0000,0.0000,0.0000,0.0000,0.0000
4,HOLIDAY,6,0.0000,0.0000,0.0000,0.0000,0.0000,0.0000,0.0000,0.0000,0.0000,0.0000
4,HOLIDAY,7,0.0000,0.0000,0.0000,0.0000,0.0000,0.0000,0.0000,0.0000,0.0000,0.0000
4,HOLIDAY,8,0.0000,0.0000,0.0000,0.0000,0.0000,0.0000,0.0000,0.0000,0.0000,0.0000
4,HOLIDAY,9,0.0000,0.0000,0.0000,0.0000,0.0000,0.0000,0.0000,0.0000,0.0000,0.0000
4,HOLIDAY,10,0.0000,0.0000,0.0000,0.0000,0.0000,0.0000,0.0000,0.0000,0.0000,0.0000
4,HOLIDAY,11,0.0000,0.0000,0.0000,0.0000,0.0000,0.0000,0.0000,0.0000,0.0000,0.0000
4,HOLIDAY,12,0.0000,0.0000,0.0000,0.0000,0.0000,0.0000,0.0000,0.0000,0.0000,0.0000
4,HOLIDAY,13,0.0000,0.0000,0.0000,0.0000,0.0000,0.0000,0.0000,0.0000,0.0000,0.0000
4,HOLIDAY,14,0.0000,0.0000,0.0000,0.0000,0.0000,0.0000,0.0000,0.0000,0.0000,0.0000
4,HOLIDAY,15,0.0000,0.0000,0.0000,0.0000,0.0000,0.0000,0.0000,0.0000,0.0000,0.0000
4,HOLIDAY,16,0.0000,0.0000,0.0000,0.0000,0.0000,0.0000,0.0000,0.0000,0.0000,0.0000
4,HOLIDAY,17,0.0000,0.0000,0.0000,0.0000,0.0000,0.0000,0.0000,0.0000,0.0000,0.0000
4,HOLIDAY,18,0.0000,0.0000,0.0000,0.0000,0.0000,0.0000,0.0000,0.0000,0.0000,0.0000
4,HOLIDAY,19,0.0000,0.0000,0.0000,0.0000,0.0000,0.0000,0.0000,0.0000,0.0000,0.0000
4,HOLIDAY,20,0.0000,0.0000,0.0000,0.0000,0.0000,0.0000,0.0000,0.0000,0.0000,0.0000
4,HOLIDAY,21,0.0000,0.0000,0.0000,0.0000,0.0000,0.0000,0.0000,0.0000,0.0000,0.0000
4,HOLIDAY,22,0.0000,0.0000,0.0000,0.0000,0.0000,0.0000,0.0000,0.0000,0.0000,0.0000
4,HOLIDAY,23,0.0000,0.0000,0.0000,0.0000,0.0000,0.0000,0.0000,0.0000,0.0000,0.0000
5,WEEKDAY,0,0.0026,0.0002,0.0985,0.0000,0.0427,0.4962,0.1107,0.0165,0.0142,0.0017
5,WEEKDAY,1,0.0044,0.0000,0.1021,0.0000,0.0419,0.4962,0.1107,0.0157,0.0119,0.0000
5,WEEKDAY,2,0.0060,0.0000,0.1041,0.0000,0.0419,0.4962,0.1107,0.0157,0.0119,0.0000
5,WEEKDAY,3,0.0072,0.0000,0.1043,0.0029,0.0444,0.4962,0.1993,0.0168,0.0246,0.0031
5,WEEKDAY,4,0.0085,0.0000,0.1043,0.0157,0.0476,0.4962,0.2657,0.0216,0.0314,0.0187
5,WEEKDAY,5,0.0050,0.0000,0.0859,0.0233,0.0496,0.0000,0.4428,0.0261,0.0486,0.0285
5,WEEKDAY,6,0.0000,0.0024,0.0605,0.0291,0.0511,0.0000,0.4650,0.0290,0.0508,0.0316
5,WEEKDAY,7,0.0000,0.0048,0.0610,0.0262,0.0524,0.0000,0.3321,0.0305,0.0524,0.0315
5,WEEKDAY,8,0.0000,0.0089,0.0621,0.0241,0.0536,0.0000,0.2657,0.0304,0.0647,0.0296
5,WEEKDAY,9,0.0000,0.0207,0.0638,0.0257,0.0539,0.0000,0.2435,0.0290,0.0658,0.0278
5,WEEKDAY,10,0.0000,0.0577,0.0655,0.0287,0.0539,0.0000,0.2214,0.0285,0.0546,0.0272
5,WEEKDAY,11,0.0000,0.1286,0.0677,0.0312,0.0539,0.0000,0.2214,0.0279,0.0307,0.0272
5,WEEKDAY,12,0.0000,0.2148,0.0712,0.0296,0.0539,0.0000,0.2214,0.0284,0.0311,0.0271
5,WEEKDAY,13,0.0000,0.2874,0.0721,0.0277,0.0539,0.0000,0.2214,0.0301,0.0315,0.0278
5,WEEKDAY,14,0.0000,0.3329,0.0766,0.0273,0.0539,0.0000,0.2214,0.0305,0.0457,0.0286
5,WEEKDAY,15,0.0000,0.3550,0.0813,0.0296,0.0539,0.0000,0.3321,0.0301,0.0479,0.0274
5,WEEKDAY,16,0.0000,0.3672,0.0832,0.0320,0.0536,0.0000,0.3321,0.0290,0.0618,0.0255
5,WEEKDAY,17,0.0000,0.3559,0.0908,0.0309,0.0529,0.0000,0.3985,0.0277,0.0621,0.0375
5,WEEKDAY,18,0.0000,0.2083,0.1002,0.0293,0.0524,0.0000,0.3985,0.0268,0.0621,0.0399
5,WEEKDAY,19,0.0000,0.0932,0.1024,0.0257,0.0514,0.4962,0.3764,0.0252,0.0449,0.0411
5,WEEKDAY,20,0.0000,0.0406,0.1040,0.0214,0.0497,0.4962,0.3543,0.0244,0.0389,0.0369
5,WEEKDAY,21,0.0000,0.0140,0.1040,0.0157,0.0477,0.4962,0.3321,0.0229,0.0232,0.0196
5,WEEKDAY,22,0.0006,0.0048,0.1037,0.0000,0.0463,0.4962,0.2214,0.0194,0.0210,0.0094
5,WEEKDAY,23,0.0013,0.0017,0.1034,0.0000,0.0447,0.4962,0.1107,0.0175,0.0172,0.0063
5,SATURDAY,0,0.0000,0.0000,0.0984,0.0000,0.0427,0.4962,0.1107,0.0165,0.0142,0.0017
5,SATURDAY,1,0.0031,0.0000,0.1013,0.0000,0.0419,0.4962,0.1107,0.0157,0.0119,0.0000
5,SATURDAY,2,0.0034,0.0000,0.1033,0.0000,0.0419,0.4962,0.1107,0.0157,0.0119,0.0000
5,SATURDAY,3,0.0034,0.0000,0.1035,0.0029,0.0444,0.4962,0.1993,0.0168,0.0246,0.0031
5,SATURDAY,4,0.0067,0.0000,0.1035,0.0157,0.0476,0.4962,0.2657,0.0216,0.0314,0.0187
5,SATURDAY,5,0.0032,0.0000,0.0901,0.0233,0.0496,0.0000,0.4428,0.0261,0.0486,0.0285
5,SATURDAY,6,0.0000,0.0003,0.0593,0.0291,0.0511,0.0000,0.4650,0.0290,0.0508,0.0316
5,SATURDAY,7,0.0000,0.0021,0.0595,0.0262,0.0524,0.0000,0.3321,0.0305,0.0524,0.0315
5,SATURDAY,8,0.0000,0.0047,0.0605,0.0241,0.0536,0.0000,0.2657,0.0304,0.0647,0.0296
5,SATURDAY,9,0.0000,0.0117,0.0629,0.0257,0.0539,0.0000,0.2435,0.0290,0.0658,0.0278
5,SATURDAY,10,0.0000,0.0193,0.0650,0.0287,0.0539,0.0000,0.2214,0.0285,0.0546,0.0272
5,SATURDAY,11,0.0000,0.0855,0.0669,0.0312,0.0539,0.0000,0.2214,0.0279,0.0307,0.0272
5,SATURDAY,12,0.0000,0.1646,0.0690,0.0296,0.0539,0.0000,0.2214,0.0284,0.0311,0.0271
5,SATURDAY,13,0.0000,0.2476,0.0713,0.0277,0.0539,0.0000,0.2214,0.0301,0.0315,0.0278
5,SATURDAY,14,0.0000,0.3055,0.0751,0.0273,0.0539,0.0000,0.2214,0.0305,0.0457,0.0286
5,SATURDAY,15,0.0000,0.3440,0.0773,0.0296,0.0539,0.0000,0.3321,0.0301,0.0479,0.0274
5,SATURDAY,16,0.0000,0.3363,0.0859,0.0320,0.0536,0.0000,0.3321,0.0290,0.0618,0.0255
5,SATURDAY,17,0.0000,0.3313,0.0920,0.0309,0.0529,0.0000,0.3985,0.0277,0.0621,0.0375
5,SATURDAY,18,0.0000,0.1430,0.1034,0.0293,0.0524,0.0000,0.3985,0.0268,0.0621,0.0399
5,SATURDAY,19,0.0000,0.0526,0.1051,0.0257,0.0514,0.4962,0.3764,0.0252,0.0449,0.0411
5,SATURDAY,20,0.0000,0.0152,0.1053,0.0214,0.0497,0.4962,0.3543,0.0244,0.0389,0.0369
5,SATURDAY,21,0.0000,0.0056,0.1037,0.0157,0.0477,0.4962,0.3321,0.0229,0.0232,0.0196
5,SATURDAY,22,0.0000,0.0019,0.1032,0.0000,0.0463,0.4962,0.2214,0.0194,0.0210,0.0094
5,SATURDAY,23,0.0000,0.0001,0.1030,0.0000,0.0447,0.4962,0.1107,0.0175,0.0172,0.0063
5,SUNDAY,0,0.0000,0.0000,0.1030,0.0000,0.0427,0.4962,0.1107,0.0165,0.0142,0.0017
5,SUNDAY,1,0.0000,0.0000,0.1030,0.0000,0.0419,0.4962,0.1107,0.0157,0.0119,0.0000
5,SUNDAY,2,0.0000,0.0000,0.1030,0.0000,0.0419,0.4962,0.1107,0.0157,0.0119,0.0000
5,SUNDAY,3,0.0000,0.0000,0.1030,0.0029,0.0444,0.4962,0.1993,0.0168,0.0246,0.0031
5,SUNDAY,4,0.0000,0.0000,0.1030,0.0157,0.0476,0.4962,0.2657,0.0216,0.0314,0.0187
5,SUNDAY,5,0.0000,0.0000,0.0885,0.0233,0.0496,0.0000,0.4428,0.0261,0.0486,0.0285
5,SUNDAY,6,0.0000,0.0000,0.0594,0.0291,0.0511,0.0000,0.4650,0.0290,0.0508,0.0316
5,SUNDAY,7,0.0000,0.0009,0.0593,0.0262,0.0524,0.0000,0.3321,0.0305,0.0524,0.0315
5,SUNDAY,8,0.0000,0.0051,0.0606,0.0241,0.0536,0.0000,0.2657,0.0304,0.0647,0.0296
5,SUNDAY,9,0.0000,0.0118,0.0629,0.0257,0.0539,0.0000,0.2435,0.0290,0.0658,0.0278
5,SUNDAY,10,0.0000,0.0187,0.0647,0.0287,0.0539,0.0000,0.2214,0.0285,0.0546,0.0272
5,SUNDAY,11,0.0000,0.0486,0.0664,0.0312,0.0539,0.0000,0.2214,0.0279,0.0307,0.0272
5,SUNDAY,12,0.0000,0.1270,0.0682,0.0296,0.0539,0.0000,0.2214,0.0284,0.0311,0.0271
5,SUNDAY,13,0.0000,0.2071,0.0723,0.0277,0.0539,0.0000,0.2214,0.0301,0.0315,0.0278
5,SUNDAY,14,0.0000,0.2649,0.0750,0.0273,0.0539,0.0000,0.2214,0.0305,0.0457,0.0286
5,SUNDAY,15,0.0000,0.3104,0.0780,0.0296,0.0539,0.0000,0.3321,0.0301,0.0479,0.0274
5,SUNDAY,16,0.0000,0.3125,0.0810,0.0320,0.0536,0.0000,0.3321,0.0290,0.0618,0.0255
5,SUNDAY,17,0.0000,0.2883,0.0855,0.0309,0.0529,0.0000,0.3985,0.0277,0.0621,0.0375
5,SUNDAY,18,0.0000,0.1292,0.1028,0.0293,0.0524,0.0000,0.3985,0.0268,0.0621,0.0399
5,SUNDAY,19,0.0000,0.0468,0.1045,0.0257,0.0514,0.4962,0.3764,0.0252,0.0449,0.0411
5,SUNDAY,20,0.0000,0.0138,0.1052,0.0214,0.0497,0.4962,0.3543,0.0244,0.0389,0.0369
5,SUNDAY,21,0.0000,0.0047,0.1037,0.0157,0.0477,0.4962,0.3321,0.0229,0.0232,0.0196
5,SUNDAY,22,0.0000,0.0005,0.1031,0.0000,0.0463,0.4962,0.2214,0.0194,0.0210,0.0094
5,SUNDAY,23,0.0000,0.0000,0.1030,0.0000,0.0447,0.4962,0.1107,0.0175,0.0172,0.0063
5,HOLIDAY,0,0.0000,0.0000,0.1030,0.0000,0.0427,0.4962,0.1107,0.0165,0.0142,0.0017
5,HOLIDAY,1,0.0000,0.0000,0.1030,0.0000,0.0419,0.4962,0.1107,0.0157,0.0119,0.0000
5,HOLIDAY,2,0.0000,0.0000,0.1030,0.0000,0.0419,0.4962,0.1107,0.0157,0.0119,0.0000
5,HOLIDAY,3,0.0000,0.0000,0.1030,0.0029,0.0444,0.4962,0.1993,0.0168,0.0246,0.0031
5,HOLIDAY,4,0.0000,0.0000,0.1030,0.0157,0.0476,0.4962,0.2657,0.0216,0.0314,0.0187
5,HOLIDAY,5,0.0000,0.0000,0.0967,0.0233,0.0496,0.0000,0.4428,0.0261,0.0486,0.0285
5,HOLIDAY,6,0.0000,0.0000,0.0596,0.0291,0.0511,0.0000,0.4650,0.0290,0.0508,0.0316
5,HOLIDAY,7,0.0000,0.0016,0.0595,0.0262,0.0524,0.0000,0.3321,0.0305,0.0524,0.0315
5,HOLIDAY,8,0.0000,0.0070,0.0614,0.0241,0.0536,0.0000,0.2657,0.0304,0.0647,0.0296
5,HOLIDAY,9,0.0000,0.0149,0.0636,0.0257,0.0539,0.0000,0.2435,0.0290,0.0658,0.0278
5,HOLIDAY,10,0.0000,0.0196,0.0650,0.0287,0.0539,0.0000,0.2214,0.0285,0.0546,0.0272
5,HOLIDAY,11,0.0000,0.0257,0.0665,0.0312,0.0539,0.0000,0.2214,0.0279,0.0307,0.0272
5,HOLIDAY,12,0.0000,0.0343,0.0682,0.0296,0.0539,0.0000,0.2214,0.0284,0.0311,0.0271
5,HOLIDAY,13,0.0000,0.0413,0.0732,0.0277,0.0539,0.0000,0.2214,0.0301,0.0315,0.0278
5,HOLIDAY,14,0.0000,0.1326,0.0805,0.0273,0.0539,0.0000,0.2214,0.0305,0.0457,0.0286
5,HOLIDAY,15,0.0000,0.1600,0.0787,0.0296,0.0539,0.0000,0.3321,0.0301,0.0479,0.0274
5,HOLIDAY,16,0.0000,0.2488,0.0933,0.0320,0.0536,0.0000,0.3321,0.0290,0.0618,0.0255
5,HOLIDAY,17,0.0000,0.1644,0.1041,0.0309,0.0529,0.0000,0.3985,0.0277,0.0621,0.0375
5,HOLIDAY,18,0.0000,0.1091,0.0985,0.0293,0.0524,0.0000,0.3985,0.0268,0.0621,0.0399
5,HOLIDAY,19,0.0000,0.0126,0.1057,0.0257,0.0514,0.4962,0.3764,0.0252,0.0449,0.0411
5,HOLIDAY,20,0.0000,0.0038,0.1039,0.0214,0.0497,0.4962,0.3543,0.0244,0.0389,0.0369
5,HOLIDAY,21,0.0000,0.0000,0.1030,0.0157,0.0477,0.4962,0.3321,0.0229,0.0232,0.0196
5,HOLIDAY,22,0.0000,0.0000,0.1030,0.0000,0.0463,0.4962,0.2214,0.0194,0.0210,0.0094
5,HOLIDAY,23,0.0000,0.0000,0.1030,0.0000,0.0447,0.4962,0.1107,0.0175,0.0172,0.0063
6,WEEKDAY,0,0.0000,0.0056,0.1022,0.0000,0.0427,0.4962,0.1107,0.0165,0.0142,0.0017
6,WEEKDAY,1,0.0000,0.0016,0.1020,0.0000,0.0419,0.4962,0.1107,0.0157,0.0119,0.0000
6,WEEKDAY,2,0.0000,0.0003,0.1031,0.0000,0.0419,0.4962,0.1107,0.0157,0.0119,0.0000
6,WEEKDAY,3,0.0000,0.0002,0.1030,0.0029,0.0444,0.4962,0.1993,0.0168,0.0246,0.0031
6,WEEKDAY,4,0.0000,0.0001,0.1030,0.0157,0.0476,0.4962,0.2657,0.0216,0.0314,0.0187
6,WEEKDAY,5,0.0000,0.0013,0.0741,0.0233,0.0496,0.0000,0.4428,0.0261,0.0486,0.0285
6,WEEKDAY,6,0.0000,0.0134,0.0632,0.0291,0.0511,0.0000,0.4650,0.0290,0.0508,0.0316
6,WEEKDAY,7,0.0000,0.0197,0.0646,0.0262,0.0524,0.0000,0.3321,0.0305,0.0524,0.0315
6,WEEKDAY,8,0.0000,0.0552,0.0667,0.0241,0.0536,0.0000,0.2657,0.0304,0.0647,0.0296
6,WEEKDAY,9,0.0000,0.1235,0.0696,0.0257,0.0539,0.0000,0.2435,0.0290,0.0658,0.0278
6,WEEKDAY,10,0.0000,0.2658,0.0730,0.0287,0.0539,0.0000,0.2214,0.0285,0.0546,0.0272
6,WEEKDAY,11,0.0000,0.4578,0.0762,0.0312,0.0539,0.0000,0.2214,0.0279,0.0307,0.0272
6,WEEKDAY,12,0.0000,0.6452,0.0798,0.0296,0.0539,0.0000,0.2214,0.0284,0.0311,0.0271
6,WEEKDAY,13,0.0000,0.7721,0.0835,0.0277,0.0539,0.0000,0.2214,0.0301,0.0315,0.0278
6,WEEKDAY,14,0.0000,0.8498,0.0872,0.0273,0.0539,0.0000,0.2214,0.0305,0.0457,0.0286
6,WEEKDAY,15,0.0000,0.9094,0.0897,0.0296,0.0539,0.0000,0.3321,0.0301,0.0479,0.0274
6,WEEKDAY,16,0.0000,0.9119,0.0904,0.0320,0.0536,0.0000,0.3321,0.0290,0.0618,0.0255
6,WEEKDAY,17,0.0000,0.9205,0.0909,0.0309,0.0529,0.0000,0.3985,0.0277,0.0621,0.0375
6,WEEKDAY,18,0.0000,0.7113,0.0904,0.0293,0.0524,0.0000,0.3985,0.0268,0.0621,0.0399
6,WEEKDAY,19,0.0000,0.3965,0.0935,0.0257,0.0514,0.4962,0.3764,0.0252,0.0449,0.0411
6,WEEKDAY,20,0.0000,0.1929,0.1000,0.0214,0.0497,0.4962,0.3543,0.0244,0.0389,0.0369
6,WEEKDAY,21,0.0000,0.0837,0.1046,0.0157,0.0477,0.4962,0.3321,0.0229,0.0232,0.0196
6,WEEKDAY,22,0.0000,0.0416,0.1050,0.0000,0.0463,0.4962,0.2214,0.0194,0.0210,0.0094
6,WEEKDAY,23,0.0000,0.0180,0.1044,0.0000,0.0447,0.4962,0.1107,0.0175,0.0172,0.0063
6,SATURDAY,0,0.0000,0.0003,0.0995,0.0000,0.0427,0.4962,0.1107,0.0165,0.0142,0.0017
6,SATURDAY,1,0.0000,0.0000,0.1007,0.0000,0.0419,0.4962,0.1107,0.0157,0.0119,0.0000
6,SATURDAY,2,0.0000,0.0000,0.1030,0.0000,0.0419,0.4962,0.1107,0.0157,0.0119,0.0000
6,SATURDAY,3,0.0000,0.0000,0.1030,0.0029,0.0444,0.4962,0.1993,0.0168,0.0246,0.0031
6,SATURDAY,4,0.0000,0.0000,0.1030,0.0157,0.0476,0.4962,0.2657,0.0216,0.0314,0.0187
6,SATURDAY,5,0.0000,0.0001,0.0776,0.0233,0.0496,0.0000,0.4428,0.0261,0.0486,0.0285
6,SATURDAY,6,0.0000,0.0060,0.0614,0.0291,0.0511,0.0000,0.4650,0.0290,0.0508,0.0316
6,SATURDAY,7,0.0000,0.0084,0.0618,0.0262,0.0524,0.0000,0.3321,0.0305,0.0524,0.0315
6,SATURDAY,8,0.0000,0.0150,0.0637,0.0241,0.0536,0.0000,0.2657,0.0304,0.0647,0.0296
6,SATURDAY,9,0.0000,0.0252,0.0663,0.0257,0.0539,0.0000,0.2435,0.0290,0.0658,0.0278
6,SATURDAY,10,0.0000,0.0796,0.0688,0.0287,0.0539,0.0000,0.2214,0.0285,0.0546,0.0272
6,SATURDAY,11,0.0000,0.1601,0.0712,0.0312,0.0539,0.0000,0.2214,0.0279,0.0307,0.0272
6,SATURDAY,12,0.0000,0.2834,0.0740,0.0296,0.0539,0.0000,0.2214,0.0284,0.0311,0.0271
6,SATURDAY,13,0.0000,0.3874,0.0775,0.0277,0.0539,0.0000,0.2214,0.0301,0.0315,0.0278
6,SATURDAY,14,0.0000,0.4935,0.0827,0.0273,0.0539,0.0000,0.2214,0.0305,0.0457,0.0286
6,SATURDAY,15,0.0000,0.5492,0.0840,0.0296,0.0539,0.0000,0.3321,0.0301,0.0479,0.0274
6,SATURDAY,16,0.0000,0.5492,0.0875,0.0320,0.0536,0.0000,0.3321,0.0290,0.0618,0.0255
6,SATURDAY,17,0.0000,0.5317,0.0893,0.0309,0.0529,0.0000,0.3985,0.0277,0.0621,0.0375
6,SATURDAY,18,0.0000,0.3723,0.0961,0.0293,0.0524,0.0000,0.3985,0.0268,0.0621,0.0399
6,SATURDAY,19,0.0000,0.1709,0.0998,0.0257,0.0514,0.4962,0.3764,0.0252,0.0449,0.0411
6,SATURDAY,20,0.0000,0.0562,0.1057,0.0214,0.0497,0.4962,0.3543,0.0244,0.0389,0.0369
6,SATURDAY,21,0.0000,0.0197,0.1055,0.0157,0.0477,0.4962,0.3321,0.0229,0.0232,0.0196
6,SATURDAY,22,0.0000,0.0097,0.1042,0.0000,0.0463,0.4962,0.2214,0.0194,0.0210,0.0094
6,SATURDAY,23,0.0000,0.0038,0.1035,0.0000,0.0447,0.4962,0.1107,0.0175,0.0172,0.0063
6,SUNDAY,0,0.0000,0.0013,0.1007,0.0000,0.0427,0.4962,0.1107,0.0165,0.0142,0.0017
6,SUNDAY,1,0.0000,0.0006,0.1032,0.0000,0.0419,0.4962,0.1107,0.0157,0.0119,0.0000
6,SUNDAY,2,0.0000,0.0003,0.1031,0.0000,0.0419,0.4962,0.1107,0.0157,0.0119,0.0000
6,SUNDAY,3,0.0000,0.0002,0.1030,0.0029,0.0444,0.4962,0.1993,0.0168,0.0246,0.0031
6,SUNDAY,4,0.0000,0.0001,0.1030,0.0157,0.0476,0.4962,0.2657,0.0216,0.0314,0.0187
6,SUNDAY,5,0.0000,0.0012,0.0735,0.0233,0.0496,0.0000,0.4428,0.0261,0.0486,0.0285
6,SUNDAY,6,0.0000,0.0097,0.0616,0.0291,0.0511,0.0000,0.4650,0.0290,0.0508,0.0316
6,SUNDAY,7,0.0000,0.0146,0.0650,0.0262,0.0524,0.0000,0.3321,0.0305,0.0524,0.0315
6,SUNDAY,8,0.0000,0.0691,0.0652,0.0241,0.0536,0.0000,0.2657,0.0304,0.0647,0.0296
6,SUNDAY,9,0.0000,0.1262,0.0681,0.0257,0.0539,0.0000,0.2435,0.0290,0.0658,0.0278
6,SUNDAY,10,0.0000,0.1856,0.0707,0.0287,0.0539,0.0000,0.2214,0.0285,0.0546,0.0272
6,SUNDAY,11,0.0000,0.2504,0.0738,0.0312,0.0539,0.0000,0.2214,0.0279,0.0307,0.0272
6,SUNDAY,12,0.0000,0.3720,0.0760,0.0296,0.0539,0.0000,0.2214,0.0284,0.0311,0.0271
6,SUNDAY,13,0.0000,0.5051,0.0793,0.0277,0.0539,0.0000,0.2214,0.0301,0.0315,0.0278
6,SUNDAY,14,0.0000,0.5789,0.0853,0.0273,0.0539,0.0000,0.2214,0.0305,0.0457,0.0286
6,SUNDAY,15,0.0000,0.6430,0.0869,0.0296,0.0539,0.0000,0.3321,0.0301,0.0479,0.0274
6,SUNDAY,16,0.0000,0.6281,0.0908,0.0320,0.0536,0.0000,0.3321,0.0290,0.0618,0.0255
6,SUNDAY,17,0.0000,0.6372,0.0917,0.0309,0.0529,0.0000,0.3985,0.0277,0.0621,0.0375
6,SUNDAY,18,0.0000,0.4460,0.1013,0.0293,0.0524,0.0000,0.3985,0.0268,0.0621,0.0399
6,SUNDAY,19,0.0000,0.2509,0.1016,0.0257,0.0514,0.4962,0.3764,0.0252,0.0449,0.0411
6,SUNDAY,20,0.0000,0.1305,0.1027,0.0214,0.0497,0.4962,0.3543,0.0244,0.0389,0.0369
6,SUNDAY,21,0.0000,0.0681,0.1024,0.0157,0.0477,0.4962,0.3321,0.0229,0.0232,0.0196
6,SUNDAY,22,0.0000,0.0343,0.1030,0.0000,0.0463,0.4962,0.2214,0.0194,0.0210,0.0094
6,SUNDAY,23,0.0000,0.0243,0.1021,0.0000,0.0447,0.4962,0.1107,0.0175,0.0172,0.0063
6,HOLIDAY,0,0.0000,0.0000,0.0000,0.0000,0.0000,0.0000,0.0000,0.0000,0.0000,0.0000
6,HOLIDAY,1,0.0000,0.0000,0.0000,0.0000,0.0000,0.0000,0.0000,0.0000,0.0000,0.0000
6,HOLIDAY,2,0.0000,0.0000,0.0000,0.0000,0.0000,0.0000,0.0000,0.0000,0.0000,0.0000
6,HOLIDAY,3,0.0000,0.0000,0.0000,0.0000,0.0000,0.0000,0.0000,0.0000,0.0000,0.0000
6,HOLIDAY,4,0.0000,0.0000,0.0000,0.0000,0.0000,0.0000,0.0000,0.0000,0.0000,0.0000
6,HOLIDAY,5,0.0000,0.0000,0.0000,0.0000,0.0000,0.0000,0.0000,0.0000,0.0000,0.0000
6,HOLIDAY,6,0.0000,0.0000,0.0000,0.0000,0.0000,0.0000,0.0000,0.0000,0.0000,0.0000
6,HOLIDAY,7,0.0000,0.0000,0.0000,0.0000,0.0000,0.0000,0.0000,0.0000,0.0000,0.0000
6,HOLIDAY,8,0.0000,0.0000,0.0000,0.0000,0.0000,0.0000,0.0000,0.0000,0.0000,0.0000
6,HOLIDAY,9,0.0000,0.0000,0.0000,0.0000,0.0000,0.0000,0.0000,0.0000,0.0000,0.0000
6,HOLIDAY,10,0.0000,0.0000,0.0000,0.0000,0.0000,0.0000,0.0000,0.0000,0.0000,0.0000
6,HOLIDAY,11,0.0000,0.0000,0.0000,0.0000,0.0000,0.0000,0.0000,0.0000,0.0000,0.0000
6,HOLIDAY,12,0.0000,0.0000,0.0000,0.0000,0.0000,0.0000,0.0000,0.0000,0.0000,0.0000
6,HOLIDAY,13,0.0000,0.0000,0.0000,0.0000,0.0000,0.0000,0.0000,0.0000,0.0000,0.0000
6,HOLIDAY,14,0.0000,0.0000,0.0000,0.0000,0.0000,0.0000,0.0000,0.0000,0.0000,0.0000
6,HOLIDAY,15,0.0000,0.0000,0.0000,0.0000,0.0000,0.0000,0.0000,0.0000,0.0000,0.0000
6,HOLIDAY,16,0.0000,0.0000,0.0000,0.0000,0.0000,0.0000,0.0000,0.0000,0.0000,0.0000
6,HOLIDAY,17,0.0000,0.0000,0.0000,0.0000,0.0000,0.0000,0.0000,0.0000,0.0000,0.0000
6,HOLIDAY,18,0.0000,0.0000,0.0000,0.0000,0.0000,0.0000,0.0000,0.0000,0.0000,0.0000
6,HOLIDAY,19,0.0000,0.0000,0.0000,0.0000,0.0000,0.0000,0.0000,0.0000,0.0000,0.0000
6,HOLIDAY,20,0.0000,0.0000,0.0000,0.0000,0.0000,0.0000,0.0000,0.0000,0.0000,0.0000
6,HOLIDAY,21,0.0000,0.0000,0.0000,0.0000,0.0000,0.0000,0.0000,0.0000,0.0000,0.0000
6,HOLIDAY,22,0.0000,0.0000,0.0000,0.0000,0.0000,0.0000,0.0000,0.0000,0.0000,0.0000
6,HOLIDAY,23,0.0000,0.0000,0.0000,0.0000,0.0000,0.0000,0.0000,0.0000,0.0000,0.0000
7,WEEKDAY,0,0.0000,0.0164,0.1016,0.0000,0.0427,0.4962,0.1107,0.0165,0.0142,0.0017
7,WEEKDAY,1,0.0000,0.0055,0.1029,0.0000,0.0419,0.4962,0.1107,0.0157,0.0119,0.0000
7,WEEKDAY,2,0.0000,0.0021,0.1029,0.0000,0.0419,0.4962,0.1107,0.0157,0.0119,0.0000
7,WEEKDAY,3,0.0000,0.0015,0.1033,0.0029,0.0444,0.4962,0.1993,0.0168,0.0246,0.0031
7,WEEKDAY,4,0.0000,0.0012,0.1032,0.0157,0.0476,0.4962,0.2657,0.0216,0.0314,0.0187
7,WEEKDAY,5,0.0000,0.0029,0.0931,0.0233,0.0496,0.0000,0.4428,0.0261,0.0486,0.0285
7,WEEKDAY,6,0.0000,0.0149,0.0632,0.0291,0.0511,0.0000,0.4650,0.0290,0.0508,0.0316
7,WEEKDAY,7,0.0000,0.0319,0.0645,0.0262,0.0524,0.0000,0.3321,0.0305,0.0524,0.0315
7,WEEKDAY,8,0.0000,0.0768,0.0673,0.0241,0.0536,0.0000,0.2657,0.0304,0.0647,0.0296
7,WEEKDAY,9,0.0000,0.1863,0.0709,0.0257,0.0539,0.0000,0.2435,0.0290,0.0658,0.0278
7,WEEKDAY,10,0.0000,0.3966,0.0746,0.0287,0.0539,0.0000,0.2214,0.0285,0.0546,0.0272
7,WEEKDAY,11,0.0000,0.6408,0.0790,0.0312,0.0539,0.0000,0.2214,0.0279,0.0307,0.0272
7,WEEKDAY,12,0.0000,0.8646,0.0838,0.0296,0.0539,0.0000,0.2214,0.0284,0.0311,0.0271
7,WEEKDAY,13,0.0000,1.0223,0.0888,0.0277,0.0539,0.0000,0.2214,0.0301,0.0315,0.0278
7,WEEKDAY,14,0.0000,1.1222,0.0928,0.0273,0.0539,0.0000,0.2214,0.0305,0.0457,0.0286
7,WEEKDAY,15,0.0000,1.1772,0.0958,0.0296,0.0539,0.0000,0.3321,0.0301,0.0479,0.0274
7,WEEKDAY,16,0.0000,1.1491,0.0962,0.0320,0.0536,0.0000,0.3321,0.0290,0.0618,0.0255
7,WEEKDAY,17,0.0000,1.1368,0.0961,0.0309,0.0529,0.0000,0.3985,0.0277,0.0621,0.0375
7,WEEKDAY,18,0.0000,0.9109,0.0894,0.0293,0.0524,0.0000,0.3985,0.0268,0.0621,0.0399
7,WEEKDAY,19,0.0000,0.5625,0.0883,0.0257,0.0514,0.4962,0.3764,0.0252,0.0449,0.0411
7,WEEKDAY,20,0.0000,0.2842,0.0979,0.0214,0.0497,0.4962,0.3543,0.0244,0.0389,0.0369
7,WEEKDAY,21,0.0000,0.1561,0.1011,0.0157,0.0477,0.4962,0.3321,0.0229,0.0232,0.0196
7,WEEKDAY,22,0.0000,0.0800,0.1038,0.0000,0.0463,0.4962,0.2214,0.0194,0.0210,0.0094
7,WEEKDAY,23,0.0000,0.0374,0.1048,0.0000,0.0447,0.4962,0.1107,0.0175,0.0172,0.0063
7,SATURDAY,0,0.0000,0.0162,0.1052,0.0000,0.0427,0.4962,0.1107,0.0165,0.0142,0.0017
7,SATURDAY,1,0.0000,0.0070,0.1039,0.0000,0.0419,0.4962,0.1107,0.0157,0.0119,0.0000
7,SATURDAY,2,0.0000,0.0013,0.1032,0.0000,0.0419,0.4962,0.1107,0.0157,0.0119,0.0000
7,SATURDAY,3,0.0000,0.0004,0.1030,0.0029,0.0444,0.4962,0.1993,0.0168,0.0246,0.0031
7,SATURDAY,4,0.0000,0.0012,0.1031,0.0157,0.0476,0.4962,0.2657,0.0216,0.0314,0.0187
7,SATURDAY,5,0.0000,0.0035,0.0924,0.0233,0.0496,0.0000,0.4428,0.0261,0.0486,0.0285
7,SATURDAY,6,0.0000,0.0201,0.0641,0.0291,0.0511,0.0000,0.4650,0.0290,0.0508,0.0316
7,SATURDAY,7,0.0000,0.0316,0.0658,0.0262,0.0524,0.0000,0.3321,0.0305,0.0524,0.0315
7,SATURDAY,8,0.0000,0.0685,0.0687,0.0241,0.0536,0.0000,0.2657,0.0304,0.0647,0.0296
7,SATURDAY,9,0.0000,0.2820,0.0726,0.0257,0.0539,0.0000,0.2435,0.0290,0.0658,0.0278
7,SATURDAY,10,0.0000,0.6936,0.0771,0.0287,0.0539,0.0000,0.2214,0.0285,0.0546,0.0272
7,SATURDAY,11,0.0000,0.9128,0.0818,0.0312,0.0539,0.0000,0.2214,0.0279,0.0307,0.0272
7,SATURDAY,12,0.0000,1.0852,0.0864,0.0296,0.0539,0.0000,0.2214,0.0284,0.0311,0.0271
7,SATURDAY,13,0.0000,1.2248,0.0919,0.0277,0.0539,0.0000,0.2214,0.0301,0.0315,0.0278
7,SATURDAY,14,0.0000,1.3253,0.0959,0.0273,0.0539,0.0000,0.2214,0.0305,0.0457,0.0286
7,SATURDAY,15,0.0000,1.3836,0.0999,0.0296,0.0539,0.0000,0.3321,0.0301,0.0479,0.0274
7,SATURDAY,16,0.0000,1.3535,0.1002,0.0320,0.0536,0.0000,0.3321,0.0290,0.0618,0.0255
7,SATURDAY,17,0.0000,1.3194,0.1002,0.0309,0.0529,0.0000,0.3985,0.0277,0.0621,0.0375
7,SATURDAY,18,0.0000,1.0841,0.0904,0.0293,0.0524,0.0000,0.3985,0.0268,0.0621,0.0399
7,SATURDAY,19,0.0000,0.7471,0.0787,0.0257,0.0514,0.4962,0.3764,0.0252,0.0449,0.0411
7,SATURDAY,20,0.0000,0.3792,0.0884,0.0214,0.0497,0.4962,0.3543,0.0244,0.0389,0.0369
7,SATURDAY,21,0.0000,0.1368,0.1037,0.0157,0.0477,0.4962,0.3321,0.0229,0.0232,0.0196
7,SATURDAY,22,0.0000,0.0493,0.1089,0.0000,0.0463,0.4962,0.2214,0.0194,0.0210,0.0094
7,SATURDAY,23,0.0000,0.0301,0.1065,0.0000,0.0447,0.4962,0.1107,0.0175,0.0172,0.0063
7,SUNDAY,0,0.0000,0.0152,0.1046,0.0000,0.0427,0.4962,0.1107,0.0165,0.0142,0.0017
7,SUNDAY,1,0.0000,0.0055,0.1035,0.0000,0.0419,0.4962,0.1107,0.0157,0.0119,0.0000
7,SUNDAY,2,0.0000,0.0012,0.1031,0.0000,0.0419,0.4962,0.1107,0.0157,0.0119,0.0000
7,SUNDAY,3,0.0000,0.0001,0.1030,0.0029,0.0444,0.4962,0.1993,0.0168,0.0246,0.0031
7,SUNDAY,4,0.0000,0.0006,0.1030,0.0157,0.0476,0.4962,0.2657,0.0216,0.0314,0.0187
7,SUNDAY,5,0.0000,0.0013,0.0899,0.0233,0.0496,0.0000,0.4428,0.0261,0.0486,0.0285
7,SUNDAY,6,0.0000,0.0108,0.0624,0.0291,0.0511,0.0000,0.4650,0.0290,0.0508,0.0316
7,SUNDAY,7,0.0000,0.0184,0.0633,0.0262,0.0524,0.0000,0.3321,0.0305,0.0524,0.0315
7,SUNDAY,8,0.0000,0.0349,0.0658,0.0241,0.0536,0.0000,0.2657,0.0304,0.0647,0.0296
7,SUNDAY,9,0.0000,0.0971,0.0691,0.0257,0.0539,0.0000,0.2435,0.0290,0.0658,0.0278
7,SUNDAY,10,0.0000,0.3011,0.0719,0.0287,0.0539,0.0000,0.2214,0.0285,0.0546,0.0272
7,SUNDAY,11,0.0000,0.5372,0.0752,0.0312,0.0539,0.0000,0.2214,0.0279,0.0307,0.0272
7,SUNDAY,12,0.0000,0.7611,0.0786,0.0296,0.0539,0.0000,0.2214,0.0284,0.0311,0.0271
7,SUNDAY,13,0.0000,0.8938,0.0822,0.0277,0.0539,0.0000,0.2214,0.0301,0.0315,0.0278
7,SUNDAY,14,0.0000,0.9895,0.0856,0.0273,0.0539,0.0000,0.2214,0.0305,0.0457,0.0286
7,SUNDAY,15,0.0000,1.0320,0.0877,0.0296,0.0539,0.0000,0.3321,0.0301,0.0479,0.0274
7,SUNDAY,16,0.0000,0.9957,0.0878,0.0320,0.0536,0.0000,0.3321,0.0290,0.0618,0.0255
7,SUNDAY,17,0.0000,0.9767,0.0875,0.0309,0.0529,0.0000,0.3985,0.0277,0.0621,0.0375
7,SUNDAY,18,0.0000,0.7506,0.0844,0.0293,0.0524,0.0000,0.3985,0.0268,0.0621,0.0399
7,SUNDAY,19,0.0000,0.3966,0.0926,0.0257,0.0514,0.4962,0.3764,0.0252,0.0449,0.0411
7,SUNDAY,20,0.0000,0.1964,0.0985,0.0214,0.0497,0.4962,0.3543,0.0244,0.0389,0.0369
7,SUNDAY,21,0.0000,0.0536,0.1079,0.0157,0.0477,0.4962,0.3321,0.0229,0.0232,0.0196
7,SUNDAY,22,0.0000,0.0333,0.1063,0.0000,0.0463,0.4962,0.2214,0.0194,0.0210,0.0094
7,SUNDAY,23,0.0000,0.0184,0.1047,0.0000,0.0447,0.4962,0.1107,0.0175,0.0172,0.0063
7,HOLIDAY,0,0.0000,0.0006,0.0968,0.0000,0.0427,0.4962,0.1107,0.0165,0.0142,0.0017
7,HOLIDAY,1,0.0000,0.0000,0.1030,0.0000,0.0419,0.4962,0.1107,0.0157,0.0119,0.0000
7,HOLIDAY,2,0.0000,0.0000,0.1030,0.0000,0.0419,0.4962,0.1107,0.0157,0.0119,0.0000
7,HOLIDAY,3,0.0000,0.0000,0.1030,0.0029,0.0444,0.4962,0.1993,0.0168,0.0246,0.0031
7,HOLIDAY,4,0.0000,0.0000,0.1030,0.0157,0.0476,0.4962,0.2657,0.0216,0.0314,0.0187
7,HOLIDAY,5,0.0000,0.0002,0.0750,0.0233,0.0496,0.0000,0.4428,0.0261,0.0486,0.0285
7,HOLIDAY,6,0.0000,0.0145,0.0636,0.0291,0.0511,0.0000,0.4650,0.0290,0.0508,0.0316
7,HOLIDAY,7,0.0000,0.0208,0.0645,0.0262,0.0524,0.0000,0.3321,0.0305,0.0524,0.0315
7,HOLIDAY,8,0.0000,0.0335,0.0672,0.0241,0.0536,0.0000,0.2657,0.0304,0.0647,0.0296
7,HOLIDAY,9,0.0000,0.0661,0.0702,0.0257,0.0539,0.0000,0.2435,0.0290,0.0658,0.0278
7,HOLIDAY,10,0.0000,0.4086,0.0740,0.0287,0.0539,0.0000,0.2214,0.0285,0.0546,0.0272
7,HOLIDAY,11,0.0000,0.6240,0.0777,0.0312,0.0539,0.0000,0.2214,0.0279,0.0307,0.0272
7,HOLIDAY,12,0.0000,0.8107,0.0818,0.0296,0.0539,0.0000,0.2214,0.0284,0.0311,0.0271
7,HOLIDAY,13,0.0000,0.9365,0.0861,0.0277,0.0539,0.0000,0.2214,0.0301,0.0315,0.0278
7,HOLIDAY,14,0.0000,1.0318,0.0889,0.0273,0.0539,0.0000,0.2214,0.0305,0.0457,0.0286
7,HOLIDAY,15,0.0000,1.0467,0.0912,0.0296,0.0539,0.0000,0.3321,0.0301,0.0479,0.0274
7,HOLIDAY,16,0.0000,1.0406,0.0915,0.0320,0.0536,0.0000,0.3321,0.0290,0.0618,0.0255
7,HOLIDAY,17,0.0000,1.0372,0.0895,0.0309,0.0529,0.0000,0.3985,0.0277,0.0621,0.0375
7,HOLIDAY,18,0.0000,0.8489,0.0838,0.0293,0.0524,0.0000,0.3985,0.0268,0.0621,0.0399
7,HOLIDAY,19,0.0000,0.4656,0.0845,0.0257,0.0514,0.4962,0.3764,0.0252,0.0449,0.0411
7,HOLIDAY,20,0.0000,0.1697,0.1004,0.0214,0.0497,0.4962,0.3543,0.0244,0.0389,0.0369
7,HOLIDAY,21,0.0000,0.0518,0.1089,0.0157,0.0477,0.4962,0.3321,0.0229,0.0232,0.0196
7,HOLIDAY,22,0.0000,0.0333,0.1064,0.0000,0.0463,0.4962,0.2214,0.0194,0.0210,0.0094
7,HOLIDAY,23,0.0000,0.0170,0.1047,0.0000,0.0447,0.4962,0.1107,0.0175,0.0172,0.0063
8,WEEKDAY,0,0.0000,0.0139,0.1042,0.0000,0.0427,0.4962,0.1107,0.0165,0.0142,0.0017
8,WEEKDAY,1,0.0000,0.0046,0.1026,0.0000,0.0419,0.4962,0.1107,0.0157,0.0119,0.0000
8,WEEKDAY,2,0.0000,0.0016,0.1029,0.0000,0.0419,0.4962,0.1107,0.0157,0.0119,0.0000
8,WEEKDAY,3,0.0000,0.0009,0.1032,0.0029,0.0444,0.4962,0.1993,0.0168,0.0246,0.0031
8,WEEKDAY,4,0.0000,0.0010,0.1032,0.0157,0.0476,0.4962,0.2657,0.0216,0.0314,0.0187
8,WEEKDAY,5,0.0000,0.0018,0.1012,0.0233,0.0496,0.0000,0.4428,0.0261,0.0486,0.0285
8,WEEKDAY,6,0.0000,0.0086,0.0624,0.0291,0.0511,0.0000,0.4650,0.0290,0.0508,0.0316
8,WEEKDAY,7,0.0000,0.0129,0.0640,0.0262,0.0524,0.0000,0.3321,0.0305,0.0524,0.0315
8,WEEKDAY,8,0.0000,0.0281,0.0644,0.0241,0.0536,0.0000,0.2657,0.0304,0.0647,0.0296
8,WEEKDAY,9,0.0000,0.1599,0.0674,0.0257,0.0539,0.0000,0.2435,0.0290,0.0658,0.0278
8,WEEKDAY,10,0.0000,0.3900,0.0707,0.0287,0.0539,0.0000,0.2214,0.0285,0.0546,0.0272
8,WEEKDAY,11,0.0000,0.6278,0.0750,0.0312,0.0539,0.0000,0.2214,0.0279,0.0307,0.0272
8,WEEKDAY,12,0.0000,0.8361,0.0813,0.0296,0.0539,0.0000,0.2214,0.0284,0.0311,0.0271
8,WEEKDAY,13,0.0000,1.0146,0.0866,0.0277,0.0539,0.0000,0.2214,0.0301,0.0315,0.0278
8,WEEKDAY,14,0.0000,1.1381,0.0904,0.0273,0.0539,0.0000,0.2214,0.0305,0.0457,0.0286
8,WEEKDAY,15,0.0000,1.1843,0.0935,0.0296,0.0539,0.0000,0.3321,0.0301,0.0479,0.0274
8,WEEKDAY,16,0.0000,1.1393,0.0935,0.0320,0.0536,0.0000,0.3321,0.0290,0.0618,0.0255
8,WEEKDAY,17,0.0000,1.0882,0.0938,0.0309,0.0529,0.0000,0.3985,0.0277,0.0621,0.0375
8,WEEKDAY,18,0.0000,0.7987,0.0894,0.0293,0.0524,0.0000,0.3985,0.0268,0.0621,0.0399
8,WEEKDAY,19,0.0000,0.5500,0.0914,0.0257,0.0514,0.4962,0.3764,0.0252,0.0449,0.0411
8,WEEKDAY,20,0.0000,0.3262,0.0950,0.0214,0.0497,0.4962,0.3543,0.0244,0.0389,0.0369
8,WEEKDAY,21,0.0000,0.1616,0.1008,0.0157,0.0477,0.4962,0.3321,0.0229,0.0232,0.0196
8,WEEKDAY,22,0.0000,0.0757,0.1040,0.0000,0.0463,0.4962,0.2214,0.0194,0.0210,0.0094
8,WEEKDAY,23,0.0000,0.0367,0.1042,0.0000,0.0447,0.4962,0.1107,0.0175,0.0172,0.0063
8,SATURDAY,0,0.0000,0.0264,0.1025,0.0000,0.0427,0.4962,0.1107,0.0165,0.0142,0.0017
8,SATURDAY,1,0.0000,0.0054,0.1018,0.0000,0.0419,0.4962,0.1107,0.0157,0.0119,0.0000
8,SATURDAY,2,0.0000,0.0030,0.1037,0.0000,0.0419,0.4962,0.1107,0.0157,0.0119,0.0000
8,SATURDAY,3,0.0000,0.0022,0.1036,0.0029,0.0444,0.4962,0.1993,0.0168,0.0246,0.0031
8,SATURDAY,4,0.0000,0.0020,0.1035,0.0157,0.0476,0.4962,0.2657,0.0216,0.0314,0.0187
8,SATURDAY,5,0.0000,0.0028,0.0991,0.0233,0.0496,0.0000,0.4428,0.0261,0.0486,0.0285
8,SATURDAY,6,0.0000,0.0101,0.0629,0.0291,0.0511,0.0000,0.4650,0.0290,0.0508,0.0316
8,SATURDAY,7,0.0000,0.0138,0.0627,0.0262,0.0524,0.0000,0.3321,0.0305,0.0524,0.0315
8,SATURDAY,8,0.0000,0.0649,0.0647,0.0241,0.0536,0.0000,0.2657,0.0304,0.0647,0.0296
8,SATURDAY,9,0.0000,0.1679,0.0676,0.0257,0.0539,0.0000,0.2435,0.0290,0.0658,0.0278
8,SATURDAY,10,0.0000,0.3999,0.0710,0.0287,0.0539,0.0000,0.2214,0.0285,0.0546,0.0272
8,SATURDAY,11,0.0000,0.5862,0.0748,0.0312,0.0539,0.0000,0.2214,0.0279,0.0307,0.0272
8,SATURDAY,12,0.0000,0.8054,0.0820,0.0296,0.0539,0.0000,0.2214,0.0284,0.0311,0.0271
8,SATURDAY,13,0.0000,1.0186,0.0879,0.0277,0.0539,0.0000,0.2214,0.0301,0.0315,0.0278
8,SATURDAY,14,0.0000,1.1239,0.0911,0.0273,0.0539,0.0000,0.2214,0.0305,0.0457,0.0286
8,SATURDAY,15,0.0000,1.1567,0.0927,0.0296,0.0539,0.0000,0.3321,0.0301,0.0479,0.0274
8,SATURDAY,16,0.0000,1.1146,0.0932,0.0320,0.0536,0.0000,0.3321,0.0290,0.0618,0.0255
8,SATURDAY,17,0.0000,1.0707,0.0939,0.0309,0.0529,0.0000,0.3985,0.0277,0.0621,0.0375
8,SATURDAY,18,0.0000,0.7970,0.0886,0.0293,0.0524,0.0000,0.3985,0.0268,0.0621,0.0399
8,SATURDAY,19,0.0000,0.5133,0.0951,0.0257,0.0514,0.4962,0.3764,0.0252,0.0449,0.0411
8,SATURDAY,20,0.0000,0.2966,0.1007,0.0214,0.0497,0.4962,0.3543,0.0244,0.0389,0.0369
8,SATURDAY,21,0.0000,0.1537,0.1034,0.0157,0.0477,0.4962,0.3321,0.0229,0.0232,0.0196
8,SATURDAY,22,0.0000,0.0983,0.1021,0.0000,0.0463,0.4962,0.2214,0.0194,0.0210,0.0094
8,SATURDAY,23,0.0000,0.0586,0.1021,0.0000,0.0447,0.4962,0.1107,0.0175,0.0172,0.0063
8,SUNDAY,0,0.0000,0.0304,0.1020,0.0000,0.0427,0.4962,0.1107,0.0165,0.0142,0.0017
8,SUNDAY,1,0.0000,0.0049,0.1042,0.0000,0.0419,0.4962,0.1107,0.0157,0.0119,0.0000
8,SUNDAY,2,0.0000,0.0023,0.1037,0.0000,0.0419,0.4962,0.1107,0.0157,0.0119,0.0000
8,SUNDAY,3,0.0000,0.0018,0.1036,0.0029,0.0444,0.4962,0.1993,0.0168,0.0246,0.0031
8,SUNDAY,4,0.0000,0.0017,0.1035,0.0157,0.0476,0.4962,0.2657,0.0216,0.0314,0.0187
8,SUNDAY,5,0.0000,0.0020,0.0991,0.0233,0.0496,0.0000,0.4428,0.0261,0.0486,0.0285
8,SUNDAY,6,0.0000,0.0063,0.0625,0.0291,0.0511,0.0000,0.4650,0.0290,0.0508,0.0316
8,SUNDAY,7,0.0000,0.0105,0.0619,0.0262,0.0524,0.0000,0.3321,0.0305,0.0524,0.0315
8,SUNDAY,8,0.0000,0.0245,0.0640,0.0241,0.0536,0.0000,0.2657,0.0304,0.0647,0.0296
8,SUNDAY,9,0.0000,0.1504,0.0667,0.0257,0.0539,0.0000,0.2435,0.0290,0.0658,0.0278
8,SUNDAY,10,0.0000,0.3466,0.0699,0.0287,0.0539,0.0000,0.2214,0.0285,0.0546,0.0272
8,SUNDAY,11,0.0000,0.5406,0.0736,0.0312,0.0539,0.0000,0.2214,0.0279,0.0307,0.0272
8,SUNDAY,12,0.0000,0.7733,0.0798,0.0296,0.0539,0.0000,0.2214,0.0284,0.0311,0.0271
8,SUNDAY,13,0.0000,0.9774,0.0845,0.0277,0.0539,0.0000,0.2214,0.0301,0.0315,0.0278
8,SUNDAY,14,0.0000,1.0831,0.0893,0.0273,0.0539,0.0000,0.2214,0.0305,0.0457,0.0286
8,SUNDAY,15,0.0000,1.1271,0.0931,0.0296,0.0539,0.0000,0.3321,0.0301,0.0479,0.0274
8,SUNDAY,16,0.0000,1.0836,0.0945,0.0320,0.0536,0.0000,0.3321,0.0290,0.0618,0.0255
8,SUNDAY,17,0.0000,1.0277,0.0943,0.0309,0.0529,0.0000,0.3985,0.0277,0.0621,0.0375
8,SUNDAY,18,0.0000,0.7674,0.0907,0.0293,0.0524,0.0000,0.3985,0.0268,0.0621,0.0399
8,SUNDAY,19,0.0000,0.5053,0.0937,0.0257,0.0514,0.4962,0.3764,0.0252,0.0449,0.0411
8,SUNDAY,20,0.0000,0.2887,0.0976,0.0214,0.0497,0.4962,0.3543,0.0244,0.0389,0.0369
8,SUNDAY,21,0.0000,0.1708,0.0992,0.0157,0.0477,0.4962,0.3321,0.0229,0.0232,0.0196
8,SUNDAY,22,0.0000,0.0868,0.1029,0.0000,0.0463,0.4962,0.2214,0.0194,0.0210,0.0094
8,SUNDAY,23,0.0000,0.0651,0.1006,0.0000,0.0447,0.4962,0.1107,0.0175,0.0172,0.0063
8,HOLIDAY,0,0.0000,0.0000,0.0000,0.0000,0.0000,0.0000,0.0000,0.0000,0.0000,0.0000
8,HOLIDAY,1,0.0000,0.0000,0.0000,0.0000,0.0000,0.0000,0.0000,0.0000,0.0000,0.0000
8,HOLIDAY,2,0.0000,0.0000,0.0000,0.0000,0.0000,0.0000,0.0000,0.0000,0.0000,0.0000
8,HOLIDAY,3,0.0000,0.0000,0.0000,0.0000,0.0000,0.0000,0.0000,0.0000,0.0000,0.0000
8,HOLIDAY,4,0.0000,0.0000,0.0000,0.0000,0.0000,0.0000,0.0000,0.0000,0.0000,0.0000
8,HOLIDAY,5,0.0000,0.0000,0.0000,0.0000,0.0000,0.0000,0.0000,0.0000,0.0000,0.0000
8,HOLIDAY,6,0.0000,0.0000,0.0000,0.0000,0.0000,0.0000,0.0000,0.0000,0.0000,0.0000
8,HOLIDAY,7,0.0000,0.0000,0.0000,0.0000,0.0000,0.0000,0.0000,0.0000,0.0000,0.0000
8,HOLIDAY,8,0.0000,0.0000,0.0000,0.0000,0.0000,0.0000,0.0000,0.0000,0.0000,0.0000
8,HOLIDAY,9,0.0000,0.0000,0.0000,0.0000,0.0000,0.0000,0.0000,0.0000,0.0000,0.0000
8,HOLIDAY,10,0.0000,0.0000,0.0000,0.0000,0.0000,0.0000,0.0000,0.0000,0.0000,0.0000
8,HOLIDAY,11,0.0000,0.0000,0.0000,0.0000,0.0000,0.0000,0.0000,0.0000,0.0000,0.0000
8,HOLIDAY,12,0.0000,0.0000,0.0000,0.0000,0.0000,0.0000,0.0000,0.0000,0.0000,0.0000
8,HOLIDAY,13,0.0000,0.0000,0.0000,0.0000,0.0000,0.0000,0.0000,0.0000,0.0000,0.0000
8,HOLIDAY,14,0.0000,0.0000,0.0000,0.0000,0.0000,0.0000,0.0000,0.0000,0.0000,0.0000
8,HOLIDAY,15,0.0000,0.0000,0.0000,0.0000,0.0000,0.0000,0.0000,0.0000,0.0000,0.0000
8,HOLIDAY,16,0.0000,0.0000,0.0000,0.0000,0.0000,0.0000,0.0000,0.0000,0.0000,0.0000
8,HOLIDAY,17,0.0000,0.0000,0.0000,0.0000,0.0000,0.0000,0.0000,0.0000,0.0000,0.0000
8,HOLIDAY,18,0.0000,0.0000,0.0000,0.0000,0.0000,0.0000,0.0000,0.0000,0.0000,0.0000
8,HOLIDAY,19,0.0000,0.0000,0.0000,0.0000,0.0000,0.0000,0.0000,0.0000,0.0000,0.0000
8,HOLIDAY,20,0.0000,0.0000,0.0000,0.0000,0.0000,0.0000,0.0000,0.0000,0.0000,0.0000
8,HOLIDAY,21,0.0000,0.0000,0.0000,0.0000,0.0000,0.0000,0.0000,0.0000,0.0000,0.0000
8,HOLIDAY,22,0.0000,0.0000,0.0000,0.0000,0.0000,0.0000,0.0000,0.0000,0.0000,0.0000
8,HOLIDAY,23,0.0000,0.0000,0.0000,0.0000,0.0000,0.0000,0.0000,0.0000,0.0000,0.0000
9,WEEKDAY,0,0.0000,0.0018,0.1029,0.0000,0.0427,0.4962,0.1107,0.0165,0.0142,0.0017
9,WEEKDAY,1,0.0000,0.0004,0.1026,0.0000,0.0419,0.4962,0.1107,0.0157,0.0119,0.0000
9,WEEKDAY,2,0.0000,0.0000,0.1030,0.0000,0.0419,0.4962,0.1107,0.0157,0.0119,0.0000
9,WEEKDAY,3,0.0000,0.0000,0.1030,0.0029,0.0444,0.4962,0.1993,0.0168,0.0246,0.0031
9,WEEKDAY,4,0.0000,0.0000,0.1030,0.0157,0.0476,0.4962,0.2657,0.0216,0.0314,0.0187
9,WEEKDAY,5,0.0000,0.0000,0.1002,0.0233,0.0496,0.4962,0.4428,0.0261,0.0486,0.0285
9,WEEKDAY,6,0.0000,0.0002,0.0810,0.0291,0.0511,0.0000,0.4650,0.0290,0.0508,0.0316
9,WEEKDAY,7,0.0000,0.0037,0.0605,0.0262,0.0524,0.0000,0.3321,0.0305,0.0524,0.0315
9,WEEKDAY,8,0.0000,0.0085,0.0618,0.0241,0.0536,0.0000,0.2657,0.0304,0.0647,0.0296
9,WEEKDAY,9,0.0000,0.1080,0.0644,0.0257,0.0539,0.0000,0.2435,0.0290,0.0658,0.0278
9,WEEKDAY,10,0.0000,0.3064,0.0671,0.0287,0.0539,0.0000,0.2214,0.0285,0.0546,0.0272
9,WEEKDAY,11,0.0000,0.4716,0.0720,0.0312,0.0539,0.0000,0.2214,0.0279,0.0307,0.0272
9,WEEKDAY,12,0.0000,0.6618,0.0778,0.0296,0.0539,0.0000,0.2214,0.0284,0.0311,0.0271
9,WEEKDAY,13,0.0000,0.8335,0.0820,0.0277,0.0539,0.0000,0.2214,0.0301,0.0315,0.0278
9,WEEKDAY,14,0.0000,0.9442,0.0850,0.0273,0.0539,0.0000,0.2214,0.0305,0.0457,0.0286
9,WEEKDAY,15,0.0000,0.9757,0.0856,0.0296,0.0539,0.0000,0.3321,0.0301,0.0479,0.0274
9,WEEKDAY,16,0.0000,0.9086,0.0864,0.0320,0.0536,0.0000,0.3321,0.0290,0.0618,0.0255
9,WEEKDAY,17,0.0000,0.6880,0.0880,0.0309,0.0529,0.0000,0.3985,0.0277,0.0621,0.0375
9,WEEKDAY,18,0.0000,0.4655,0.0909,0.0293,0.0524,0.4962,0.3985,0.0268,0.0621,0.0399
9,WEEKDAY,19,0.0000,0.2599,0.0976,0.0257,0.0514,0.4962,0.3764,0.0252,0.0449,0.0411
9,WEEKDAY,20,0.0000,0.1227,0.1025,0.0214,0.0497,0.4962,0.3543,0.0244,0.0389,0.0369
9,WEEKDAY,21,0.0000,0.0559,0.1042,0.0157,0.0477,0.4962,0.3321,0.0229,0.0232,0.0196
9,WEEKDAY,22,0.0000,0.0195,0.1049,0.0000,0.0463,0.4962,0.2214,0.0194,0.0210,0.0094
9,WEEKDAY,23,0.0000,0.0052,0.1041,0.0000,0.0447,0.4962,0.1107,0.0175,0.0172,0.0063
9,SATURDAY,0,0.0000,0.0008,0.1032,0.0000,0.0427,0.4962,0.1107,0.0165,0.0142,0.0017
9,SATURDAY,1,0.0000,0.0002,0.1031,0.0000,0.0419,0.4962,0.1107,0.0157,0.0119,0.0000
9,SATURDAY,2,0.0000,0.0000,0.1030,0.0000,0.0419,0.4962,0.1107,0.0157,0.0119,0.0000
9,SATURDAY,3,0.0000,0.0000,0.1030,0.0029,0.0444,0.4962,0.1993,0.0168,0.0246,0.0031
9,SATURDAY,4,0.0000,0.0000,0.1030,0.0157,0.0476,0.4962,0.2657,0.0216,0.0314,0.0187
9,SATURDAY,5,0.0000,0.0000,0.0986,0.0233,0.0496,0.4962,0.4428,0.0261,0.0486,0.0285
9,SATURDAY,6,0.0000,0.0000,0.0873,0.0291,0.0511,0.0000,0.4650,0.0290,0.0508,0.0316
9,SATURDAY,7,0.0000,0.0020,0.0603,0.0262,0.0524,0.0000,0.3321,0.0305,0.0524,0.0315
9,SATURDAY,8,0.0000,0.0061,0.0610,0.0241,0.0536,0.0000,0.2657,0.0304,0.0647,0.0296
9,SATURDAY,9,0.0000,0.0706,0.0634,0.0257,0.0539,0.0000,0.2435,0.0290,0.0658,0.0278
9,SATURDAY,10,0.0000,0.2630,0.0659,0.0287,0.0539,0.0000,0.2214,0.0285,0.0546,0.0272
9,SATURDAY,11,0.0000,0.4362,0.0700,0.0312,0.0539,0.0000,0.2214,0.0279,0.0307,0.0272
9,SATURDAY,12,0.0000,0.5318,0.0747,0.0296,0.0539,0.0000,0.2214,0.0284,0.0311,0.0271
9,SATURDAY,13,0.0000,0.6700,0.0806,0.0277,0.0539,0.0000,0.2214,0.0301,0.0315,0.0278
9,SATURDAY,14,0.0000,0.7864,0.0808,0.0273,0.0539,0.0000,0.2214,0.0305,0.0457,0.0286
9,SATURDAY,15,0.0000,0.8346,0.0825,0.0296,0.0539,0.0000,0.3321,0.0301,0.0479,0.0274
9,SATURDAY,16,0.0000,0.7734,0.0829,0.0320,0.0536,0.0000,0.3321,0.0290,0.0618,0.0255
9,SATURDAY,17,0.0000,0.5551,0.0881,0.0309,0.0529,0.0000,0.3985,0.0277,0.0621,0.0375
9,SATURDAY,18,0.0000,0.3523,0.0956,0.0293,0.0524,0.4962,0.3985,0.0268,0.0621,0.0399
9,SATURDAY,19,0.0000,0.2019,0.0998,0.0257,0.0514,0.4962,0.3764,0.0252,0.0449,0.0411
9,SATURDAY,20,0.0000,0.1122,0.1010,0.0214,0.0497,0.4962,0.3543,0.0244,0.0389,0.0369
9,SATURDAY,21,0.0000,0.0457,0.1038,0.0157,0.0477,0.4962,0.3321,0.0229,0.0232,0.0196
9,SATURDAY,22,0.0000,0.0110,0.1049,0.0000,0.0463,0.4962,0.2214,0.0194,0.0210,0.0094
9,SATURDAY,23,0.0000,0.0033,0.1037,0.0000,0.0447,0.4962,0.1107,0.0175,0.0172,0.0063
9,SUNDAY,0,0.0000,0.0031,0.1032,0.0000,0.0427,0.4962,0.1107,0.0165,0.0142,0.0017
9,SUNDAY,1,0.0000,0.0015,0.1034,0.0000,0.0419,0.4962,0.1107,0.0157,0.0119,0.0000
9,SUNDAY,2,0.0000,0.0005,0.1009,0.0000,0.0419,0.4962,0.1107,0.0157,0.0119,0.0000
9,SUNDAY,3,0.0000,0.0003,0.1031,0.0029,0.0444,0.4962,0.1993,0.0168,0.0246,0.0031
9,SUNDAY,4,0.0000,0.0001,0.1030,0.0157,0.0476,0.4962,0.2657,0.0216,0.0314,0.0187
9,SUNDAY,5,0.0000,0.0003,0.1016,0.0233,0.0496,0.4962,0.4428,0.0261,0.0486,0.0285
9,SUNDAY,6,0.0000,0.0020,0.0784,0.0291,0.0511,0.0000,0.4650,0.0290,0.0508,0.0316
9,SUNDAY,7,0.0000,0.0062,0.0614,0.0262,0.0524,0.0000,0.3321,0.0305,0.0524,0.0315
9,SUNDAY,8,0.0000,0.0118,0.0624,0.0241,0.0536,0.0000,0.2657,0.0304,0.0647,0.0296
9,SUNDAY,9,0.0000,0.1059,0.0654,0.0257,0.0539,0.0000,0.2435,0.0290,0.0658,0.0278
9,SUNDAY,10,0.0000,0.3766,0.0680,0.0287,0.0539,0.0000,0.2214,0.0285,0.0546,0.0272
9,SUNDAY,11,0.0000,0.5591,0.0736,0.0312,0.0539,0.0000,0.2214,0.0279,0.0307,0.0272
9,SUNDAY,12,0.0000,0.7059,0.0786,0.0296,0.0539,0.0000,0.2214,0.0284,0.0311,0.0271
9,SUNDAY,13,0.0000,0.8731,0.0830,0.0277,0.0539,0.0000,0.2214,0.0301,0.0315,0.0278
9,SUNDAY,14,0.0000,0.9439,0.0858,0.0273,0.0539,0.0000,0.2214,0.0305,0.0457,0.0286
9,SUNDAY,15,0.0000,0.9912,0.0885,0.0296,0.0539,0.0000,0.3321,0.0301,0.0479,0.0274
9,SUNDAY,16,0.0000,0.9195,0.0892,0.0320,0.0536,0.0000,0.3321,0.0290,0.0618,0.0255
9,SUNDAY,17,0.0000,0.7177,0.0930,0.0309,0.0529,0.0000,0.3985,0.0277,0.0621,0.0375
9,SUNDAY,18,0.0000,0.4782,0.0971,0.0293,0.0524,0.4962,0.3985,0.0268,0.0621,0.0399
9,SUNDAY,19,0.0000,0.2984,0.0982,0.0257,0.0514,0.4962,0.3764,0.0252,0.0449,0.0411
9,SUNDAY,20,0.0000,0.1454,0.1025,0.0214,0.0497,0.4962,0.3543,0.0244,0.0389,0.0369
9,SUNDAY,21,0.0000,0.0900,0.1014,0.0157,0.0477,0.4962,0.3321,0.0229,0.0232,0.0196
9,SUNDAY,22,0.0000,0.0380,0.1040,0.0000,0.0463,0.4962,0.2214,0.0194,0.0210,0.0094
9,SUNDAY,23,0.0000,0.0252,0.1026,0.0000,0.0447,0.4962,0.1107,0.0175,0.0172,0.0063
9,HOLIDAY,0,0.0000,0.0153,0.1067,0.0000,0.0427,0.4962,0.1107,0.0165,0.0142,0.0017
9,HOLIDAY,1,0.0000,0.0066,0.1050,0.0000,0.0419,0.4962,0.1107,0.0157,0.0119,0.0000
9,HOLIDAY,2,0.0000,0.0024,0.1037,0.0000,0.0419,0.4962,0.1107,0.0157,0.0119,0.0000
9,HOLIDAY,3,0.0000,0.0010,0.1033,0.0029,0.0444,0.4962,0.1993,0.0168,0.0246,0.0031
9,HOLIDAY,4,0.0000,0.0005,0.1032,0.0157,0.0476,0.4962,0.2657,0.0216,0.0314,0.0187
9,HOLIDAY,5,0.0000,0.0013,0.1033,0.0233,0.0496,0.4962,0.4428,0.0261,0.0486,0.0285
9,HOLIDAY,6,0.0000,0.0100,0.0632,0.0291,0.0511,0.0000,0.4650,0.0290,0.0508,0.0316
9,HOLIDAY,7,0.0000,0.0170,0.0641,0.0262,0.0524,0.0000,0.3321,0.0305,0.0524,0.0315
9,HOLIDAY,8,0.0000,0.0257,0.0658,0.0241,0.0536,0.0000,0.2657,0.0304,0.0647,0.0296
9,HOLIDAY,9,0.0000,0.2601,0.0700,0.0257,0.0539,0.0000,0.2435,0.0290,0.0658,0.0278
9,HOLIDAY,10,0.0000,0.6680,0.0740,0.0287,0.0539,0.0000,0.2214,0.0285,0.0546,0.0272
9,HOLIDAY,11,0.0000,0.9877,0.0846,0.0312,0.0539,0.0000,0.2214,0.0279,0.0307,0.0272
9,HOLIDAY,12,0.0000,1.2064,0.0892,0.0296,0.0539,0.0000,0.2214,0.0284,0.0311,0.0271
9,HOLIDAY,13,0.0000,1.4030,0.0975,0.0277,0.0539,0.0000,0.2214,0.0301,0.0315,0.0278
9,HOLIDAY,14,0.0000,1.5065,0.1000,0.0273,0.0539,0.0000,0.2214,0.0305,0.0457,0.0286
9,HOLIDAY,15,0.0000,1.5676,0.1070,0.0296,0.0539,0.0000,0.3321,0.0301,0.0479,0.0274
9,HOLIDAY,16,0.0000,1.5091,0.1014,0.0320,0.0536,0.0000,0.3321,0.0290,0.0618,0.0255
9,HOLIDAY,17,0.0000,1.3325,0.0998,0.0309,0.0529,0.0000,0.3985,0.0277,0.0621,0.0375
9,HOLIDAY,18,0.0000,0.9788,0.0913,0.0293,0.0524,0.4962,0.3985,0.0268,0.0621,0.0399
9,HOLIDAY,19,0.0000,0.6305,0.0897,0.0257,0.0514,0.4962,0.3764,0.0252,0.0449,0.0411
9,HOLIDAY,20,0.0000,0.3351,0.0962,0.0214,0.0497,0.4962,0.3543,0.0244,0.0389,0.0369
9,HOLIDAY,21,0.0000,0.2609,0.0918,0.0157,0.0477,0.4962,0.3321,0.0229,0.0232,0.0196
9,HOLIDAY,22,0.0000,0.1367,0.0997,0.0000,0.0463,0.4962,0.2214,0.0194,0.0210,0.0094
9,HOLIDAY,23,0.0000,0.0285,0.1084,0.0000,0.0447,0.4962,0.1107,0.0175,0.0172,0.0063
10,WEEKDAY,0,0.0018,0.0000,0.1030,0.0000,0.0430,0.4962,0.1107,0.0167,0.0147,0.0025
10,WEEKDAY,1,0.0023,0.0000,0.1028,0.0000,0.0420,0.4962,0.1107,0.0158,0.0123,0.0003
10,WEEKDAY,2,0.0045,0.0000,0.1030,0.0000,0.0419,0.4962,0.1107,0.0157,0.0119,0.0000
10,WEEKDAY,3,0.0069,0.0000,0.1039,0.0024,0.0439,0.4962,0.1839,0.0166,0.0224,0.0026
10,WEEKDAY,4,0.0083,0.0000,0.1034,0.0135,0.0470,0.4962,0.2541,0.0208,0.0302,0.0160
10,WEEKDAY,5,0.0068,0.0000,0.0984,0.0220,0.0493,0.4962,0.4120,0.0253,0.0456,0.0268
10,WEEKDAY,6,0.0064,0.0000,0.1003,0.0281,0.0508,0.4962,0.4611,0.0285,0.0504,0.0311
10,WEEKDAY,7,0.0000,0.0000,0.0607,0.0267,0.0521,0.0863,0.3552,0.0303,0.0521,0.0315
10,WEEKDAY,8,0.0000,0.0002,0.0619,0.0245,0.0534,0.0000,0.2772,0.0304,0.0625,0.0299
10,WEEKDAY,9,0.0000,0.0259,0.0595,0.0255,0.0539,0.0000,0.2474,0.0293,0.0656,0.0281
10,WEEKDAY,10,0.0000,0.1595,0.0604,0.0282,0.0539,0.0000,0.2252,0.0286,0.0565,0.0273
10,WEEKDAY,11,0.0000,0.2906,0.0627,0.0307,0.0539,0.0000,0.2214,0.0280,0.0349,0.0272
10,WEEKDAY,12,0.0000,0.3741,0.0657,0.0299,0.0539,0.0000,0.2214,0.0283,0.0311,0.0271
10,WEEKDAY,13,0.0000,0.4107,0.0684,0.0280,0.0539,0.0000,0.2214,0.0298,0.0314,0.0276
10,WEEKDAY,14,0.0000,0.4218,0.0694,0.0274,0.0539,0.0000,0.2214,0.0305,0.0432,0.0285
10,WEEKDAY,15,0.0000,0.3822,0.0712,0.0292,0.0539,0.0000,0.3129,0.0302,0.0475,0.0276
10,WEEKDAY,16,0.0000,0.2574,0.0861,0.0316,0.0536,0.0000,0.3321,0.0292,0.0594,0.0258
10,WEEKDAY,17,0.0000,0.1266,0.1004,0.0311,0.0530,0.0000,0.3870,0.0279,0.0621,0.0354
10,WEEKDAY,18,0.0000,0.0702,0.1031,0.0296,0.0525,0.4099,0.3985,0.0270,0.0621,0.0395
10,WEEKDAY,19,0.0000,0.0244,0.1043,0.0264,0.0516,0.4962,0.3803,0.0255,0.0479,0.0409
10,WEEKDAY,20,0.0000,0.0055,0.1040,0.0222,0.0500,0.4962,0.3581,0.0246,0.0399,0.0376
10,WEEKDAY,21,0.0000,0.0022,0.1034,0.0167,0.0480,0.4962,0.3360,0.0232,0.0260,0.0226
10,WEEKDAY,22,0.0006,0.0005,0.1031,0.0027,0.0466,0.4962,0.2407,0.0200,0.0214,0.0112
10,WEEKDAY,23,0.0017,0.0001,0.1031,0.0000,0.0449,0.4962,0.1300,0.0178,0.0179,0.0069
10,SATURDAY,0,0.0031,0.0000,0.1015,0.0000,0.0427,0.4962,0.1107,0.0165,0.0142,0.0017
10,SATURDAY,1,0.0068,0.0000,0.1028,0.0000,0.0419,0.4962,0.1107,0.0157,0.0119,0.0000
10,SATURDAY,2,0.0135,0.0000,0.1042,0.0000,0.0419,0.4962,0.1107,0.0157,0.0119,0.0000
10,SATURDAY,3,0.0143,0.0000,0.1047,0.0029,0.0444,0.4962,0.1993,0.0168,0.0246,0.0031
10,SATURDAY,4,0.0150,0.0000,0.1031,0.0157,0.0476,0.4962,0.2657,0.0216,0.0314,0.0187
10,SATURDAY,5,0.0146,0.0000,0.0992,0.0233,0.0496,0.4962,0.4428,0.0261,0.0486,0.0285
10,SATURDAY,6,0.0142,0.0000,0.1017,0.0291,0.0511,0.4962,0.4650,0.0290,0.0508,0.0316
10,SATURDAY,7,0.0000,0.0000,0.0614,0.0262,0.0524,0.0000,0.3321,0.0305,0.0524,0.0315
10,SATURDAY,8,0.0000,0.0000,0.0596,0.0241,0.0536,0.0000,0.2657,0.0304,0.0647,0.0296
10,SATURDAY,9,0.0000,0.0133,0.0596,0.0257,0.0539,0.0000,0.2435,0.0290,0.0658,0.0278
10,SATURDAY,10,0.0000,0.2105,0.0605,0.0287,0.0539,0.0000,0.2214,0.0285,0.0546,0.0272
10,SATURDAY,11,0.0000,0.3229,0.0625,0.0312,0.0539,0.0000,0.2214,0.0279,0.0307,0.0272
10,SATURDAY,12,0.0000,0.3896,0.0668,0.0296,0.0539,0.0000,0.2214,0.0284,0.0311,0.0271
10,SATURDAY,13,0.0000,0.4091,0.0694,0.0277,0.0539,0.0000,0.2214,0.0301,0.0315,0.0278
10,SATURDAY,14,0.0000,0.4208,0.0716,0.0273,0.0539,0.0000,0.2214,0.0305,0.0457,0.0286
10,SATURDAY,15,0.0000,0.4305,0.0712,0.0296,0.0539,0.0000,0.3321,0.0301,0.0479,0.0274
10,SATURDAY,16,0.0000,0.3101,0.0876,0.0320,0.0536,0.0000,0.3321,0.0290,0.0618,0.0255
10,SATURDAY,17,0.0000,0.1608,0.0987,0.0309,0.0529,0.0000,0.3985,0.0277,0.0621,0.0375
10,SATURDAY,18,0.0000,0.1037,0.1004,0.0293,0.0524,0.4962,0.3985,0.0268,0.0621,0.0399
10,SATURDAY,19,0.0000,0.0388,0.1033,0.0257,0.0514,0.4962,0.3764,0.0252,0.0449,0.0411
10,SATURDAY,20,0.0000,0.0071,0.1044,0.0214,0.0497,0.4962,0.3543,0.0244,0.0389,0.0369
10,SATURDAY,21,0.0000,0.0021,0.1035,0.0157,0.0477,0.4962,0.3321,0.0229,0.0232,0.0196
10,SATURDAY,22,0.0000,0.0004,0.1031,0.0000,0.0463,0.4962,0.2214,0.0194,0.0210,0.0094
10,SATURDAY,23,0.0000,0.0000,0.1030,0.0000,0.0447,0.4962,0.1107,0.0175,0.0172,0.0063
10,SUNDAY,0,0.0000,0.0000,0.1004,0.0000,0.0432,0.4962,0.1107,0.0167,0.0150,0.0028
10,SUNDAY,1,0.0000,0.0000,0.1032,0.0000,0.0421,0.4962,0.1107,0.0159,0.0125,0.0004
10,SUNDAY,2,0.0034,0.0000,0.1036,0.0000,0.0419,0.4962,0.1107,0.0157,0.0119,0.0000
10,SUNDAY,3,0.0098,0.0000,0.1040,0.0022,0.0438,0.4962,0.1771,0.0165,0.0215,0.0023
10,SUNDAY,4,0.0104,0.0000,0.1035,0.0125,0.0468,0.4962,0.2491,0.0204,0.0297,0.0148
10,SUNDAY,5,0.0075,0.0000,0.0998,0.0214,0.0491,0.4962,0.3985,0.0249,0.0443,0.0260
10,SUNDAY,6,0.0074,0.0000,0.0979,0.0277,0.0507,0.4962,0.4594,0.0283,0.0503,0.0308
10,SUNDAY,7,0.0000,0.0000,0.0601,0.0269,0.0520,0.1241,0.3653,0.0301,0.0520,0.0315
10,SUNDAY,8,0.0000,0.0005,0.0595,0.0246,0.0533,0.0000,0.2823,0.0304,0.0616,0.0300
10,SUNDAY,9,0.0000,0.0445,0.0598,0.0253,0.0538,0.0000,0.2491,0.0294,0.0655,0.0283
10,SUNDAY,10,0.0000,0.2428,0.0608,0.0280,0.0539,0.0000,0.2269,0.0286,0.0574,0.0274
10,SUNDAY,11,0.0000,0.3630,0.0639,0.0305,0.0539,0.0000,0.2214,0.0281,0.0367,0.0272
10,SUNDAY,12,0.0000,0.4091,0.0688,0.0300,0.0539,0.0000,0.2214,0.0283,0.0310,0.0271
10,SUNDAY,13,0.0000,0.5177,0.0734,0.0281,0.0539,0.0000,0.2214,0.0297,0.0314,0.0276
10,SUNDAY,14,0.0000,0.5552,0.0738,0.0274,0.0539,0.0000,0.2214,0.0304,0.0421,0.0284
10,SUNDAY,15,0.0000,0.5476,0.0744,0.0290,0.0539,0.0000,0.3044,0.0302,0.0474,0.0277
10,SUNDAY,16,0.0000,0.4032,0.0831,0.0314,0.0537,0.0000,0.3321,0.0293,0.0583,0.0260
10,SUNDAY,17,0.0000,0.2032,0.0970,0.0312,0.0530,0.0000,0.3819,0.0280,0.0620,0.0345
10,SUNDAY,18,0.0000,0.1334,0.1002,0.0297,0.0525,0.3722,0.3985,0.0270,0.0621,0.0393
10,SUNDAY,19,0.0000,0.0442,0.1041,0.0266,0.0516,0.4962,0.3819,0.0256,0.0492,0.0408
10,SUNDAY,20,0.0000,0.0098,0.1047,0.0225,0.0501,0.4962,0.3598,0.0246,0.0404,0.0380
10,SUNDAY,21,0.0000,0.0038,0.1037,0.0171,0.0482,0.4962,0.3377,0.0233,0.0271,0.0240
10,SUNDAY,22,0.0000,0.0010,0.1032,0.0039,0.0467,0.4962,0.2491,0.0203,0.0215,0.0120
10,SUNDAY,23,0.0000,0.0002,0.1030,0.0000,0.0451,0.4962,0.1384,0.0180,0.0181,0.0071
10,HOLIDAY,0,0.0000,0.0000,0.0000,0.0000,0.0000,0.0000,0.0000,0.0000,0.0000,0.0000
10,HOLIDAY,1,0.0000,0.0000,0.0000,0.0000,0.0000,0.0000,0.0000,0.0000,0.0000,0.0000
10,HOLIDAY,2,0.0000,0.0000,0.0000,0.0000,0.0000,0.0000,0.0000,0.0000,0.0000,0.0000
10,HOLIDAY,3,0.0000,0.0000,0.0000,0.0000,0.0000,0.0000,0.0000,0.0000,0.0000,0.0000
10,HOLIDAY,4,0.0000,0.0000,0.0000,0.0000,0.0000,0.0000,0.0000,0.0000,0.0000,0.0000
10,HOLIDAY,5,0.0000,0.0000,0.0000,0.0000,0.0000,0.0000,0.0000,0.0000,0.0000,0.0000
10,HOLIDAY,6,0.0000,0.0000,0.0000,0.0000,0.0000,0.0000,0.0000,0.0000,0.0000,0.0000
10,HOLIDAY,7,0.0000,0.0000,0.0000,0.0000,0.0000,0.0000,0.0000,0.0000,0.0000,0.0000
10,HOLIDAY,8,0.0000,0.0000,0.0000,0.0000,0.0000,0.0000,0.0000,0.0000,0.0000,0.0000
10,HOLIDAY,9,0.0000,0.0000,0.0000,0.0000,0.0000,0.0000,0.0000,0.0000,0.0000,0.0000
10,HOLIDAY,10,0.0000,0.0000,0.0000,0.0000,0.0000,0.0000,0.0000,0.0000,0.0000,0.0000
10,HOLIDAY,11,0.0000,0.0000,0.0000,0.0000,0.0000,0.0000,0.0000,0.0000,0.0000,0.0000
10,HOLIDAY,12,0.0000,0.0000,0.0000,0.0000,0.0000,0.0000,0.0000,0.0000,0.0000,0.0000
10,HOLIDAY,13,0.0000,0.0000,0.0000,0.0000,0.0000,0.0000,0.0000,0.0000,0.0000,0.0000
10,HOLIDAY,14,0.0000,0.0000,0.0000,0.0000,0.0000,0.0000,0.0000,0.0000,0.0000,0.0000
10,HOLIDAY,15,0.0000,0.0000,0.0000,0.0000,0.0000,0.0000,0.0000,0.0000,0.0000,0.0000
10,HOLIDAY,16,0.0000,0.0000,0.0000,0.0000,0.0000,0.0000,0.0000,0.0000,0.0000,0.0000
10,HOLIDAY,17,0.0000,0.0000,0.0000,0.0000,0.0000,0.0000,0.0000,0.0000,0.0000,0.0000
10,HOLIDAY,18,0.0000,0.0000,0.0000,0.0000,0.0000,0.0000,0.0000,0.0000,0.0000,0.0000
10,HOLIDAY,19,0.0000,0.0000,0.0000,0.0000,0.0000,0.0000,0.0000,0.0000,0.0000,0.0000
10,HOLIDAY,20,0.0000,0.0000,0.0000,0.0000,0.0000,0.0000,0.0000,0.0000,0.0000,0.0000
10,HOLIDAY,21,0.0000,0.0000,0.0000,0.0000,0.0000,0.0000,0.0000,0.0000,0.0000,0.0000
10,HOLIDAY,22,0.0000,0.0000,0.0000,0.0000,0.0000,0.0000,0.0000,0.0000,0.0000,0.0000
10,HOLIDAY,23,0.0000,0.0000,0.0000,0.0000,0.0000,0.0000,0.0000,0.0000,0.0000,0.0000
11,WEEKDAY,0,0.0858,0.0000,0.1105,0.0000,0.0447,0.4962,0.1107,0.0175,0.0172,0.0063
11,WEEKDAY,1,0.1169,0.0000,0.1102,0.0000,0.0427,0.4962,0.1107,0.0165,0.0142,0.0017
11,WEEKDAY,2,0.1581,0.0000,0.1132,0.0000,0.0419,0.4962,0.1107,0.0157,0.0119,0.0000
11,WEEKDAY,3,0.1912,0.0000,0.1160,0.0000,0.0419,0.4962,0.1107,0.0157,0.0119,0.0000
11,WEEKDAY,4,0.1985,0.0000,0.1152,0.0029,0.0444,0.4962,0.1993,0.0168,0.0246,0.0031
11,WEEKDAY,5,0.2263,0.0000,0.1161,0.0157,0.0476,0.4962,0.2657,0.0216,0.0314,0.0187
11,WEEKDAY,6,0.2033,0.0000,0.1036,0.0233,0.0496,0.4962,0.4428,0.0261,0.0486,0.0285
11,WEEKDAY,7,0.1608,0.0000,0.0887,0.0291,0.0511,0.0000,0.4650,0.0290,0.0508,0.0316
11,WEEKDAY,8,0.0526,0.0000,0.0709,0.0262,0.0524,0.0000,0.3321,0.0305,0.0524,0.0315
11,WEEKDAY,9,0.0068,0.0000,0.0630,0.0241,0.0536,0.0000,0.2657,0.0304,0.0647,0.0296
11,WEEKDAY,10,0.0029,0.0029,0.0602,0.0257,0.0539,0.0000,0.2435,0.0290,0.0658,0.0278
11,WEEKDAY,11,0.0021,0.1495,0.0590,0.0287,0.0539,0.0000,0.2214,0.0285,0.0546,0.0272
11,WEEKDAY,12,0.0000,0.2171,0.0598,0.0312,0.0539,0.0000,0.2214,0.0279,0.0307,0.0272
11,WEEKDAY,13,0.0000,0.2318,0.0597,0.0296,0.0539,0.0000,0.2214,0.0284,0.0311,0.0271
11,WEEKDAY,14,0.0000,0.1800,0.0622,0.0277,0.0539,0.0000,0.2214,0.0301,0.0315,0.0278
11,WEEKDAY,15,0.0000,0.0714,0.0693,0.0273,0.0539,0.0000,0.2214,0.0305,0.0457,0.0286
11,WEEKDAY,16,0.0014,0.0014,0.0988,0.0296,0.0539,0.0000,0.3321,0.0301,0.0479,0.0274
11,WEEKDAY,17,0.0030,0.0008,0.0999,0.0320,0.0536,0.4962,0.3321,0.0290,0.0618,0.0255
11,WEEKDAY,18,0.0032,0.0002,0.1034,0.0309,0.0529,0.4962,0.3985,0.0277,0.0621,0.0375
11,WEEKDAY,19,0.0071,0.0000,0.1036,0.0293,0.0524,0.4962,0.3985,0.0268,0.0621,0.0399
11,WEEKDAY,20,0.0136,0.0000,0.1042,0.0257,0.0514,0.4962,0.3764,0.0252,0.0449,0.0411
11,WEEKDAY,21,0.0212,0.0000,0.1053,0.0214,0.0497,0.4962,0.3543,0.0244,0.0389,0.0369
11,WEEKDAY,22,0.0300,0.0000,0.1068,0.0157,0.0477,0.4962,0.3321,0.0229,0.0232,0.0196
11,WEEKDAY,23,0.0483,0.0000,0.1088,0.0000,0.0463,0.4962,0.2214,0.0194,0.0210,0.0094
11,SATURDAY,0,0.1606,0.0000,0.1129,0.0000,0.0447,0.4962,0.1107,0.0175,0.0172,0.0063
11,SATURDAY,1,0.2191,0.0000,0.1156,0.0000,0.0427,0.4962,0.1107,0.0165,0.0142,0.0017
11,SATURDAY,2,0.2939,0.0000,0.1175,0.0000,0.0419,0.4962,0.1107,0.0157,0.0119,0.0000
11,SATURDAY,3,0.3411,0.0000,0.1188,0.0000,0.0419,0.4962,0.1107,0.0157,0.0119,0.0000
11,SATURDAY,4,0.3518,0.0000,0.1163,0.0029,0.0444,0.4962,0.1993,0.0168,0.0246,0.0031
11,SATURDAY,5,0.3826,0.0000,0.1186,0.0157,0.0476,0.4962,0.2657,0.0216,0.0314,0.0187
11,SATURDAY,6,0.3348,0.0000,0.0992,0.0233,0.0496,0.4962,0.4428,0.0261,0.0486,0.0285
11,SATURDAY,7,0.2769,0.0000,0.0886,0.0291,0.0511,0.0000,0.4650,0.0290,0.0508,0.0316
11,SATURDAY,8,0.1311,0.0000,0.0767,0.0262,0.0524,0.0000,0.3321,0.0305,0.0524,0.0315
11,SATURDAY,9,0.0342,0.0000,0.0675,0.0241,0.0536,0.0000,0.2657,0.0304,0.0647,0.0296
11,SATURDAY,10,0.0083,0.0000,0.0613,0.0257,0.0539,0.0000,0.2435,0.0290,0.0658,0.0278
11,SATURDAY,11,0.0081,0.0420,0.0601,0.0287,0.0539,0.0000,0.2214,0.0285,0.0546,0.0272
11,SATURDAY,12,0.0026,0.1427,0.0596,0.0312,0.0539,0.0000,0.2214,0.0279,0.0307,0.0272
11,SATURDAY,13,0.0000,0.1489,0.0596,0.0296,0.0539,0.0000,0.2214,0.0284,0.0311,0.0271
11,SATURDAY,14,0.0000,0.1001,0.0662,0.0277,0.0539,0.0000,0.2214,0.0301,0.0315,0.0278
11,SATURDAY,15,0.0000,0.0259,0.0722,0.0273,0.0539,0.0000,0.2214,0.0305,0.0457,0.0286
11,SATURDAY,16,0.0090,0.0008,0.1013,0.0296,0.0539,0.0000,0.3321,0.0301,0.0479,0.0274
11,SATURDAY,17,0.0096,0.0004,0.0993,0.0320,0.0536,0.4962,0.3321,0.0290,0.0618,0.0255
11,SATURDAY,18,0.0153,0.0000,0.1041,0.0309,0.0529,0.4962,0.3985,0.0277,0.0621,0.0375
11,SATURDAY,19,0.0226,0.0000,0.1051,0.0293,0.0524,0.4962,0.3985,0.0268,0.0621,0.0399
11,SATURDAY,20,0.0406,0.0000,0.1070,0.0257,0.0514,0.4962,0.3764,0.0252,0.0449,0.0411
11,SATURDAY,21,0.0733,0.0000,0.1089,0.0214,0.0497,0.4962,0.3543,0.0244,0.0389,0.0369
11,SATURDAY,22,0.0951,0.0000,0.1104,0.0157,0.0477,0.4962,0.3321,0.0229,0.0232,0.0196
11,SATURDAY,23,0.1442,0.0000,0.1131,0.0000,0.0463,0.4962,0.2214,0.0194,0.0210,0.0094
11,SUNDAY,0,0.1909,0.0000,0.1143,0.0000,0.0447,0.4962,0.1107,0.0175,0.0172,0.0063
11,SUNDAY,1,0.2234,0.0000,0.1088,0.0000,0.0427,0.4962,0.1107,0.0165,0.0142,0.0017
11,SUNDAY,2,0.2569,0.0000,0.1139,0.0000,0.0419,0.4962,0.1107,0.0157,0.0119,0.0000
11,SUNDAY,3,0.3133,0.0000,0.1177,0.0000,0.0419,0.4962,0.1107,0.0157,0.0119,0.0000
11,SUNDAY,4,0.3282,0.0000,0.1151,0.0029,0.0444,0.4962,0.1993,0.0168,0.0246,0.0031
11,SUNDAY,5,0.3061,0.0000,0.1123,0.0157,0.0476,0.4962,0.2657,0.0216,0.0314,0.0187
11,SUNDAY,6,0.2732,0.0000,0.1070,0.0233,0.0496,0.4962,0.4428,0.0261,0.0486,0.0285
11,SUNDAY,7,0.2636,0.0000,0.0868,0.0291,0.0511,0.0000,0.4650,0.0290,0.0508,0.0316
11,SUNDAY,8,0.1154,0.0000,0.0754,0.0262,0.0524,0.0000,0.3321,0.0305,0.0524,0.0315
11,SUNDAY,9,0.0289,0.0000,0.0668,0.0241,0.0536,0.0000,0.2657,0.0304,0.0647,0.0296
11,SUNDAY,10,0.0067,0.0000,0.0615,0.0257,0.0539,0.0000,0.2435,0.0290,0.0658,0.0278
11,SUNDAY,11,0.0035,0.0902,0.0599,0.0287,0.0539,0.0000,0.2214,0.0285,0.0546,0.0272
11,SUNDAY,12,0.0031,0.1596,0.0591,0.0312,0.0539,0.0000,0.2214,0.0279,0.0307,0.0272
11,SUNDAY,13,0.0000,0.1996,0.0592,0.0296,0.0539,0.0000,0.2214,0.0284,0.0311,0.0271
11,SUNDAY,14,0.0000,0.1484,0.0647,0.0277,0.0539,0.0000,0.2214,0.0301,0.0315,0.0278
11,SUNDAY,15,0.0000,0.0506,0.0721,0.0273,0.0539,0.0000,0.2214,0.0305,0.0457,0.0286
11,SUNDAY,16,0.0074,0.0018,0.0991,0.0296,0.0539,0.0000,0.3321,0.0301,0.0479,0.0274
11,SUNDAY,17,0.0161,0.0013,0.1011,0.0320,0.0536,0.4962,0.3321,0.0290,0.0618,0.0255
11,SUNDAY,18,0.0211,0.0006,0.1041,0.0309,0.0529,0.4962,0.3985,0.0277,0.0621,0.0375
11,SUNDAY,19,0.0365,0.0000,0.1049,0.0293,0.0524,0.4962,0.3985,0.0268,0.0621,0.0399
11,SUNDAY,20,0.0470,0.0000,0.1065,0.0257,0.0514,0.4962,0.3764,0.0252,0.0449,0.0411
11,SUNDAY,21,0.0554,0.0000,0.1080,0.0214,0.0497,0.4962,0.3543,0.0244,0.0389,0.0369
11,SUNDAY,22,0.0873,0.0000,0.1101,0.0157,0.0477,0.4962,0.3321,0.0229,0.0232,0.0196
11,SUNDAY,23,0.1431,0.0000,0.1122,0.0000,0.0463,0.4962,0.2214,0.0194,0.0210,0.0094
11,HOLIDAY,0,0.0900,0.0000,0.1139,0.0000,0.0447,0.4962,0.1107,0.0175,0.0172,0.0063
11,HOLIDAY,1,0.1290,0.0000,0.1048,0.0000,0.0427,0.4962,0.1107,0.0165,0.0142,0.0017
11,HOLIDAY,2,0.1692,0.0000,0.1116,0.0000,0.0419,0.4962,0.1107,0.0157,0.0119,0.0000
11,HOLIDAY,3,0.2211,0.0000,0.1188,0.0000,0.0419,0.4962,0.1107,0.0157,0.0119,0.0000
11,HOLIDAY,4,0.2382,0.0000,0.1186,0.0029,0.0444,0.4962,0.1993,0.0168,0.0246,0.0031
11,HOLIDAY,5,0.2749,0.0000,0.1187,0.0157,0.0476,0.4962,0.2657,0.0216,0.0314,0.0187
11,HOLIDAY,6,0.2274,0.0000,0.0963,0.0233,0.0496,0.4962,0.4428,0.0261,0.0486,0.0285
11,HOLIDAY,7,0.1916,0.0000,0.0878,0.0291,0.0511,0.0000,0.4650,0.0290,0.0508,0.0316
11,HOLIDAY,8,0.0794,0.0000,0.0756,0.0262,0.0524,0.0000,0.3321,0.0305,0.0524,0.0315
11,HOLIDAY,9,0.0143,0.0000,0.0636,0.0241,0.0536,0.0000,0.2657,0.0304,0.0647,0.0296
11,HOLIDAY,10,0.0060,0.0000,0.0606,0.0257,0.0539,0.0000,0.2435,0.0290,0.0658,0.0278
11,HOLIDAY,11,0.0000,0.1204,0.0587,0.0287,0.0539,0.0000,0.2214,0.0285,0.0546,0.0272
11,HOLIDAY,12,0.0000,0.2041,0.0587,0.0312,0.0539,0.0000,0.2214,0.0279,0.0307,0.0272
11,HOLIDAY,13,0.0000,0.2379,0.0587,0.0296,0.0539,0.0000,0.2214,0.0284,0.0311,0.0271
11,HOLIDAY,14,0.0000,0.1539,0.0634,0.0277,0.0539,0.0000,0.2214,0.0301,0.0315,0.0278
11,HOLIDAY,15,0.0000,0.0005,0.0701,0.0273,0.0539,0.0000,0.2214,0.0305,0.0457,0.0286
11,HOLIDAY,16,0.0000,0.0000,0.1028,0.0296,0.0539,0.0000,0.3321,0.0301,0.0479,0.0274
11,HOLIDAY,17,0.0000,0.0000,0.1030,0.0320,0.0536,0.4962,0.3321,0.0290,0.0618,0.0255
11,HOLIDAY,18,0.0069,0.0000,0.1032,0.0309,0.0529,0.4962,0.3985,0.0277,0.0621,0.0375
11,HOLIDAY,19,0.0147,0.0000,0.1037,0.0293,0.0524,0.4962,0.3985,0.0268,0.0621,0.0399
11,HOLIDAY,20,0.0170,0.0000,0.1045,0.0257,0.0514,0.4962,0.3764,0.0252,0.0449,0.0411
11,HOLIDAY,21,0.0258,0.0000,0.1055,0.0214,0.0497,0.4962,0.3543,0.0244,0.0389,0.0369
11,HOLIDAY,22,0.0376,0.0000,0.1087,0.0157,0.0477,0.4962,0.3321,0.0229,0.0232,0.0196
11,HOLIDAY,23,0.0407,0.0000,0.1110,0.0000,0.0463,0.4962,0.2214,0.0194,0.0210,0.0094
12,WEEKDAY,0,0.5990,0.0000,0.1234,0.0000,0.0447,0.4962,0.1107,0.0175,0.0172,0.0063
12,WEEKDAY,1,0.7154,0.0000,0.1252,0.0000,0.0427,0.4962,0.1107,0.0165,0.0142,0.0017
12,WEEKDAY,2,0.7898,0.0000,0.1270,0.0000,0.0419,0.4962,0.1107,0.0157,0.0119,0.0000
12,WEEKDAY,3,0.8529,0.0000,0.1286,0.0000,0.0419,0.4962,0.1107,0.0157,0.0119,0.0000
12,WEEKDAY,4,0.8552,0.0000,0.1287,0.0029,0.0444,0.4962,0.1993,0.0168,0.0246,0.0031
12,WEEKDAY,5,0.9027,0.0000,0.1299,0.0157,0.0476,0.4962,0.2657,0.0216,0.0314,0.0187
12,WEEKDAY,6,0.8077,0.0000,0.1243,0.0233,0.0496,0.4962,0.4428,0.0261,0.0486,0.0285
12,WEEKDAY,7,0.8403,0.0000,0.1261,0.0291,0.0511,0.4962,0.4650,0.0290,0.0508,0.0316
12,WEEKDAY,8,0.5300,0.0000,0.1057,0.0262,0.0524,0.0000,0.3321,0.0305,0.0524,0.0315
12,WEEKDAY,9,0.3172,0.0000,0.0981,0.0241,0.0536,0.0000,0.2657,0.0304,0.0647,0.0296
12,WEEKDAY,10,0.1268,0.0000,0.0798,0.0257,0.0539,0.0000,0.2435,0.0290,0.0658,0.0278
12,WEEKDAY,11,0.0677,0.0055,0.0709,0.0287,0.0539,0.0000,0.2214,0.0285,0.0546,0.0272
12,WEEKDAY,12,0.0438,0.0588,0.0663,0.0312,0.0539,0.0000,0.2214,0.0279,0.0307,0.0272
12,WEEKDAY,13,0.0305,0.0812,0.0651,0.0296,0.0539,0.0000,0.2214,0.0284,0.0311,0.0271
12,WEEKDAY,14,0.0314,0.0568,0.0674,0.0277,0.0539,0.0000,0.2214,0.0301,0.0315,0.0278
12,WEEKDAY,15,0.0398,0.0034,0.0794,0.0273,0.0539,0.0000,0.2214,0.0305,0.0457,0.0286
12,WEEKDAY,16,0.0687,0.0000,0.1060,0.0296,0.0539,0.0000,0.3321,0.0301,0.0479,0.0274
12,WEEKDAY,17,0.0984,0.0000,0.1072,0.0320,0.0536,0.4962,0.3321,0.0290,0.0618,0.0255
12,WEEKDAY,18,0.1243,0.0000,0.1097,0.0309,0.0529,0.4962,0.3985,0.0277,0.0621,0.0375
12,WEEKDAY,19,0.1775,0.0000,0.1119,0.0293,0.0524,0.4962,0.3985,0.0268,0.0621,0.0399
12,WEEKDAY,20,0.2454,0.0000,0.1144,0.0257,0.0514,0.4962,0.3764,0.0252,0.0449,0.0411
12,WEEKDAY,21,0.3221,0.0000,0.1170,0.0214,0.0497,0.4962,0.3543,0.0244,0.0389,0.0369
12,WEEKDAY,22,0.3899,0.0000,0.1197,0.0157,0.0477,0.4962,0.3321,0.0229,0.0232,0.0196
12,WEEKDAY,23,0.4986,0.0000,0.1223,0.0000,0.0463,0.4962,0.2214,0.0194,0.0210,0.0094
12,SATURDAY,0,0.5166,0.0000,0.1219,0.0000,0.0447,0.4962,0.1107,0.0175,0.0172,0.0063
12,SATURDAY,1,0.5386,0.0000,0.1229,0.0000,0.0427,0.4962,0.1107,0.0165,0.0142,0.0017
12,SATURDAY,2,0.6155,0.0000,0.1245,0.0000,0.0419,0.4962,0.1107,0.0157,0.0119,0.0000
12,SATURDAY,3,0.6704,0.0000,0.1250,0.0000,0.0419,0.4962,0.1107,0.0157,0.0119,0.0000
12,SATURDAY,4,0.6837,0.0000,0.1256,0.0029,0.0444,0.4962,0.1993,0.0168,0.0246,0.0031
12,SATURDAY,5,0.7380,0.0000,0.1270,0.0157,0.0476,0.4962,0.2657,0.0216,0.0314,0.0187
12,SATURDAY,6,0.6310,0.0000,0.1198,0.0233,0.0496,0.4962,0.4428,0.0261,0.0486,0.0285
12,SATURDAY,7,0.6801,0.0000,0.1215,0.0291,0.0511,0.4962,0.4650,0.0290,0.0508,0.0316
12,SATURDAY,8,0.4010,0.0000,0.0989,0.0262,0.0524,0.0000,0.3321,0.0305,0.0524,0.0315
12,SATURDAY,9,0.1914,0.0000,0.0902,0.0241,0.0536,0.0000,0.2657,0.0304,0.0647,0.0296
12,SATURDAY,10,0.0593,0.0000,0.0694,0.0257,0.0539,0.0000,0.2435,0.0290,0.0658,0.0278
12,SATURDAY,11,0.0254,0.0293,0.0628,0.0287,0.0539,0.0000,0.2214,0.0285,0.0546,0.0272
12,SATURDAY,12,0.0153,0.0579,0.0651,0.0312,0.0539,0.0000,0.2214,0.0279,0.0307,0.0272
12,SATURDAY,13,0.0071,0.0914,0.0604,0.0296,0.0539,0.0000,0.2214,0.0284,0.0311,0.0271
12,SATURDAY,14,0.0064,0.0563,0.0661,0.0277,0.0539,0.0000,0.2214,0.0301,0.0315,0.0278
12,SATURDAY,15,0.0107,0.0209,0.0795,0.0273,0.0539,0.0000,0.2214,0.0305,0.0457,0.0286
12,SATURDAY,16,0.0169,0.0000,0.1019,0.0296,0.0539,0.0000,0.3321,0.0301,0.0479,0.0274
12,SATURDAY,17,0.0304,0.0000,0.1059,0.0320,0.0536,0.4962,0.3321,0.0290,0.0618,0.0255
12,SATURDAY,18,0.0561,0.0000,0.1074,0.0309,0.0529,0.4962,0.3985,0.0277,0.0621,0.0375
12,SATURDAY,19,0.0984,0.0000,0.1094,0.0293,0.0524,0.4962,0.3985,0.0268,0.0621,0.0399
12,SATURDAY,20,0.1804,0.0000,0.1119,0.0257,0.0514,0.4962,0.3764,0.0252,0.0449,0.0411
12,SATURDAY,21,0.2024,0.0000,0.1143,0.0214,0.0497,0.4962,0.3543,0.0244,0.0389,0.0369
12,SATURDAY,22,0.2666,0.0000,0.1171,0.0157,0.0477,0.4962,0.3321,0.0229,0.0232,0.0196
12,SATURDAY,23,0.3873,0.0000,0.1198,0.0000,0.0463,0.4962,0.2214,0.0194,0.0210,0.0094
12,SUNDAY,0,0.4724,0.0000,0.1221,0.0000,0.0447,0.4962,0.1107,0.0175,0.0172,0.0063
12,SUNDAY,1,0.5418,0.0000,0.1208,0.0000,0.0427,0.4962,0.1107,0.0165,0.0142,0.0017
12,SUNDAY,2,0.6369,0.0000,0.1248,0.0000,0.0419,0.4962,0.1107,0.0157,0.0119,0.0000
12,SUNDAY,3,0.7225,0.0000,0.1259,0.0000,0.0419,0.4962,0.1107,0.0157,0.0119,0.0000
12,SUNDAY,4,0.7324,0.0000,0.1262,0.0029,0.0444,0.4962,0.1993,0.0168,0.0246,0.0031
12,SUNDAY,5,0.7700,0.0000,0.1260,0.0157,0.0476,0.4962,0.2657,0.0216,0.0314,0.0187
12,SUNDAY,6,0.6509,0.0000,0.1173,0.0233,0.0496,0.4962,0.4428,0.0261,0.0486,0.0285
12,SUNDAY,7,0.7017,0.0000,0.1191,0.0291,0.0511,0.4962,0.4650,0.0290,0.0508,0.0316
12,SUNDAY,8,0.3923,0.0000,0.0996,0.0262,0.0524,0.0000,0.3321,0.0305,0.0524,0.0315
12,SUNDAY,9,0.2247,0.0000,0.0917,0.0241,0.0536,0.0000,0.2657,0.0304,0.0647,0.0296
12,SUNDAY,10,0.0548,0.0000,0.0717,0.0257,0.0539,0.0000,0.2435,0.0290,0.0658,0.0278
12,SUNDAY,11,0.0261,0.0000,0.0627,0.0287,0.0539,0.0000,0.2214,0.0285,0.0546,0.0272
12,SUNDAY,12,0.0180,0.0870,0.0604,0.0312,0.0539,0.0000,0.2214,0.0279,0.0307,0.0272
12,SUNDAY,13,0.0093,0.1409,0.0616,0.0296,0.0539,0.0000,0.2214,0.0284,0.0311,0.0271
12,SUNDAY,14,0.0084,0.0863,0.0672,0.0277,0.0539,0.0000,0.2214,0.0301,0.0315,0.0278
12,SUNDAY,15,0.0093,0.0000,0.0748,0.0273,0.0539,0.0000,0.2214,0.0305,0.0457,0.0286
12,SUNDAY,16,0.0229,0.0000,0.1028,0.0296,0.0539,0.0000,0.3321,0.0301,0.0479,0.0274
12,SUNDAY,17,0.0292,0.0000,0.1060,0.0320,0.0536,0.4962,0.3321,0.0290,0.0618,0.0255
12,SUNDAY,18,0.0457,0.0000,0.1072,0.0309,0.0529,0.4962,0.3985,0.0277,0.0621,0.0375
12,SUNDAY,19,0.0876,0.0000,0.1092,0.0293,0.0524,0.4962,0.3985,0.0268,0.0621,0.0399
12,SUNDAY,20,0.1438,0.0000,0.1114,0.0257,0.0514,0.4962,0.3764,0.0252,0.0449,0.0411
12,SUNDAY,21,0.2019,0.0000,0.1143,0.0214,0.0497,0.4962,0.3543,0.0244,0.0389,0.0369
12,SUNDAY,22,0.2300,0.0000,0.1171,0.0157,0.0477,0.4962,0.3321,0.0229,0.0232,0.0196
12,SUNDAY,23,0.3288,0.0000,0.1195,0.0000,0.0463,0.4962,0.2214,0.0194,0.0210,0.0094
12,HOLIDAY,0,1.0898,0.0000,0.1297,0.0000,0.0447,0.4962,0.1107,0.0175,0.0172,0.0063
12,HOLIDAY,1,1.2233,0.0000,0.1323,0.0000,0.0427,0.4962,0.1107,0.0165,0.0142,0.0017
12,HOLIDAY,2,1.4460,0.0000,0.1440,0.0000,0.0419,0.4962,0.1107,0.0157,0.0119,0.0000
12,HOLIDAY,3,1.4636,0.0000,0.1409,0.0000,0.0419,0.4962,0.1107,0.0157,0.0119,0.0000
12,HOLIDAY,4,1.4978,0.0000,0.1499,0.0029,0.0444,0.4962,0.1993,0.0168,0.0246,0.0031
12,HOLIDAY,5,1.4760,0.0000,0.1440,0.0157,0.0476,0.4962,0.2657,0.0216,0.0314,0.0187
12,HOLIDAY,6,1.3477,0.0000,0.1431,0.0233,0.0496,0.4962,0.4428,0.0261,0.0486,0.0285
12,HOLIDAY,7,1.4002,0.0000,0.1459,0.0291,0.0511,0.4962,0.4650,0.0290,0.0508,0.0316
12,HOLIDAY,8,0.9443,0.0000,0.1340,0.0262,0.0524,0.0000,0.3321,0.0305,0.0524,0.0315
12,HOLIDAY,9,0.5972,0.0000,0.1170,0.0241,0.0536,0.0000,0.2657,0.0304,0.0647,0.0296
12,HOLIDAY,10,0.3984,0.0000,0.1118,0.0257,0.0539,0.0000,0.2435,0.0290,0.0658,0.0278
12,HOLIDAY,11,0.2658,0.0000,0.1125,0.0287,0.0539,0.0000,0.2214,0.0285,0.0546,0.0272
12,HOLIDAY,12,0.1831,0.0000,0.1080,0.0312,0.0539,0.0000,0.2214,0.0279,0.0307,0.0272
12,HOLIDAY,13,0.1041,0.0000,0.0765,0.0296,0.0539,0.0000,0.2214,0.0284,0.0311,0.0271
12,HOLIDAY,14,0.0900,0.0000,0.0753,0.0277,0.0539,0.0000,0.2214,0.0301,0.0315,0.0278
12,HOLIDAY,15,0.1301,0.0000,0.0835,0.0273,0.0539,0.0000,0.2214,0.0305,0.0457,0.0286
12,HOLIDAY,16,0.2015,0.0000,0.1138,0.0296,0.0539,0.0000,0.3321,0.0301,0.0479,0.0274
12,HOLIDAY,17,0.2966,0.0000,0.1158,0.0320,0.0536,0.4962,0.3321,0.0290,0.0618,0.0255
12,HOLIDAY,18,0.3774,0.0000,0.1180,0.0309,0.0529,0.4962,0.3985,0.0277,0.0621,0.0375
12,HOLIDAY,19,0.4993,0.0000,0.1211,0.0293,0.0524,0.4962,0.3985,0.0268,0.0621,0.0399
12,HOLIDAY,20,0.5764,0.0000,0.1231,0.0257,0.0514,0.4962,0.3764,0.0252,0.0449,0.0411
12,HOLIDAY,21,0.6571,0.0000,0.1273,0.0214,0.0497,0.4962,0.3543,0.0244,0.0389,0.0369
12,HOLIDAY,22,0.7384,0.0000,0.1315,0.0157,0.0477,0.4962,0.3321,0.0229,0.0232,0.0196
12,HOLIDAY,23,0.9501,0.0000,0.1354,0.0000,0.0463,0.4962,0.2214,0.0194,0.0210,0.0094
