Month,Weekend,Hour,Cooling,Ventilation,Cooking,Refrigeration,Exterior_Lighting,Interior_Lighting,Office_Equipment,Miscellaneous,Motors,Air_Compressors
1,WEEKDAY,0,0.0000,0.0040,0.0006,1.8808,0.0947,0.0908,0.0091,0.0304,0.1846,0.0837
1,WEEKDAY,1,0.0000,0.0045,0.0003,1.8816,0.0947,0.0650,0.0089,0.0273,0.1560,0.0788
1,WEEKDAY,2,0.0000,0.0061,0.0002,1.8801,0.0947,0.0574,0.0089,0.0275,0.1488,0.0789
1,WEEKDAY,3,0.0000,0.0058,0.0002,1.8922,0.0947,0.0730,0.0094,0.0342,0.1576,0.0856
1,WEEKDAY,4,0.0000,0.0042,0.0006,1.8754,0.0947,0.1671,0.0134,0.0704,0.2071,0.1179
1,WEEKDAY,5,0.0000,0.0004,0.0020,1.9749,0.0947,0.2877,0.0250,0.1057,0.2686,0.1463
1,WEEKDAY,6,0.0029,0.0125,0.0033,1.9467,0.0947,0.3424,0.0407,0.1271,0.2991,0.1573
1,WEEKDAY,7,0.0450,0.5975,0.0040,1.7588,0.0000,0.3616,0.0502,0.1388,0.3123,0.1612
1,WEEKDAY,8,0.1410,0.6190,0.0044,1.7121,0.0000,0.3681,0.0550,0.1438,0.3158,0.1619
1,WEEKDAY,9,0.2173,0.6364,0.0045,1.7674,0.0000,0.3697,0.0572,0.1453,0.3162,0.1620
1,WEEKDAY,10,0.2608,0.6467,0.0045,1.7886,0.0000,0.3693,0.0579,0.1455,0.3162,0.1620
1,WEEKDAY,11,0.2937,0.6559,0.0045,1.8393,0.0000,0.3686,0.0580,0.1455,0.3162,0.1620
1,WEEKDAY,12,0.3164,0.6607,0.0045,1.9974,0.0000,0.3686,0.0578,0.1454,0.3162,0.1620
1,WEEKDAY,13,0.3357,0.6646,0.0045,2.0608,0.0000,0.3688,0.0566,0.1452,0.3162,0.1620
1,WEEKDAY,14,0.3449,0.6657,0.0043,2.2288,0.0000,0.3683,0.0545,0.1430,0.3162,0.1620
1,WEEKDAY,15,0.3007,0.6565,0.0038,2.2703,0.0000,0.3625,0.0486,0.1380,0.3160,0.1619
1,WEEKDAY,16,0.2076,0.6354,0.0032,2.1607,0.0000,0.3470,0.0379,0.1297,0.3153,0.1613
1,WEEKDAY,17,0.1070,0.6111,0.0022,2.1372,0.0947,0.3192,0.0244,0.1162,0.3125,0.1594
1,WEEKDAY,18,0.0000,0.5820,0.0015,1.9937,0.0947,0.2924,0.0163,0.1067,0.3133,0.1600
1,WEEKDAY,19,0.0000,0.5820,0.0012,1.9400,0.0947,0.2536,0.0132,0.0960,0.2988,0.1497
1,WEEKDAY,20,0.0000,0.5820,0.0010,1.9186,0.0947,0.1622,0.0104,0.0539,0.2328,0.1035
1,WEEKDAY,21,0.0000,0.5824,0.0009,1.8106,0.0947,0.1368,0.0097,0.0433,0.2193,0.0953
1,WEEKDAY,22,0.0000,0.5833,0.0009,1.9887,0.0947,0.1628,0.0105,0.0690,0.2519,0.1205
1,WEEKDAY,23,0.0000,0.5837,0.0007,1.8768,0.0947,0.1232,0.0096,0.0479,0.2138,0.0976
1,SATURDAY,0,0.0000,0.0000,0.0003,1.8804,0.0947,0.0583,0.0089,0.0269,0.1506,0.0778
1,SATURDAY,1,0.0000,0.0013,0.0002,1.8815,0.0947,0.0622,0.0090,0.0321,0.1535,0.0827
1,SATURDAY,2,0.0000,0.0000,0.0002,1.8801,0.0947,0.1110,0.0103,0.0635,0.1996,0.1153
1,SATURDAY,3,0.0000,0.0030,0.0002,1.8922,0.0947,0.1554,0.0116,0.0911,0.2406,0.1443
1,SATURDAY,4,0.0000,0.0015,0.0003,1.8752,0.0947,0.1754,0.0121,0.0958,0.2581,0.1520
1,SATURDAY,5,0.0000,0.0047,0.0009,1.9741,0.0947,0.2199,0.0126,0.0971,0.3022,0.1598
1,SATURDAY,6,0.0000,0.0049,0.0010,1.9448,0.0947,0.2339,0.0128,0.0973,0.3125,0.1615
1,SATURDAY,7,0.0000,0.5870,0.0011,1.7562,0.0000,0.2404,0.0128,0.0973,0.3143,0.1617
1,SATURDAY,8,0.0000,0.5820,0.0011,1.7090,0.0000,0.2461,0.0128,0.0973,0.3159,0.1619
1,SATURDAY,9,0.0000,0.5820,0.0011,1.7640,0.0000,0.2485,0.0128,0.0973,0.3162,0.1620
1,SATURDAY,10,0.0000,0.5820,0.0011,1.7851,0.0000,0.2502,0.0128,0.0973,0.3162,0.1620
1,SATURDAY,11,0.0000,0.5820,0.0011,1.8359,0.0000,0.2516,0.0128,0.0972,0.3162,0.1620
1,SATURDAY,12,0.0000,0.5820,0.0011,1.9940,0.0000,0.2518,0.0128,0.0965,0.3162,0.1620
1,SATURDAY,13,0.0000,0.5820,0.0011,2.0575,0.0000,0.2518,0.0128,0.0958,0.3162,0.1620
1,SATURDAY,14,0.0000,0.5820,0.0011,2.2256,0.0000,0.2513,0.0128,0.0946,0.3157,0.1616
1,SATURDAY,15,0.0000,0.5820,0.0011,2.2674,0.0000,0.2486,0.0128,0.0912,0.3126,0.1594
1,SATURDAY,16,0.0000,0.5820,0.0011,2.1584,0.0000,0.2283,0.0122,0.0795,0.2952,0.1471
1,SATURDAY,17,0.0000,0.5820,0.0011,2.1358,0.0947,0.1479,0.0102,0.0427,0.2313,0.1021
1,SATURDAY,18,0.0000,0.5834,0.0011,1.9929,0.0947,0.1626,0.0111,0.0578,0.2493,0.1159
1,SATURDAY,19,0.0000,0.5833,0.0010,1.9393,0.0947,0.1272,0.0098,0.0341,0.2130,0.0914
1,SATURDAY,20,0.0000,0.5835,0.0010,1.9180,0.0947,0.1158,0.0094,0.0281,0.2016,0.0850
1,SATURDAY,21,0.0000,0.5836,0.0009,1.8100,0.0947,0.1064,0.0094,0.0280,0.1951,0.0841
1,SATURDAY,22,0.0000,0.5851,0.0008,1.9881,0.0947,0.0956,0.0093,0.0279,0.1879,0.0830
1,SATURDAY,23,0.0000,0.5883,0.0006,1.8763,0.0947,0.0820,0.0092,0.0276,0.1767,0.0815
1,SUNDAY,0,0.0000,0.0067,0.0003,1.8804,0.0947,0.0583,0.0089,0.0269,0.1489,0.0790
1,SUNDAY,1,0.0000,0.0074,0.0002,1.8815,0.0947,0.0622,0.0090,0.0321,0.1725,0.0961
1,SUNDAY,2,0.0000,0.0077,0.0002,1.8801,0.0947,0.1110,0.0103,0.0635,0.2326,0.1386
1,SUNDAY,3,0.0000,0.0082,0.0002,1.8922,0.0947,0.1554,0.0116,0.0911,0.2472,0.1487
1,SUNDAY,4,0.0000,0.0084,0.0003,1.8752,0.0947,0.1754,0.0121,0.0958,0.2605,0.1524
1,SUNDAY,5,0.0000,0.0087,0.0009,1.9741,0.0947,0.2199,0.0126,0.0971,0.3026,0.1598
1,SUNDAY,6,0.0000,0.0091,0.0010,1.9448,0.0947,0.2339,0.0128,0.0973,0.3122,0.1614
1,SUNDAY,7,0.0000,0.5911,0.0011,1.7562,0.0000,0.2404,0.0128,0.0973,0.3139,0.1617
1,SUNDAY,8,0.0000,0.5899,0.0011,1.7090,0.0000,0.2461,0.0128,0.0973,0.3154,0.1619
1,SUNDAY,9,0.0000,0.5859,0.0011,1.7640,0.0000,0.2485,0.0128,0.0973,0.3161,0.1620
1,SUNDAY,10,0.0000,0.5835,0.0011,1.7851,0.0000,0.2502,0.0128,0.0973,0.3162,0.1620
1,SUNDAY,11,0.0000,0.5837,0.0011,1.8359,0.0000,0.2516,0.0128,0.0972,0.3162,0.1620
1,SUNDAY,12,0.0000,0.5833,0.0011,1.9940,0.0000,0.2518,0.0128,0.0965,0.3162,0.1620
1,SUNDAY,13,0.0000,0.5835,0.0011,2.0575,0.0000,0.2518,0.0128,0.0958,0.3162,0.1620
1,SUNDAY,14,0.0000,0.5820,0.0011,2.2256,0.0000,0.2513,0.0128,0.0946,0.3157,0.1616
1,SUNDAY,15,0.0000,0.5833,0.0011,2.2674,0.0000,0.2486,0.0128,0.0912,0.3126,0.1594
1,SUNDAY,16,0.0000,0.5851,0.0011,2.1584,0.0000,0.2283,0.0122,0.0795,0.3090,0.1569
1,SUNDAY,17,0.0000,0.5855,0.0011,2.1358,0.0947,0.1479,0.0102,0.0427,0.2959,0.1476
1,SUNDAY,18,0.0000,0.5859,0.0011,1.9929,0.0947,0.1626,0.0111,0.0578,0.2414,0.1091
1,SUNDAY,19,0.0000,0.5874,0.0010,1.9394,0.0947,0.1272,0.0098,0.0341,0.2116,0.0885
1,SUNDAY,20,0.0000,0.5893,0.0010,1.9181,0.0947,0.1158,0.0094,0.0281,0.2061,0.0856
1,SUNDAY,21,0.0000,0.5901,0.0009,1.8100,0.0947,0.1064,0.0094,0.0280,0.2042,0.0853
1,SUNDAY,22,0.0000,0.5905,0.0008,1.9881,0.0947,0.0956,0.0093,0.0279,0.1953,0.0841
1,SUNDAY,23,0.0000,0.5914,0.0006,1.8762,0.0947,0.0820,0.0092,0.0276,0.1573,0.0788
1,HOLIDAY,0,0.0000,0.0000,0.0000,0.0000,0.0000,0.0000,0.0000,0.0000,0.0000,0.0000
1,HOLIDAY,1,0.0000,0.0000,0.0000,0.0000,0.0000,0.0000,0.0000,0.0000,0.0000,0.0000
1,HOLIDAY,2,0.0000,0.0000,0.0000,0.0000,0.0000,0.0000,0.0000,0.0000,0.0000,0.0000
1,HOLIDAY,3,0.0000,0.0000,0.0000,0.0000,0.0000,0.0000,0.0000,0.0000,0.0000,0.0000
1,HOLIDAY,4,0.0000,0.0000,0.0000,0.0000,0.0000,0.0000,0.0000,0.0000,0.0000,0.0000
1,HOLIDAY,5,0.0000,0.0000,0.0000,0.0000,0.0000,0.0000,0.0000,0.0000,0.0000,0.0000
1,HOLIDAY,6,0.0000,0.0000,0.0000,0.0000,0.0000,0.0000,0.0000,0.0000,0.0000,0.0000
1,HOLIDAY,7,0.0000,0.0000,0.0000,0.0000,0.0000,0.0000,0.0000,0.0000,0.0000,0.0000
1,HOLIDAY,8,0.0000,0.0000,0.0000,0.0000,0.0000,0.0000,0.0000,0.0000,0.0000,0.0000
1,HOLIDAY,9,0.0000,0.0000,0.0000,0.0000,0.0000,0.0000,0.0000,0.0000,0.0000,0.0000
1,HOLIDAY,10,0.0000,0.0000,0.0000,0.0000,0.0000,0.0000,0.0000,0.0000,0.0000,0.0000
1,HOLIDAY,11,0.0000,0.0000,0.0000,0.0000,0.0000,0.0000,0.0000,0.0000,0.0000,0.0000
1,HOLIDAY,12,0.0000,0.0000,0.0000,0.0000,0.0000,0.0000,0.0000,0.0000,0.0000,0.0000
1,HOLIDAY,13,0.0000,0.0000,0.0000,0.0000,0.0000,0.0000,0.0000,0.0000,0.0000,0.0000
1,HOLIDAY,14,0.0000,0.0000,0.0000,0.0000,0.0000,0.0000,0.0000,0.0000,0.0000,0.0000
1,HOLIDAY,15,0.0000,0.0000,0.0000,0.0000,0.0000,0.0000,0.0000,0.0000,0.0000,0.0000
1,HOLIDAY,16,0.0000,0.0000,0.0000,0.0000,0.0000,0.0000,0.0000,0.0000,0.0000,0.0000
1,HOLIDAY,17,0.0000,0.0000,0.0000,0.0000,0.0000,0.0000,0.0000,0.0000,0.0000,0.0000
1,HOLIDAY,18,0.0000,0.0000,0.0000,0.0000,0.0000,0.0000,0.0000,0.0000,0.0000,0.0000
1,HOLIDAY,19,0.0000,0.0000,0.0000,0.0000,0.0000,0.0000,0.0000,0.0000,0.0000,0.0000
1,HOLIDAY,20,0.0000,0.0000,0.0000,0.0000,0.0000,0.0000,0.0000,0.0000,0.0000,0.0000
1,HOLIDAY,21,0.0000,0.0000,0.0000,0.0000,0.0000,0.0000,0.0000,0.0000,0.0000,0.0000
1,HOLIDAY,22,0.0000,0.0000,0.0000,0.0000,0.0000,0.0000,0.0000,0.0000,0.0000,0.0000
1,HOLIDAY,23,0.0000,0.0000,0.0000,0.0000,0.0000,0.0000,0.0000,0.0000,0.0000,0.0000
2,WEEKDAY,0,0.0000,0.0014,0.0006,1.8067,0.0947,0.0909,0.0091,0.0305,0.1847,0.0837
2,WEEKDAY,1,0.0000,0.0021,0.0003,1.8002,0.0947,0.0646,0.0089,0.0272,0.1556,0.0785
2,WEEKDAY,2,0.0000,0.0022,0.0002,1.8005,0.0947,0.0549,0.0088,0.0268,0.1464,0.0772
2,WEEKDAY,3,0.0000,0.0030,0.0002,1.8056,0.0947,0.0692,0.0093,0.0332,0.1538,0.0829
2,WEEKDAY,4,0.0000,0.0018,0.0006,1.7879,0.0947,0.1667,0.0135,0.0710,0.2049,0.1163
2,WEEKDAY,5,0.0000,0.0000,0.0020,1.8779,0.0947,0.2908,0.0255,0.1079,0.2679,0.1459
2,WEEKDAY,6,0.0161,0.0101,0.0034,1.8512,0.0947,0.3471,0.0420,0.1302,0.2989,0.1571
2,WEEKDAY,7,0.0990,0.6105,0.0042,1.6735,0.0000,0.3668,0.0519,0.1424,0.3122,0.1611
2,WEEKDAY,8,0.2336,0.6455,0.0045,1.6667,0.0000,0.3734,0.0569,0.1476,0.3158,0.1619
2,WEEKDAY,9,0.3240,0.6643,0.0047,1.7565,0.0000,0.3750,0.0592,0.1492,0.3162,0.1620
2,WEEKDAY,10,0.3740,0.6757,0.0047,1.7917,0.0000,0.3746,0.0600,0.1494,0.3162,0.1620
2,WEEKDAY,11,0.4048,0.6835,0.0047,1.8405,0.0000,0.3739,0.0601,0.1494,0.3162,0.1620
2,WEEKDAY,12,0.4281,0.6871,0.0047,1.9911,0.0000,0.3739,0.0599,0.1494,0.3162,0.1620
2,WEEKDAY,13,0.4465,0.6897,0.0046,2.0426,0.0000,0.3742,0.0586,0.1491,0.3162,0.1620
2,WEEKDAY,14,0.4492,0.6889,0.0045,2.1961,0.0000,0.3736,0.0564,0.1468,0.3162,0.1620
2,WEEKDAY,15,0.4059,0.6801,0.0040,2.2323,0.0000,0.3677,0.0502,0.1417,0.3162,0.1620
2,WEEKDAY,16,0.3155,0.6604,0.0033,2.1300,0.0000,0.3523,0.0390,0.1332,0.3162,0.1620
2,WEEKDAY,17,0.1941,0.6319,0.0022,2.1279,0.0000,0.3270,0.0250,0.1199,0.3162,0.1620
2,WEEKDAY,18,0.0000,0.5820,0.0016,1.9851,0.0947,0.2983,0.0166,0.1090,0.3161,0.1620
2,WEEKDAY,19,0.0000,0.5820,0.0012,1.9412,0.0947,0.2592,0.0133,0.0959,0.3025,0.1524
2,WEEKDAY,20,0.0000,0.5820,0.0010,1.9086,0.0947,0.1642,0.0104,0.0544,0.2339,0.1043
2,WEEKDAY,21,0.0000,0.5820,0.0009,1.7874,0.0947,0.1378,0.0097,0.0440,0.2199,0.0958
2,WEEKDAY,22,0.0000,0.5820,0.0009,1.9303,0.0947,0.1653,0.0105,0.0708,0.2542,0.1221
2,WEEKDAY,23,0.0000,0.5820,0.0007,1.8140,0.0947,0.1243,0.0096,0.0488,0.2147,0.0982
2,SATURDAY,0,0.0000,0.0013,0.0003,1.8064,0.0947,0.0583,0.0089,0.0269,0.1506,0.0778
2,SATURDAY,1,0.0000,0.0000,0.0002,1.8001,0.0947,0.0622,0.0090,0.0321,0.1535,0.0827
2,SATURDAY,2,0.0000,0.0017,0.0002,1.8005,0.0947,0.1110,0.0103,0.0635,0.1996,0.1153
2,SATURDAY,3,0.0000,0.0017,0.0002,1.8056,0.0947,0.1554,0.0116,0.0911,0.2406,0.1443
2,SATURDAY,4,0.0000,0.0020,0.0003,1.7877,0.0947,0.1754,0.0121,0.0958,0.2581,0.1520
2,SATURDAY,5,0.0000,0.0034,0.0009,1.8770,0.0947,0.2199,0.0126,0.0971,0.3022,0.1598
2,SATURDAY,6,0.0000,0.0022,0.0010,1.8493,0.0947,0.2339,0.0128,0.0973,0.3125,0.1615
2,SATURDAY,7,0.0000,0.5841,0.0011,1.6707,0.0000,0.2404,0.0128,0.0973,0.3143,0.1617
2,SATURDAY,8,0.0000,0.5820,0.0011,1.6635,0.0000,0.2461,0.0128,0.0973,0.3159,0.1619
2,SATURDAY,9,0.0000,0.5820,0.0011,1.7530,0.0000,0.2485,0.0128,0.0973,0.3162,0.1620
2,SATURDAY,10,0.0000,0.5820,0.0011,1.7882,0.0000,0.2502,0.0128,0.0973,0.3162,0.1620
2,SATURDAY,11,0.0000,0.5820,0.0011,1.8369,0.0000,0.2516,0.0128,0.0972,0.3162,0.1620
2,SATURDAY,12,0.0000,0.5820,0.0011,1.9876,0.0000,0.2518,0.0128,0.0965,0.3162,0.1620
2,SATURDAY,13,0.0000,0.5820,0.0011,2.0391,0.0000,0.2518,0.0128,0.0958,0.3162,0.1620
2,SATURDAY,14,0.0000,0.5820,0.0011,2.1929,0.0000,0.2513,0.0128,0.0946,0.3157,0.1616
2,SATURDAY,15,0.0000,0.5820,0.0011,2.2293,0.0000,0.2486,0.0128,0.0912,0.3126,0.1594
2,SATURDAY,16,0.0000,0.5820,0.0011,2.1276,0.0000,0.2283,0.0122,0.0795,0.2952,0.1471
2,SATURDAY,17,0.0000,0.5820,0.0011,2.1265,0.0000,0.1479,0.0102,0.0427,0.2313,0.1021
2,SATURDAY,18,0.0000,0.5820,0.0011,1.9842,0.0947,0.1626,0.0111,0.0578,0.2493,0.1159
2,SATURDAY,19,0.0000,0.5820,0.0010,1.9405,0.0947,0.1272,0.0098,0.0341,0.2130,0.0914
2,SATURDAY,20,0.0000,0.5820,0.0010,1.9080,0.0947,0.1158,0.0094,0.0281,0.2016,0.0850
2,SATURDAY,21,0.0000,0.5835,0.0009,1.7868,0.0947,0.1064,0.0094,0.0280,0.1951,0.0841
2,SATURDAY,22,0.0000,0.5838,0.0008,1.9297,0.0947,0.0956,0.0093,0.0279,0.1879,0.0830
2,SATURDAY,23,0.0000,0.5838,0.0006,1.8135,0.0947,0.0820,0.0092,0.0276,0.1767,0.0815
2,SUNDAY,0,0.0000,0.0019,0.0003,1.8063,0.0947,0.0583,0.0089,0.0269,0.1489,0.0790
2,SUNDAY,1,0.0000,0.0046,0.0002,1.8001,0.0947,0.0622,0.0090,0.0321,0.1725,0.0961
2,SUNDAY,2,0.0000,0.0046,0.0002,1.8005,0.0947,0.1110,0.0103,0.0635,0.2326,0.1386
2,SUNDAY,3,0.0000,0.0053,0.0002,1.8056,0.0947,0.1554,0.0116,0.0911,0.2472,0.1487
2,SUNDAY,4,0.0000,0.0072,0.0003,1.7877,0.0947,0.1754,0.0121,0.0958,0.2605,0.1524
2,SUNDAY,5,0.0000,0.0074,0.0009,1.8770,0.0947,0.2199,0.0126,0.0971,0.3026,0.1598
2,SUNDAY,6,0.0000,0.0079,0.0010,1.8493,0.0947,0.2339,0.0128,0.0973,0.3122,0.1614
2,SUNDAY,7,0.0000,0.5890,0.0011,1.6707,0.0000,0.2404,0.0128,0.0973,0.3139,0.1617
2,SUNDAY,8,0.0000,0.5820,0.0011,1.6635,0.0000,0.2461,0.0128,0.0973,0.3154,0.1619
2,SUNDAY,9,0.0000,0.5820,0.0011,1.7530,0.0000,0.2485,0.0128,0.0973,0.3161,0.1620
2,SUNDAY,10,0.0000,0.5820,0.0011,1.7882,0.0000,0.2502,0.0128,0.0973,0.3162,0.1620
2,SUNDAY,11,0.0000,0.5820,0.0011,1.8369,0.0000,0.2516,0.0128,0.0972,0.3162,0.1620
2,SUNDAY,12,0.0000,0.5820,0.0011,1.9876,0.0000,0.2518,0.0128,0.0965,0.3162,0.1620
2,SUNDAY,13,0.0000,0.5820,0.0011,2.0391,0.0000,0.2518,0.0128,0.0958,0.3162,0.1620
2,SUNDAY,14,0.0000,0.5820,0.0011,2.1929,0.0000,0.2513,0.0128,0.0946,0.3157,0.1616
2,SUNDAY,15,0.0000,0.5820,0.0011,2.2293,0.0000,0.2486,0.0128,0.0912,0.3126,0.1594
2,SUNDAY,16,0.0000,0.5820,0.0011,2.1276,0.0000,0.2283,0.0122,0.0795,0.3090,0.1569
2,SUNDAY,17,0.0000,0.5836,0.0011,2.1265,0.0000,0.1479,0.0102,0.0427,0.2959,0.1476
2,SUNDAY,18,0.0000,0.5835,0.0011,1.9842,0.0947,0.1626,0.0111,0.0578,0.2414,0.1091
2,SUNDAY,19,0.0000,0.5836,0.0010,1.9405,0.0947,0.1272,0.0098,0.0341,0.2116,0.0885
2,SUNDAY,20,0.0000,0.5837,0.0010,1.9080,0.0947,0.1158,0.0094,0.0281,0.2061,0.0856
2,SUNDAY,21,0.0000,0.5839,0.0009,1.7868,0.0947,0.1064,0.0094,0.0280,0.2042,0.0853
2,SUNDAY,22,0.0000,0.5869,0.0008,1.9297,0.0947,0.0956,0.0093,0.0279,0.1953,0.0841
2,SUNDAY,23,0.0000,0.5873,0.0006,1.8134,0.0947,0.0820,0.0092,0.0276,0.1573,0.0788
2,HOLIDAY,0,0.0000,0.0000,0.0000,0.0000,0.0000,0.0000,0.0000,0.0000,0.0000,0.0000
2,HOLIDAY,1,0.0000,0.0000,0.0000,0.0000,0.0000,0.0000,0.0000,0.0000,0.0000,0.0000
2,HOLIDAY,2,0.0000,0.0000,0.0000,0.0000,0.0000,0.0000,0.0000,0.0000,0.0000,0.0000
2,HOLIDAY,3,0.0000,0.0000,0.0000,0.0000,0.0000,0.0000,0.0000,0.0000,0.0000,0.0000
2,HOLIDAY,4,0.0000,0.0000,0.0000,0.0000,0.0000,0.0000,0.0000,0.0000,0.0000,0.0000
2,HOLIDAY,5,0.0000,0.0000,0.0000,0.0000,0.0000,0.0000,0.0000,0.0000,0.0000,0.0000
2,HOLIDAY,6,0.0000,0.0000,0.0000,0.0000,0.0000,0.0000,0.0000,0.0000,0.0000,0.0000
2,HOLIDAY,7,0.0000,0.0000,0.0000,0.0000,0.0000,0.0000,0.0000,0.0000,0.0000,0.0000
2,HOLIDAY,8,0.0000,0.0000,0.0000,0.0000,0.0000,0.0000,0.0000,0.0000,0.0000,0.0000
2,HOLIDAY,9,0.0000,0.0000,0.0000,0.0000,0.0000,0.0000,0.0000,0.0000,0.0000,0.0000
2,HOLIDAY,10,0.0000,0.0000,0.0000,0.0000,0.0000,0.0000,0.0000,0.0000,0.0000,0.0000
2,HOLIDAY,11,0.0000,0.0000,0.0000,0.0000,0.0000,0.0000,0.0000,0.0000,0.0000,0.0000
2,HOLIDAY,12,0.0000,0.0000,0.0000,0.0000,0.0000,0.0000,0.0000,0.0000,0.0000,0.0000
2,HOLIDAY,13,0.0000,0.0000,0.0000,0.0000,0.0000,0.0000,0.0000,0.0000,0.0000,0.0000
2,HOLIDAY,14,0.0000,0.0000,0.0000,0.0000,0.0000,0.0000,0.0000,0.0000,0.0000,0.0000
2,HOLIDAY,15,0.0000,0.0000,0.0000,0.0000,0.0000,0.0000,0.0000,0.0000,0.0000,0.0000
2,HOLIDAY,16,0.0000,0.0000,0.0000,0.0000,0.0000,0.0000,0.0000,0.0000,0.0000,0.0000
2,HOLIDAY,17,0.0000,0.0000,0.0000,0.0000,0.0000,0.0000,0.0000,0.0000,0.0000,0.0000
2,HOLIDAY,18,0.0000,0.0000,0.0000,0.0000,0.0000,0.0000,0.0000,0.0000,0.0000,0.0000
2,HOLIDAY,19,0.0000,0.0000,0.0000,0.0000,0.0000,0.0000,0.0000,0.0000,0.0000,0.0000
2,HOLIDAY,20,0.0000,0.0000,0.0000,0.0000,0.0000,0.0000,0.0000,0.0000,0.0000,0.0000
2,HOLIDAY,21,0.0000,0.0000,0.0000,0.0000,0.0000,0.0000,0.0000,0.0000,0.0000,0.0000
2,HOLIDAY,22,0.0000,0.0000,0.0000,0.0000,0.0000,0.0000,0.0000,0.0000,0.0000,0.0000
2,HOLIDAY,23,0.0000,0.0000,0.0000,0.0000,0.0000,0.0000,0.0000,0.0000,0.0000,0.0000
3,WEEKDAY,0,0.0000,0.0004,0.0006,1.7956,0.0947,0.0909,0.0091,0.0305,0.1847,0.0837
3,WEEKDAY,1,0.0000,0.0004,0.0003,1.7861,0.0947,0.0646,0.0089,0.0272,0.1556,0.0785
3,WEEKDAY,2,0.0000,0.0007,0.0002,1.7749,0.0947,0.0549,0.0088,0.0268,0.1464,0.0772
3,WEEKDAY,3,0.0000,0.0007,0.0002,1.7732,0.0947,0.0692,0.0093,0.0332,0.1538,0.0829
3,WEEKDAY,4,0.0000,0.0004,0.0006,1.7543,0.0947,0.1667,0.0135,0.0710,0.2049,0.1163
3,WEEKDAY,5,0.0000,0.0000,0.0020,1.8408,0.0947,0.2908,0.0255,0.1079,0.2679,0.1459
3,WEEKDAY,6,0.0585,0.0231,0.0034,1.8093,0.0000,0.3471,0.0420,0.1302,0.2989,0.1571
3,WEEKDAY,7,0.2134,0.6482,0.0042,1.6831,0.0000,0.3668,0.0519,0.1424,0.3122,0.1611
3,WEEKDAY,8,0.3415,0.6746,0.0045,1.7236,0.0000,0.3734,0.0569,0.1476,0.3158,0.1619
3,WEEKDAY,9,0.4197,0.6883,0.0047,1.8378,0.0000,0.3750,0.0592,0.1492,0.3162,0.1620
3,WEEKDAY,10,0.4640,0.6972,0.0047,1.8808,0.0000,0.3746,0.0600,0.1494,0.3162,0.1620
3,WEEKDAY,11,0.4874,0.7013,0.0047,1.9279,0.0000,0.3739,0.0601,0.1494,0.3162,0.1620
3,WEEKDAY,12,0.5121,0.7050,0.0047,2.0794,0.0000,0.3739,0.0599,0.1494,0.3162,0.1620
3,WEEKDAY,13,0.5361,0.7079,0.0046,2.1246,0.0000,0.3742,0.0586,0.1491,0.3162,0.1620
3,WEEKDAY,14,0.5481,0.7081,0.0045,2.2810,0.0000,0.3736,0.0564,0.1468,0.3162,0.1620
3,WEEKDAY,15,0.5082,0.7007,0.0040,2.3115,0.0000,0.3677,0.0502,0.1417,0.3162,0.1620
3,WEEKDAY,16,0.4233,0.6837,0.0033,2.2102,0.0000,0.3523,0.0390,0.1332,0.3162,0.1620
3,WEEKDAY,17,0.2958,0.6560,0.0022,2.2221,0.0000,0.3270,0.0250,0.1199,0.3162,0.1620
3,WEEKDAY,18,0.0000,0.5820,0.0016,2.0859,0.0947,0.2983,0.0166,0.1090,0.3161,0.1620
3,WEEKDAY,19,0.0000,0.5820,0.0012,2.0420,0.0947,0.2592,0.0133,0.0959,0.3025,0.1524
3,WEEKDAY,20,0.0000,0.5820,0.0010,2.0061,0.0947,0.1642,0.0104,0.0544,0.2339,0.1043
3,WEEKDAY,21,0.0000,0.5820,0.0009,1.8646,0.0947,0.1378,0.0097,0.0440,0.2199,0.0958
3,WEEKDAY,22,0.0000,0.5820,0.0009,1.9375,0.0947,0.1653,0.0105,0.0708,0.2542,0.1221
3,WEEKDAY,23,0.0000,0.5820,0.0007,1.8113,0.0947,0.1243,0.0096,0.0488,0.2147,0.0982
3,SATURDAY,0,0.0000,0.0000,0.0003,1.7952,0.0947,0.0583,0.0089,0.0269,0.1506,0.0778
3,SATURDAY,1,0.0000,0.0000,0.0002,1.7860,0.0947,0.0622,0.0090,0.0321,0.1535,0.0827
3,SATURDAY,2,0.0000,0.0000,0.0002,1.7749,0.0947,0.1110,0.0103,0.0635,0.1996,0.1153
3,SATURDAY,3,0.0000,0.0000,0.0002,1.7732,0.0947,0.1554,0.0116,0.0911,0.2406,0.1443
3,SATURDAY,4,0.0000,0.0000,0.0003,1.7541,0.0947,0.1754,0.0121,0.0958,0.2581,0.1520
3,SATURDAY,5,0.0000,0.0000,0.0009,1.8399,0.0947,0.2199,0.0126,0.0971,0.3022,0.1598
3,SATURDAY,6,0.0000,0.0000,0.0010,1.8074,0.0000,0.2339,0.0128,0.0973,0.3125,0.1615
3,SATURDAY,7,0.0000,0.5820,0.0011,1.6803,0.0000,0.2404,0.0128,0.0973,0.3143,0.1617
3,SATURDAY,8,0.0000,0.5820,0.0011,1.7204,0.0000,0.2461,0.0128,0.0973,0.3159,0.1619
3,SATURDAY,9,0.0000,0.5820,0.0011,1.8343,0.0000,0.2485,0.0128,0.0973,0.3162,0.1620
3,SATURDAY,10,0.0000,0.5820,0.0011,1.8773,0.0000,0.2502,0.0128,0.0973,0.3162,0.1620
3,SATURDAY,11,0.0000,0.5820,0.0011,1.9243,0.0000,0.2516,0.0128,0.0972,0.3162,0.1620
3,SATURDAY,12,0.0000,0.5820,0.0011,2.0759,0.0000,0.2518,0.0128,0.0965,0.3162,0.1620
3,SATURDAY,13,0.0000,0.5820,0.0011,2.1212,0.0000,0.2518,0.0128,0.0958,0.3162,0.1620
3,SATURDAY,14,0.0026,0.5820,0.0011,2.2777,0.0000,0.2513,0.0128,0.0946,0.3157,0.1616
3,SATURDAY,15,0.0053,0.5820,0.0011,2.3085,0.0000,0.2486,0.0128,0.0912,0.3126,0.1594
3,SATURDAY,16,0.0033,0.5820,0.0011,2.2078,0.0000,0.2283,0.0122,0.0795,0.2952,0.1471
3,SATURDAY,17,0.0004,0.5820,0.0011,2.2206,0.0000,0.1479,0.0102,0.0427,0.2313,0.1021
3,SATURDAY,18,0.0000,0.5820,0.0011,2.0851,0.0947,0.1626,0.0111,0.0578,0.2493,0.1159
3,SATURDAY,19,0.0000,0.5820,0.0010,2.0414,0.0947,0.1272,0.0098,0.0341,0.2130,0.0914
3,SATURDAY,20,0.0000,0.5820,0.0010,2.0055,0.0947,0.1158,0.0094,0.0281,0.2016,0.0850
3,SATURDAY,21,0.0000,0.5820,0.0009,1.8639,0.0947,0.1064,0.0094,0.0280,0.1951,0.0841
3,SATURDAY,22,0.0000,0.5820,0.0008,1.9369,0.0947,0.0956,0.0093,0.0279,0.1879,0.0830
3,SATURDAY,23,0.0000,0.5820,0.0006,1.8108,0.0947,0.0820,0.0092,0.0276,0.1767,0.0815
3,SUNDAY,0,0.0000,0.0010,0.0003,1.7952,0.0947,0.0583,0.0089,0.0269,0.1489,0.0790
3,SUNDAY,1,0.0000,0.0000,0.0002,1.7860,0.0947,0.0622,0.0090,0.0321,0.1725,0.0961
3,SUNDAY,2,0.0000,0.0012,0.0002,1.7749,0.0947,0.1110,0.0103,0.0635,0.2326,0.1386
3,SUNDAY,3,0.0000,0.0013,0.0002,1.7732,0.0947,0.1554,0.0116,0.0911,0.2472,0.1487
3,SUNDAY,4,0.0000,0.0014,0.0003,1.7541,0.0947,0.1754,0.0121,0.0958,0.2605,0.1524
3,SUNDAY,5,0.0000,0.0026,0.0009,1.8399,0.0947,0.2199,0.0126,0.0971,0.3026,0.1598
3,SUNDAY,6,0.0000,0.0024,0.0010,1.8074,0.0000,0.2339,0.0128,0.0973,0.3122,0.1614
3,SUNDAY,7,0.0000,0.5820,0.0011,1.6803,0.0000,0.2404,0.0128,0.0973,0.3139,0.1617
3,SUNDAY,8,0.0000,0.5820,0.0011,1.7204,0.0000,0.2461,0.0128,0.0973,0.3154,0.1619
3,SUNDAY,9,0.0000,0.5820,0.0011,1.8343,0.0000,0.2485,0.0128,0.0973,0.3161,0.1620
3,SUNDAY,10,0.0000,0.5820,0.0011,1.8773,0.0000,0.2502,0.0128,0.0973,0.3162,0.1620
3,SUNDAY,11,0.0000,0.5820,0.0011,1.9243,0.0000,0.2516,0.0128,0.0972,0.3162,0.1620
3,SUNDAY,12,0.0000,0.5820,0.0011,2.0759,0.0000,0.2518,0.0128,0.0965,0.3162,0.1620
3,SUNDAY,13,0.0026,0.5820,0.0011,2.1212,0.0000,0.2518,0.0128,0.0958,0.3162,0.1620
3,SUNDAY,14,0.0047,0.5820,0.0011,2.2777,0.0000,0.2513,0.0128,0.0946,0.3157,0.1616
3,SUNDAY,15,0.0081,0.5820,0.0011,2.3085,0.0000,0.2486,0.0128,0.0912,0.3126,0.1594
3,SUNDAY,16,0.0094,0.5824,0.0011,2.2078,0.0000,0.2283,0.0122,0.0795,0.3090,0.1569
3,SUNDAY,17,0.0069,0.5823,0.0011,2.2207,0.0000,0.1479,0.0102,0.0427,0.2959,0.1476
3,SUNDAY,18,0.0001,0.5833,0.0011,2.0851,0.0947,0.1626,0.0111,0.0578,0.2414,0.1091
3,SUNDAY,19,0.0000,0.5833,0.0010,2.0414,0.0947,0.1272,0.0098,0.0341,0.2116,0.0885
3,SUNDAY,20,0.0000,0.5833,0.0010,2.0055,0.0947,0.1158,0.0094,0.0281,0.2061,0.0856
3,SUNDAY,21,0.0000,0.5834,0.0009,1.8640,0.0947,0.1064,0.0094,0.0280,0.2042,0.0853
3,SUNDAY,22,0.0000,0.5836,0.0008,1.9369,0.0947,0.0956,0.0093,0.0279,0.1953,0.0841
3,SUNDAY,23,0.0000,0.5837,0.0006,1.8107,0.0947,0.0820,0.0092,0.0276,0.1573,0.0788
3,HOLIDAY,0,0.0000,0.0000,0.0000,0.0000,0.0000,0.0000,0.0000,0.0000,0.0000,0.0000
3,HOLIDAY,1,0.0000,0.0000,0.0000,0.0000,0.0000,0.0000,0.0000,0.0000,0.0000,0.0000
3,HOLIDAY,2,0.0000,0.0000,0.0000,0.0000,0.0000,0.0000,0.0000,0.0000,0.0000,0.0000
3,HOLIDAY,3,0.0000,0.0000,0.0000,0.0000,0.0000,0.0000,0.0000,0.0000,0.0000,0.0000
3,HOLIDAY,4,0.0000,0.0000,0.0000,0.0000,0.0000,0.0000,0.0000,0.0000,0.0000,0.0000
3,HOLIDAY,5,0.0000,0.0000,0.0000,0.0000,0.0000,0.0000,0.0000,0.0000,0.0000,0.0000
3,HOLIDAY,6,0.0000,0.0000,0.0000,0.0000,0.0000,0.0000,0.0000,0.0000,0.0000,0.0000
3,HOLIDAY,7,0.0000,0.0000,0.0000,0.0000,0.0000,0.0000,0.0000,0.0000,0.0000,0.0000
3,HOLIDAY,8,0.0000,0.0000,0.0000,0.0000,0.0000,0.0000,0.0000,0.0000,0.0000,0.0000
3,HOLIDAY,9,0.0000,0.0000,0.0000,0.0000,0.0000,0.0000,0.0000,0.0000,0.0000,0.0000
3,HOLIDAY,10,0.0000,0.0000,0.0000,0.0000,0.0000,0.0000,0.0000,0.0000,0.0000,0.0000
3,HOLIDAY,11,0.0000,0.0000,0.0000,0.0000,0.0000,0.0000,0.0000,0.0000,0.0000,0.0000
3,HOLIDAY,12,0.0000,0.0000,0.0000,0.0000,0.0000,0.0000,0.0000,0.0000,0.0000,0.0000
3,HOLIDAY,13,0.0000,0.0000,0.0000,0.0000,0.0000,0.0000,0.0000,0.0000,0.0000,0.0000
3,HOLIDAY,14,0.0000,0.0000,0.0000,0.0000,0.0000,0.0000,0.0000,0.0000,0.0000,0.0000
3,HOLIDAY,15,0.0000,0.0000,0.0000,0.0000,0.0000,0.0000,0.0000,0.0000,0.0000,0.0000
3,HOLIDAY,16,0.0000,0.0000,0.0000,0.0000,0.0000,0.0000,0.0000,0.0000,0.0000,0.0000
3,HOLIDAY,17,0.0000,0.0000,0.0000,0.0000,0.0000,0.0000,0.0000,0.0000,0.0000,0.0000
3,HOLIDAY,18,0.0000,0.0000,0.0000,0.0000,0.0000,0.0000,0.0000,0.0000,0.0000,0.0000
3,HOLIDAY,19,0.0000,0.0000,0.0000,0.0000,0.0000,0.0000,0.0000,0.0000,0.0000,0.0000
3,HOLIDAY,20,0.0000,0.0000,0.0000,0.0000,0.0000,0.0000,0.0000,0.0000,0.0000,0.0000
3,HOLIDAY,21,0.0000,0.0000,0.0000,0.0000,0.0000,0.0000,0.0000,0.0000,0.0000,0.0000
3,HOLIDAY,22,0.0000,0.0000,0.0000,0.0000,0.0000,0.0000,0.0000,0.0000,0.0000,0.0000
3,HOLIDAY,23,0.0000,0.0000,0.0000,0.0000,0.0000,0.0000,0.0000,0.0000,0.0000,0.0000
4,WEEKDAY,0,0.0000,0.0000,0.0004,1.7087,0.0947,0.0706,0.0089,0.0279,0.1622,0.0797
4,WEEKDAY,1,0.0000,0.0000,0.0002,1.6947,0.0947,0.0571,0.0088,0.0269,0.1485,0.0775
4,WEEKDAY,2,0.0000,0.0000,0.0002,1.6857,0.0947,0.0660,0.0092,0.0317,0.1521,0.0816
4,WEEKDAY,3,0.0000,0.0000,0.0005,1.6675,0.0947,0.1446,0.0125,0.0624,0.1933,0.1088
4,WEEKDAY,4,0.0000,0.0000,0.0017,1.7244,0.0947,0.2626,0.0228,0.0995,0.2536,0.1391
4,WEEKDAY,5,0.1153,0.0404,0.0031,1.7303,0.0947,0.3343,0.0382,0.1251,0.2919,0.1546
4,WEEKDAY,6,0.2684,0.5352,0.0040,1.6860,0.0215,0.3623,0.0496,0.1396,0.3092,0.1602
4,WEEKDAY,7,0.3971,0.6929,0.0045,1.7059,0.0000,0.3719,0.0558,0.1464,0.3150,0.1618
4,WEEKDAY,8,0.4714,0.7058,0.0046,1.8113,0.0000,0.3747,0.0587,0.1488,0.3161,0.1620
4,WEEKDAY,9,0.5256,0.7151,0.0047,1.8637,0.0000,0.3747,0.0598,0.1493,0.3162,0.1620
4,WEEKDAY,10,0.5589,0.7202,0.0047,1.9023,0.0000,0.3740,0.0601,0.1494,0.3162,0.1620
4,WEEKDAY,11,0.5961,0.7245,0.0047,2.0215,0.0000,0.3739,0.0599,0.1494,0.3162,0.1620
4,WEEKDAY,12,0.6382,0.7288,0.0046,2.0806,0.0000,0.3741,0.0589,0.1491,0.3162,0.1620
4,WEEKDAY,13,0.6691,0.7315,0.0045,2.2035,0.0000,0.3738,0.0569,0.1474,0.3162,0.1620
4,WEEKDAY,14,0.6697,0.7285,0.0041,2.2616,0.0000,0.3690,0.0516,0.1429,0.3162,0.1620
4,WEEKDAY,15,0.6151,0.7174,0.0034,2.1957,0.0000,0.3558,0.0416,0.1351,0.3162,0.1620
4,WEEKDAY,16,0.5139,0.6961,0.0025,2.1888,0.0000,0.3328,0.0282,0.1229,0.3162,0.1620
4,WEEKDAY,17,0.1380,0.6087,0.0017,2.1017,0.0000,0.3048,0.0185,0.1115,0.3161,0.1620
4,WEEKDAY,18,0.0129,0.5820,0.0013,2.0433,0.0000,0.2681,0.0141,0.0989,0.3056,0.1546
4,WEEKDAY,19,0.0031,0.5820,0.0010,2.0015,0.0732,0.1858,0.0111,0.0639,0.2495,0.1152
4,WEEKDAY,20,0.0006,0.5820,0.0009,1.8788,0.0947,0.1438,0.0099,0.0464,0.2231,0.0977
4,WEEKDAY,21,0.0000,0.5820,0.0009,1.8583,0.0947,0.1590,0.0103,0.0647,0.2464,0.1161
4,WEEKDAY,22,0.0000,0.5820,0.0008,1.7691,0.0947,0.1336,0.0098,0.0538,0.2237,0.1037
4,WEEKDAY,23,0.0000,0.1323,0.0006,1.7141,0.0947,0.0941,0.0092,0.0347,0.1915,0.0870
4,SATURDAY,0,0.0000,0.0000,0.0002,1.7089,0.0947,0.0612,0.0090,0.0308,0.1528,0.0815
4,SATURDAY,1,0.0000,0.0000,0.0002,1.6950,0.0947,0.0988,0.0100,0.0557,0.1881,0.1072
4,SATURDAY,2,0.0000,0.0000,0.0002,1.6859,0.0947,0.1443,0.0113,0.0842,0.2303,0.1371
4,SATURDAY,3,0.0000,0.0000,0.0003,1.6679,0.0947,0.1704,0.0119,0.0946,0.2537,0.1501
4,SATURDAY,4,0.0000,0.0000,0.0007,1.7219,0.0947,0.2088,0.0125,0.0967,0.2911,0.1578
4,SATURDAY,5,0.0000,0.0000,0.0010,1.7290,0.0947,0.2304,0.0127,0.0972,0.3099,0.1610
4,SATURDAY,6,0.0000,0.4365,0.0011,1.6846,0.0237,0.2387,0.0128,0.0973,0.3138,0.1617
4,SATURDAY,7,0.0000,0.5820,0.0011,1.7018,0.0000,0.2447,0.0128,0.0973,0.3155,0.1619
4,SATURDAY,8,0.0000,0.5820,0.0011,1.8050,0.0000,0.2479,0.0128,0.0973,0.3161,0.1620
4,SATURDAY,9,0.0000,0.5820,0.0011,1.8595,0.0000,0.2497,0.0128,0.0973,0.3162,0.1620
4,SATURDAY,10,0.0000,0.5820,0.0011,1.8978,0.0000,0.2512,0.0128,0.0972,0.3162,0.1620
4,SATURDAY,11,0.0028,0.5820,0.0011,2.0147,0.0000,0.2517,0.0128,0.0967,0.3162,0.1620
4,SATURDAY,12,0.0122,0.5820,0.0011,2.0763,0.0000,0.2518,0.0128,0.0960,0.3162,0.1620
4,SATURDAY,13,0.0209,0.5820,0.0011,2.1968,0.0000,0.2515,0.0128,0.0949,0.3158,0.1617
4,SATURDAY,14,0.0288,0.5820,0.0011,2.2578,0.0000,0.2493,0.0128,0.0920,0.3134,0.1600
4,SATURDAY,15,0.0354,0.5826,0.0011,2.1953,0.0000,0.2334,0.0124,0.0824,0.2996,0.1502
4,SATURDAY,16,0.0362,0.5831,0.0011,2.1867,0.0000,0.1680,0.0107,0.0519,0.2473,0.1134
4,SATURDAY,17,0.0345,0.5832,0.0011,2.1034,0.0000,0.1589,0.0109,0.0540,0.2448,0.1124
4,SATURDAY,18,0.0286,0.5830,0.0010,2.0435,0.0000,0.1360,0.0101,0.0400,0.2221,0.0975
4,SATURDAY,19,0.0095,0.5825,0.0010,2.0019,0.0710,0.1186,0.0095,0.0296,0.2045,0.0866
4,SATURDAY,20,0.0002,0.5821,0.0009,1.8815,0.0947,0.1087,0.0094,0.0280,0.1968,0.0843
4,SATURDAY,21,0.0000,0.5820,0.0008,1.8573,0.0947,0.0983,0.0093,0.0279,0.1897,0.0833
4,SATURDAY,22,0.0000,0.5820,0.0007,1.7713,0.0947,0.0854,0.0092,0.0277,0.1795,0.0819
4,SATURDAY,23,0.0000,0.1455,0.0004,1.7256,0.0947,0.0642,0.0090,0.0271,0.1571,0.0787
4,SUNDAY,0,0.0000,0.0000,0.0002,1.7051,0.0947,0.0622,0.0090,0.0321,0.1725,0.0961
4,SUNDAY,1,0.0000,0.0000,0.0002,1.6916,0.0947,0.1110,0.0103,0.0635,0.2326,0.1386
4,SUNDAY,2,0.0000,0.0000,0.0002,1.6840,0.0947,0.1554,0.0116,0.0911,0.2472,0.1487
4,SUNDAY,3,0.0000,0.0000,0.0003,1.6625,0.0947,0.1754,0.0121,0.0958,0.2605,0.1524
4,SUNDAY,4,0.0000,0.0000,0.0009,1.7417,0.0947,0.2199,0.0126,0.0971,0.3026,0.1598
4,SUNDAY,5,0.0000,0.0000,0.0010,1.7248,0.0947,0.2339,0.0128,0.0973,0.3122,0.1614
4,SUNDAY,6,0.0000,0.5820,0.0011,1.6713,0.0000,0.2404,0.0128,0.0973,0.3139,0.1617
4,SUNDAY,7,0.0000,0.5820,0.0011,1.7120,0.0000,0.2461,0.0128,0.0973,0.3154,0.1619
4,SUNDAY,8,0.0000,0.5820,0.0011,1.8360,0.0000,0.2485,0.0128,0.0973,0.3161,0.1620
4,SUNDAY,9,0.0000,0.5820,0.0011,1.8673,0.0000,0.2502,0.0128,0.0973,0.3162,0.1620
4,SUNDAY,10,0.0030,0.5820,0.0011,1.9080,0.0000,0.2516,0.0128,0.0972,0.3162,0.1620
4,SUNDAY,11,0.0131,0.5820,0.0011,2.0503,0.0000,0.2518,0.0128,0.0965,0.3162,0.1620
4,SUNDAY,12,0.0265,0.5830,0.0011,2.0850,0.0000,0.2518,0.0128,0.0958,0.3162,0.1620
4,SUNDAY,13,0.0382,0.5841,0.0011,2.2341,0.0000,0.2513,0.0128,0.0946,0.3157,0.1616
4,SUNDAY,14,0.0422,0.5846,0.0011,2.2658,0.0000,0.2486,0.0128,0.0912,0.3126,0.1594
4,SUNDAY,15,0.0490,0.5850,0.0011,2.1718,0.0000,0.2283,0.0122,0.0795,0.3090,0.1569
4,SUNDAY,16,0.0539,0.5851,0.0011,2.1917,0.0000,0.1479,0.0102,0.0427,0.2959,0.1476
4,SUNDAY,17,0.0466,0.5851,0.0011,2.0740,0.0000,0.1626,0.0111,0.0578,0.2414,0.1091
4,SUNDAY,18,0.0383,0.5844,0.0010,2.0333,0.0000,0.1272,0.0098,0.0341,0.2116,0.0885
4,SUNDAY,19,0.0234,0.5838,0.0010,1.9914,0.0947,0.1158,0.0094,0.0281,0.2061,0.0856
4,SUNDAY,20,0.0070,0.5832,0.0009,1.8449,0.0947,0.1064,0.0094,0.0280,0.2042,0.0853
4,SUNDAY,21,0.0010,0.5827,0.0008,1.8615,0.0947,0.0956,0.0093,0.0279,0.1953,0.0841
4,SUNDAY,22,0.0004,0.5822,0.0006,1.7411,0.0947,0.0820,0.0092,0.0276,0.1573,0.0788
4,SUNDAY,23,0.0000,0.0000,0.0003,1.7204,0.0947,0.0909,0.0089,0.0269,0.1489,0.0790
4,HOLIDAY,0,0.0000,0.0000,0.0000,0.0000,0.0000,0.0000,0.0000,0.0000,0.0000,0.0000
4,HOLIDAY,1,0.0000,0.0000,0.0000,0.0000,0.0000,0.0000,0.0000,0.0000,0.0000,0.0000
4,HOLIDAY,2,0.0000,0.0000,0.0000,0.0000,0.0000,0.0000,0.0000,0.0000,0.0000,0.0000
4,HOLIDAY,3,0.0000,0.0000,0.0000,0.0000,0.0000,0.0000,0.0000,0.0000,0.0000,0.0000
4,HOLIDAY,4,0.0000,0.0000,0.0000,0.0000,0.0000,0.0000,0.0000,0.0000,0.0000,0.0000
4,HOLIDAY,5,0.0000,0.0000,0.0000,0.0000,0.0000,0.0000,0.0000,0.0000,0.0000,0.0000
4,HOLIDAY,6,0.0000,0.0000,0.0000,0.0000,0.0000,0.0000,0.0000,0.0000,0.0000,0.0000
4,HOLIDAY,7,0.0000,0.0000,0.0000,0.0000,0.0000,0.0000,0.0000,0.0000,0.0000,0.0000
4,HOLIDAY,8,0.0000,0.0000,0.0000,0.0000,0.0000,0.0000,0.0000,0.0000,0.0000,0.0000
4,HOLIDAY,9,0.0000,0.0000,0.0000,0.0000,0.0000,0.0000,0.0000,0.0000,0.0000,0.0000
4,HOLIDAY,10,0.0000,0.0000,0.0000,0.0000,0.0000,0.0000,0.0000,0.0000,0.0000,0.0000
4,HOLIDAY,11,0.0000,0.0000,0.0000,0.0000,0.0000,0.0000,0.0000,0.0000,0.0000,0.0000
4,HOLIDAY,12,0.0000,0.0000,0.0000,0.0000,0.0000,0.0000,0.0000,0.0000,0.0000,0.0000
4,HOLIDAY,13,0.0000,0.0000,0.0000,0.0000,0.0000,0.0000,0.0000,0.0000,0.0000,0.0000
4,HOLIDAY,14,0.0000,0.0000,0.0000,0.0000,0.0000,0.0000,0.0000,0.0000,0.0000,0.0000
4,HOLIDAY,15,0.0000,0.0000,0.0000,0.0000,0.0000,0.0000,0.0000,0.0000,0.0000,0.0000
4,HOLIDAY,16,0.0000,0.0000,0.0000,0.0000,0.0000,0.0000,0.0000,0.0000,0.0000,0.0000
4,HOLIDAY,17,0.0000,0.0000,0.0000,0.0000,0.0000,0.0000,0.0000,0.0000,0.0000,0.0000
4,HOLIDAY,18,0.0000,0.0000,0.0000,0.0000,0.0000,0.0000,0.0000,0.0000,0.0000,0.0000
4,HOLIDAY,19,0.0000,0.0000,0.0000,0.0000,0.0000,0.0000,0.0000,0.0000,0.0000,0.0000
4,HOLIDAY,20,0.0000,0.0000,0.0000,0.0000,0.0000,0.0000,0.0000,0.0000,0.0000,0.0000
4,HOLIDAY,21,0.0000,0.0000,0.0000,0.0000,0.0000,0.0000,0.0000,0.0000,0.0000,0.0000
4,HOLIDAY,22,0.0000,0.0000,0.0000,0.0000,0.0000,0.0000,0.0000,0.0000,0.0000,0.0000
4,HOLIDAY,23,0.0000,0.0000,0.0000,0.0000,0.0000,0.0000,0.0000,0.0000,0.0000,0.0000
5,WEEKDAY,0,0.0000,0.0000,0.0003,1.4545,0.0947,0.0650,0.0089,0.0273,0.1560,0.0788
5,WEEKDAY,1,0.0000,0.0000,0.0002,1.4418,0.0947,0.0574,0.0089,0.0275,0.1488,0.0789
5,WEEKDAY,2,0.0000,0.0000,0.0002,1.4285,0.0947,0.0730,0.0094,0.0342,0.1576,0.0856
5,WEEKDAY,3,0.0000,0.0000,0.0006,1.4161,0.0947,0.1676,0.0135,0.0706,0.2071,0.1179
5,WEEKDAY,4,0.0000,0.0000,0.0020,1.4847,0.0947,0.2896,0.0252,0.1063,0.2686,0.1463
5,WEEKDAY,5,0.3222,0.0970,0.0034,1.4942,0.0000,0.3450,0.0411,0.1279,0.2991,0.1573
5,WEEKDAY,6,0.4973,0.7264,0.0041,1.4822,0.0000,0.3643,0.0507,0.1397,0.3123,0.1612
5,WEEKDAY,7,0.5624,0.7281,0.0045,1.5145,0.0000,0.3708,0.0555,0.1447,0.3158,0.1619
5,WEEKDAY,8,0.6532,0.7445,0.0046,1.6346,0.0000,0.3725,0.0577,0.1462,0.3162,0.1620
5,WEEKDAY,9,0.6913,0.7465,0.0046,1.6649,0.0000,0.3721,0.0585,0.1464,0.3162,0.1620
5,WEEKDAY,10,0.7436,0.7525,0.0046,1.6941,0.0000,0.3714,0.0586,0.1464,0.3162,0.1620
5,WEEKDAY,11,0.7920,0.7558,0.0046,1.8129,0.0000,0.3714,0.0584,0.1464,0.3162,0.1620
5,WEEKDAY,12,0.8464,0.7608,0.0046,1.8388,0.0000,0.3716,0.0572,0.1461,0.3162,0.1620
5,WEEKDAY,13,0.8911,0.7633,0.0044,1.9605,0.0000,0.3711,0.0550,0.1440,0.3162,0.1620
5,WEEKDAY,14,0.8974,0.7617,0.0039,1.9871,0.0000,0.3652,0.0490,0.1390,0.3160,0.1619
5,WEEKDAY,15,0.8539,0.7521,0.0032,1.9131,0.0000,0.3493,0.0383,0.1306,0.3153,0.1613
5,WEEKDAY,16,0.7625,0.7336,0.0022,1.9393,0.0000,0.3208,0.0246,0.1170,0.3125,0.1594
5,WEEKDAY,17,0.0809,0.5821,0.0016,1.8548,0.0000,0.2933,0.0165,0.1072,0.3133,0.1600
5,WEEKDAY,18,0.0637,0.5820,0.0012,1.8576,0.0000,0.2540,0.0132,0.0962,0.2988,0.1497
5,WEEKDAY,19,0.0417,0.5822,0.0010,1.8132,0.0947,0.1624,0.0104,0.0540,0.2328,0.1035
5,WEEKDAY,20,0.0221,0.5822,0.0009,1.6759,0.0947,0.1368,0.0097,0.0434,0.2193,0.0953
5,WEEKDAY,21,0.0133,0.5821,0.0009,1.6011,0.0947,0.1628,0.0105,0.0690,0.2519,0.1205
5,WEEKDAY,22,0.0072,0.5821,0.0007,1.4923,0.0947,0.1232,0.0096,0.0479,0.2138,0.0976
5,WEEKDAY,23,0.0000,0.0000,0.0006,1.4917,0.0947,0.0838,0.0091,0.0304,0.1846,0.0837
5,SATURDAY,0,0.0000,0.0000,0.0002,1.4544,0.0947,0.0622,0.0090,0.0321,0.1535,0.0827
5,SATURDAY,1,0.0000,0.0000,0.0002,1.4418,0.0947,0.1110,0.0103,0.0635,0.1996,0.1153
5,SATURDAY,2,0.0000,0.0000,0.0002,1.4285,0.0947,0.1554,0.0116,0.0911,0.2406,0.1443
5,SATURDAY,3,0.0000,0.0000,0.0003,1.4159,0.0947,0.1754,0.0121,0.0958,0.2581,0.1520
5,SATURDAY,4,0.0000,0.0000,0.0009,1.4838,0.0947,0.2199,0.0126,0.0971,0.3022,0.1598
5,SATURDAY,5,0.0000,0.0000,0.0010,1.4923,0.0000,0.2339,0.0128,0.0973,0.3125,0.1615
5,SATURDAY,6,0.0000,0.5820,0.0011,1.4795,0.0000,0.2404,0.0128,0.0973,0.3143,0.1617
5,SATURDAY,7,0.0000,0.5820,0.0011,1.5113,0.0000,0.2461,0.0128,0.0973,0.3159,0.1619
5,SATURDAY,8,0.0000,0.5820,0.0011,1.6312,0.0000,0.2485,0.0128,0.0973,0.3162,0.1620
5,SATURDAY,9,0.0036,0.5820,0.0011,1.6615,0.0000,0.2502,0.0128,0.0973,0.3162,0.1620
5,SATURDAY,10,0.0127,0.5820,0.0011,1.6906,0.0000,0.2516,0.0128,0.0972,0.3162,0.1620
5,SATURDAY,11,0.0300,0.5820,0.0011,1.8095,0.0000,0.2518,0.0128,0.0965,0.3162,0.1620
5,SATURDAY,12,0.0483,0.5831,0.0011,1.8355,0.0000,0.2518,0.0128,0.0958,0.3162,0.1620
5,SATURDAY,13,0.0658,0.5848,0.0011,1.9574,0.0000,0.2513,0.0128,0.0946,0.3157,0.1616
5,SATURDAY,14,0.0843,0.5859,0.0011,1.9842,0.0000,0.2486,0.0128,0.0912,0.3126,0.1594
5,SATURDAY,15,0.0922,0.5864,0.0011,1.9108,0.0000,0.2283,0.0122,0.0795,0.2952,0.1471
5,SATURDAY,16,0.0946,0.5867,0.0011,1.9379,0.0000,0.1479,0.0102,0.0427,0.2313,0.1021
5,SATURDAY,17,0.0875,0.5864,0.0011,1.8540,0.0000,0.1626,0.0111,0.0578,0.2493,0.1159
5,SATURDAY,18,0.0712,0.5859,0.0010,1.8570,0.0000,0.1272,0.0098,0.0341,0.2130,0.0914
5,SATURDAY,19,0.0455,0.5849,0.0010,1.8126,0.0947,0.1158,0.0094,0.0281,0.2016,0.0850
5,SATURDAY,20,0.0279,0.5840,0.0009,1.6753,0.0947,0.1064,0.0094,0.0280,0.1951,0.0841
5,SATURDAY,21,0.0152,0.5832,0.0008,1.6005,0.0947,0.0956,0.0093,0.0279,0.1879,0.0830
5,SATURDAY,22,0.0038,0.5827,0.0006,1.4918,0.0947,0.0820,0.0092,0.0276,0.1767,0.0815
5,SATURDAY,23,0.0003,0.0002,0.0003,1.4700,0.0947,0.0583,0.0089,0.0269,0.1506,0.0778
5,SUNDAY,0,0.0000,0.0000,0.0002,1.4544,0.0947,0.0622,0.0090,0.0321,0.1725,0.0961
5,SUNDAY,1,0.0000,0.0000,0.0002,1.4418,0.0947,0.1110,0.0103,0.0635,0.2326,0.1386
5,SUNDAY,2,0.0000,0.0000,0.0002,1.4285,0.0947,0.1554,0.0116,0.0911,0.2472,0.1487
5,SUNDAY,3,0.0000,0.0000,0.0003,1.4159,0.0947,0.1754,0.0121,0.0958,0.2605,0.1524
5,SUNDAY,4,0.0000,0.0000,0.0009,1.4838,0.0947,0.2199,0.0126,0.0971,0.3026,0.1598
5,SUNDAY,5,0.0000,0.0000,0.0010,1.4923,0.0000,0.2339,0.0128,0.0973,0.3122,0.1614
5,SUNDAY,6,0.0000,0.5820,0.0011,1.4795,0.0000,0.2404,0.0128,0.0973,0.3139,0.1617
5,SUNDAY,7,0.0000,0.5820,0.0011,1.5113,0.0000,0.2461,0.0128,0.0973,0.3154,0.1619
5,SUNDAY,8,0.0000,0.5820,0.0011,1.6311,0.0000,0.2485,0.0128,0.0973,0.3161,0.1620
5,SUNDAY,9,0.0007,0.5825,0.0011,1.6615,0.0000,0.2502,0.0128,0.0973,0.3162,0.1620
5,SUNDAY,10,0.0047,0.5834,0.0011,1.6906,0.0000,0.2516,0.0128,0.0972,0.3162,0.1620
5,SUNDAY,11,0.0278,0.5843,0.0011,1.8095,0.0000,0.2518,0.0128,0.0965,0.3162,0.1620
5,SUNDAY,12,0.0530,0.5855,0.0011,1.8354,0.0000,0.2518,0.0128,0.0958,0.3162,0.1620
5,SUNDAY,13,0.0799,0.5878,0.0011,1.9574,0.0000,0.2513,0.0128,0.0946,0.3157,0.1616
5,SUNDAY,14,0.1029,0.5896,0.0011,1.9842,0.0000,0.2486,0.0128,0.0912,0.3126,0.1594
5,SUNDAY,15,0.1150,0.5908,0.0011,1.9108,0.0000,0.2283,0.0122,0.0795,0.3090,0.1569
5,SUNDAY,16,0.1192,0.5914,0.0011,1.9379,0.0000,0.1479,0.0102,0.0427,0.2959,0.1476
5,SUNDAY,17,0.1138,0.5908,0.0011,1.8540,0.0000,0.1626,0.0111,0.0578,0.2414,0.1091
5,SUNDAY,18,0.0937,0.5888,0.0010,1.8570,0.0000,0.1272,0.0098,0.0341,0.2116,0.0885
5,SUNDAY,19,0.0572,0.5869,0.0010,1.8126,0.0947,0.1158,0.0094,0.0281,0.2061,0.0856
5,SUNDAY,20,0.0232,0.5854,0.0009,1.6753,0.0947,0.1064,0.0094,0.0280,0.2042,0.0853
5,SUNDAY,21,0.0061,0.5841,0.0008,1.6005,0.0947,0.0956,0.0093,0.0279,0.1953,0.0841
5,SUNDAY,22,0.0013,0.5829,0.0006,1.4917,0.0947,0.0820,0.0092,0.0276,0.1573,0.0788
5,SUNDAY,23,0.0003,0.0002,0.0003,1.4700,0.0947,0.0903,0.0089,0.0269,0.1489,0.0790
5,HOLIDAY,0,0.0000,0.0000,0.0000,0.0000,0.0000,0.0000,0.0000,0.0000,0.0000,0.0000
5,HOLIDAY,1,0.0000,0.0000,0.0000,0.0000,0.0000,0.0000,0.0000,0.0000,0.0000,0.0000
5,HOLIDAY,2,0.0000,0.0000,0.0000,0.0000,0.0000,0.0000,0.0000,0.0000,0.0000,0.0000
5,HOLIDAY,3,0.0000,0.0000,0.0000,0.0000,0.0000,0.0000,0.0000,0.0000,0.0000,0.0000
5,HOLIDAY,4,0.0000,0.0000,0.0000,0.0000,0.0000,0.0000,0.0000,0.0000,0.0000,0.0000
5,HOLIDAY,5,0.0000,0.0000,0.0000,0.0000,0.0000,0.0000,0.0000,0.0000,0.0000,0.0000
5,HOLIDAY,6,0.0000,0.0000,0.0000,0.0000,0.0000,0.0000,0.0000,0.0000,0.0000,0.0000
5,HOLIDAY,7,0.0000,0.0000,0.0000,0.0000,0.0000,0.0000,0.0000,0.0000,0.0000,0.0000
5,HOLIDAY,8,0.0000,0.0000,0.0000,0.0000,0.0000,0.0000,0.0000,0.0000,0.0000,0.0000
5,HOLIDAY,9,0.0000,0.0000,0.0000,0.0000,0.0000,0.0000,0.0000,0.0000,0.0000,0.0000
5,HOLIDAY,10,0.0000,0.0000,0.0000,0.0000,0.0000,0.0000,0.0000,0.0000,0.0000,0.0000
5,HOLIDAY,11,0.0000,0.0000,0.0000,0.0000,0.0000,0.0000,0.0000,0.0000,0.0000,0.0000
5,HOLIDAY,12,0.0000,0.0000,0.0000,0.0000,0.0000,0.0000,0.0000,0.0000,0.0000,0.0000
5,HOLIDAY,13,0.0000,0.0000,0.0000,0.0000,0.0000,0.0000,0.0000,0.0000,0.0000,0.0000
5,HOLIDAY,14,0.0000,0.0000,0.0000,0.0000,0.0000,0.0000,0.0000,0.0000,0.0000,0.0000
5,HOLIDAY,15,0.0000,0.0000,0.0000,0.0000,0.0000,0.0000,0.0000,0.0000,0.0000,0.0000
5,HOLIDAY,16,0.0000,0.0000,0.0000,0.0000,0.0000,0.0000,0.0000,0.0000,0.0000,0.0000
5,HOLIDAY,17,0.0000,0.0000,0.0000,0.0000,0.0000,0.0000,0.0000,0.0000,0.0000,0.0000
5,HOLIDAY,18,0.0000,0.0000,0.0000,0.0000,0.0000,0.0000,0.0000,0.0000,0.0000,0.0000
5,HOLIDAY,19,0.0000,0.0000,0.0000,0.0000,0.0000,0.0000,0.0000,0.0000,0.0000,0.0000
5,HOLIDAY,20,0.0000,0.0000,0.0000,0.0000,0.0000,0.0000,0.0000,0.0000,0.0000,0.0000
5,HOLIDAY,21,0.0000,0.0000,0.0000,0.0000,0.0000,0.0000,0.0000,0.0000,0.0000,0.0000
5,HOLIDAY,22,0.0000,0.0000,0.0000,0.0000,0.0000,0.0000,0.0000,0.0000,0.0000,0.0000
5,HOLIDAY,23,0.0000,0.0000,0.0000,0.0000,0.0000,0.0000,0.0000,0.0000,0.0000,0.0000
6,WEEKDAY,0,0.0016,0.0011,0.0003,1.9407,0.0947,0.0646,0.0089,0.0272,0.1556,0.0785
6,WEEKDAY,1,0.0007,0.0005,0.0002,1.9233,0.0947,0.0549,0.0088,0.0268,0.1464,0.0772
6,WEEKDAY,2,0.0004,0.0002,0.0002,1.8987,0.0947,0.0692,0.0093,0.0332,0.1538,0.0829
6,WEEKDAY,3,0.0006,0.0004,0.0006,1.8868,0.0947,0.1667,0.0135,0.0710,0.2049,0.1163
6,WEEKDAY,4,0.0032,0.0023,0.0020,1.9808,0.0947,0.2908,0.0255,0.1079,0.2679,0.1459
6,WEEKDAY,5,0.5561,0.1524,0.0034,1.9977,0.0000,0.3471,0.0420,0.1302,0.2989,0.1571
6,WEEKDAY,6,0.7257,0.7876,0.0042,2.0214,0.0000,0.3668,0.0519,0.1424,0.3122,0.1611
6,WEEKDAY,7,0.7954,0.7744,0.0045,2.0601,0.0000,0.3734,0.0569,0.1476,0.3158,0.1619
6,WEEKDAY,8,0.9300,0.7897,0.0047,2.2406,0.0000,0.3750,0.0592,0.1492,0.3162,0.1620
6,WEEKDAY,9,0.9968,0.7923,0.0047,2.2857,0.0000,0.3746,0.0600,0.1494,0.3162,0.1620
6,WEEKDAY,10,1.0971,0.7999,0.0047,2.3234,0.0000,0.3739,0.0601,0.1494,0.3162,0.1620
6,WEEKDAY,11,1.1755,0.8029,0.0047,2.4834,0.0000,0.3739,0.0599,0.1494,0.3162,0.1620
6,WEEKDAY,12,1.2552,0.8080,0.0046,2.5051,0.0000,0.3742,0.0586,0.1491,0.3162,0.1620
6,WEEKDAY,13,1.3067,0.8102,0.0045,2.6605,0.0000,0.3736,0.0564,0.1468,0.3162,0.1620
6,WEEKDAY,14,1.3300,0.8111,0.0040,2.6877,0.0000,0.3677,0.0502,0.1417,0.3162,0.1620
6,WEEKDAY,15,1.3081,0.8064,0.0033,2.5930,0.0000,0.3523,0.0390,0.1332,0.3162,0.1620
6,WEEKDAY,16,1.2493,0.7957,0.0022,2.6440,0.0000,0.3270,0.0250,0.1199,0.3162,0.1620
6,WEEKDAY,17,0.2255,0.5894,0.0016,2.5475,0.0000,0.2983,0.0166,0.1090,0.3161,0.1620
6,WEEKDAY,18,0.2216,0.5902,0.0012,2.5869,0.0000,0.2592,0.0133,0.0959,0.3025,0.1524
6,WEEKDAY,19,0.1630,0.5882,0.0010,2.5193,0.0947,0.1642,0.0104,0.0544,0.2339,0.1043
6,WEEKDAY,20,0.1207,0.5862,0.0009,2.3216,0.0947,0.1378,0.0097,0.0440,0.2199,0.0958
6,WEEKDAY,21,0.0873,0.5853,0.0009,2.1378,0.0947,0.1653,0.0105,0.0708,0.2542,0.1221
6,WEEKDAY,22,0.0559,0.5843,0.0007,1.9911,0.0947,0.1243,0.0096,0.0488,0.2147,0.0982
6,WEEKDAY,23,0.0021,0.0014,0.0006,1.9623,0.0947,0.0844,0.0091,0.0305,0.1847,0.0837
6,SATURDAY,0,0.0000,0.0000,0.0002,1.9406,0.0947,0.0622,0.0090,0.0321,0.1535,0.0827
6,SATURDAY,1,0.0000,0.0000,0.0002,1.9233,0.0947,0.1110,0.0103,0.0635,0.1996,0.1153
6,SATURDAY,2,0.0000,0.0000,0.0002,1.8987,0.0947,0.1554,0.0116,0.0911,0.2406,0.1443
6,SATURDAY,3,0.0000,0.0000,0.0003,1.8866,0.0947,0.1754,0.0121,0.0958,0.2581,0.1520
6,SATURDAY,4,0.0000,0.0000,0.0009,1.9800,0.0947,0.2199,0.0126,0.0971,0.3022,0.1598
6,SATURDAY,5,0.0000,0.0000,0.0010,1.9958,0.0000,0.2339,0.0128,0.0973,0.3125,0.1615
6,SATURDAY,6,0.0000,0.5820,0.0011,2.0186,0.0000,0.2404,0.0128,0.0973,0.3143,0.1617
6,SATURDAY,7,0.0000,0.5820,0.0011,2.0568,0.0000,0.2461,0.0128,0.0973,0.3159,0.1619
6,SATURDAY,8,0.0005,0.5823,0.0011,2.2371,0.0000,0.2485,0.0128,0.0973,0.3162,0.1620
6,SATURDAY,9,0.0173,0.5834,0.0011,2.2821,0.0000,0.2502,0.0128,0.0973,0.3162,0.1620
6,SATURDAY,10,0.0340,0.5849,0.0011,2.3199,0.0000,0.2516,0.0128,0.0972,0.3162,0.1620
6,SATURDAY,11,0.0591,0.5875,0.0011,2.4799,0.0000,0.2518,0.0128,0.0965,0.3162,0.1620
6,SATURDAY,12,0.0844,0.5895,0.0011,2.5016,0.0000,0.2518,0.0128,0.0958,0.3162,0.1620
6,SATURDAY,13,0.1045,0.5913,0.0011,2.6572,0.0000,0.2513,0.0128,0.0946,0.3157,0.1616
6,SATURDAY,14,0.1279,0.5933,0.0011,2.6848,0.0000,0.2486,0.0128,0.0912,0.3126,0.1594
6,SATURDAY,15,0.1738,0.5976,0.0011,2.5906,0.0000,0.2283,0.0122,0.0795,0.2952,0.1471
6,SATURDAY,16,0.1823,0.5987,0.0011,2.6426,0.0000,0.1479,0.0102,0.0427,0.2313,0.1021
6,SATURDAY,17,0.1599,0.5968,0.0011,2.5466,0.0000,0.1626,0.0111,0.0578,0.2493,0.1159
6,SATURDAY,18,0.1360,0.5937,0.0010,2.5862,0.0000,0.1272,0.0098,0.0341,0.2130,0.0914
6,SATURDAY,19,0.0927,0.5906,0.0010,2.5187,0.0947,0.1158,0.0094,0.0281,0.2016,0.0850
6,SATURDAY,20,0.0587,0.5876,0.0009,2.3210,0.0947,0.1064,0.0094,0.0280,0.1951,0.0841
6,SATURDAY,21,0.0399,0.5855,0.0008,2.1372,0.0947,0.0956,0.0093,0.0279,0.1879,0.0830
6,SATURDAY,22,0.0203,0.5843,0.0006,1.9906,0.0947,0.0820,0.0092,0.0276,0.1767,0.0815
6,SATURDAY,23,0.0021,0.0014,0.0003,1.9620,0.0947,0.0583,0.0089,0.0269,0.1506,0.0778
6,SUNDAY,0,0.0016,0.0011,0.0002,1.9406,0.0947,0.0622,0.0090,0.0321,0.1725,0.0961
6,SUNDAY,1,0.0008,0.0006,0.0002,1.9233,0.0947,0.1110,0.0103,0.0635,0.2326,0.1386
6,SUNDAY,2,0.0003,0.0002,0.0002,1.8987,0.0947,0.1554,0.0116,0.0911,0.2472,0.1487
6,SUNDAY,3,0.0000,0.0000,0.0003,1.8866,0.0947,0.1754,0.0121,0.0958,0.2605,0.1524
6,SUNDAY,4,0.0000,0.0000,0.0009,1.9800,0.0947,0.2199,0.0126,0.0971,0.3026,0.1598
6,SUNDAY,5,0.0000,0.0000,0.0010,1.9958,0.0000,0.2339,0.0128,0.0973,0.3122,0.1614
6,SUNDAY,6,0.0009,0.5826,0.0011,2.0186,0.0000,0.2404,0.0128,0.0973,0.3139,0.1617
6,SUNDAY,7,0.0069,0.5849,0.0011,2.0568,0.0000,0.2461,0.0128,0.0973,0.3154,0.1619
6,SUNDAY,8,0.0259,0.5874,0.0011,2.2371,0.0000,0.2485,0.0128,0.0973,0.3161,0.1620
6,SUNDAY,9,0.0521,0.5900,0.0011,2.2821,0.0000,0.2502,0.0128,0.0973,0.3162,0.1620
6,SUNDAY,10,0.0762,0.5925,0.0011,2.3199,0.0000,0.2516,0.0128,0.0972,0.3162,0.1620
6,SUNDAY,11,0.1268,0.5964,0.0011,2.4799,0.0000,0.2518,0.0128,0.0965,0.3162,0.1620
6,SUNDAY,12,0.1546,0.5990,0.0011,2.5016,0.0000,0.2518,0.0128,0.0958,0.3162,0.1620
6,SUNDAY,13,0.1992,0.6031,0.0011,2.6572,0.0000,0.2513,0.0128,0.0946,0.3157,0.1616
6,SUNDAY,14,0.2259,0.6059,0.0011,2.6848,0.0000,0.2486,0.0128,0.0912,0.3126,0.1594
6,SUNDAY,15,0.2422,0.6083,0.0011,2.5906,0.0000,0.2283,0.0122,0.0795,0.3090,0.1569
6,SUNDAY,16,0.2306,0.6075,0.0011,2.6426,0.0000,0.1479,0.0102,0.0427,0.2959,0.1476
6,SUNDAY,17,0.2084,0.6048,0.0011,2.5467,0.0000,0.1626,0.0111,0.0578,0.2414,0.1091
6,SUNDAY,18,0.1788,0.6006,0.0010,2.5862,0.0000,0.1272,0.0098,0.0341,0.2116,0.0885
6,SUNDAY,19,0.1257,0.5946,0.0010,2.5188,0.0947,0.1158,0.0094,0.0281,0.2061,0.0856
6,SUNDAY,20,0.0950,0.5916,0.0009,2.3211,0.0947,0.1064,0.0094,0.0280,0.2042,0.0853
6,SUNDAY,21,0.0661,0.5893,0.0008,2.1372,0.0947,0.0956,0.0093,0.0279,0.1953,0.0841
6,SUNDAY,22,0.0375,0.5874,0.0006,1.9905,0.0947,0.0820,0.0092,0.0276,0.1573,0.0788
6,SUNDAY,23,0.0350,0.0264,0.0003,2.0442,0.0947,0.0933,0.0089,0.0269,0.1489,0.0790
6,HOLIDAY,0,0.0000,0.0000,0.0000,0.0000,0.0000,0.0000,0.0000,0.0000,0.0000,0.0000
6,HOLIDAY,1,0.0000,0.0000,0.0000,0.0000,0.0000,0.0000,0.0000,0.0000,0.0000,0.0000
6,HOLIDAY,2,0.0000,0.0000,0.0000,0.0000,0.0000,0.0000,0.0000,0.0000,0.0000,0.0000
6,HOLIDAY,3,0.0000,0.0000,0.0000,0.0000,0.0000,0.0000,0.0000,0.0000,0.0000,0.0000
6,HOLIDAY,4,0.0000,0.0000,0.0000,0.0000,0.0000,0.0000,0.0000,0.0000,0.0000,0.0000
6,HOLIDAY,5,0.0000,0.0000,0.0000,0.0000,0.0000,0.0000,0.0000,0.0000,0.0000,0.0000
6,HOLIDAY,6,0.0000,0.0000,0.0000,0.0000,0.0000,0.0000,0.0000,0.0000,0.0000,0.0000
6,HOLIDAY,7,0.0000,0.0000,0.0000,0.0000,0.0000,0.0000,0.0000,0.0000,0.0000,0.0000
6,HOLIDAY,8,0.0000,0.0000,0.0000,0.0000,0.0000,0.0000,0.0000,0.0000,0.0000,0.0000
6,HOLIDAY,9,0.0000,0.0000,0.0000,0.0000,0.0000,0.0000,0.0000,0.0000,0.0000,0.0000
6,HOLIDAY,10,0.0000,0.0000,0.0000,0.0000,0.0000,0.0000,0.0000,0.0000,0.0000,0.0000
6,HOLIDAY,11,0.0000,0.0000,0.0000,0.0000,0.0000,0.0000,0.0000,0.0000,0.0000,0.0000
6,HOLIDAY,12,0.0000,0.0000,0.0000,0.0000,0.0000,0.0000,0.0000,0.0000,0.0000,0.0000
6,HOLIDAY,13,0.0000,0.0000,0.0000,0.0000,0.0000,0.0000,0.0000,0.0000,0.0000,0.0000
6,HOLIDAY,14,0.0000,0.0000,0.0000,0.0000,0.0000,0.0000,0.0000,0.0000,0.0000,0.0000
6,HOLIDAY,15,0.0000,0.0000,0.0000,0.0000,0.0000,0.0000,0.0000,0.0000,0.0000,0.0000
6,HOLIDAY,16,0.0000,0.0000,0.0000,0.0000,0.0000,0.0000,0.0000,0.0000,0.0000,0.0000
6,HOLIDAY,17,0.0000,0.0000,0.0000,0.0000,0.0000,0.0000,0.0000,0.0000,0.0000,0.0000
6,HOLIDAY,18,0.0000,0.0000,0.0000,0.0000,0.0000,0.0000,0.0000,0.0000,0.0000,0.0000
6,HOLIDAY,19,0.0000,0.0000,0.0000,0.0000,0.0000,0.0000,0.0000,0.0000,0.0000,0.0000
6,HOLIDAY,20,0.0000,0.0000,0.0000,0.0000,0.0000,0.0000,0.0000,0.0000,0.0000,0.0000
6,HOLIDAY,21,0.0000,0.0000,0.0000,0.0000,0.0000,0.0000,0.0000,0.0000,0.0000,0.0000
6,HOLIDAY,22,0.0000,0.0000,0.0000,0.0000,0.0000,0.0000,0.0000,0.0000,0.0000,0.0000
6,HOLIDAY,23,0.0000,0.0000,0.0000,0.0000,0.0000,0.0000,0.0000,0.0000,0.0000,0.0000
7,WEEKDAY,0,0.1011,0.0760,0.0004,2.3497,0.0947,0.0744,0.0151,0.0290,0.3465,0.0842
7,WEEKDAY,1,0.0894,0.0676,0.0003,2.3300,0.0947,0.0668,0.0151,0.0292,0.3393,0.0844
7,WEEKDAY,2,0.0868,0.0656,0.0004,2.2932,0.0947,0.0949,0.0158,0.0370,0.3481,0.0910
7,WEEKDAY,3,0.1086,0.0828,0.0014,2.2893,0.0947,0.2502,0.0206,0.0789,0.3976,0.1233
7,WEEKDAY,4,0.1197,0.0930,0.0026,2.4034,0.0947,0.3742,0.0305,0.1131,0.4592,0.1518
7,WEEKDAY,5,0.6281,0.1643,0.0037,2.4072,0.0000,0.4217,0.0436,0.1309,0.4896,0.1627
7,WEEKDAY,6,0.7446,0.7846,0.0043,2.4575,0.0000,0.4379,0.0514,0.1405,0.5028,0.1666
7,WEEKDAY,7,0.8590,0.7890,0.0045,2.5067,0.0000,0.4434,0.0556,0.1448,0.5064,0.1674
7,WEEKDAY,8,1.0124,0.8016,0.0046,2.7505,0.0000,0.4449,0.0577,0.1462,0.5067,0.1674
7,WEEKDAY,9,1.1129,0.8075,0.0046,2.8210,0.0000,0.4445,0.0585,0.1464,0.5067,0.1674
7,WEEKDAY,10,1.2135,0.8125,0.0046,2.8683,0.0000,0.4438,0.0586,0.1464,0.5067,0.1674
7,WEEKDAY,11,1.2923,0.8140,0.0046,3.0564,0.0000,0.4438,0.0584,0.1464,0.5067,0.1674
7,WEEKDAY,12,1.3565,0.8151,0.0046,3.0651,0.0000,0.4441,0.0572,0.1461,0.5067,0.1674
7,WEEKDAY,13,1.4091,0.8158,0.0045,3.2446,0.0000,0.4439,0.0553,0.1440,0.5067,0.1674
7,WEEKDAY,14,1.4367,0.8158,0.0042,3.2699,0.0000,0.4405,0.0500,0.1390,0.5066,0.1673
7,WEEKDAY,15,1.4339,0.8154,0.0039,3.1578,0.0000,0.4330,0.0413,0.1312,0.5058,0.1668
7,WEEKDAY,16,1.4006,0.8138,0.0034,3.2260,0.0000,0.4215,0.0308,0.1218,0.5031,0.1648
7,WEEKDAY,17,0.5433,0.7213,0.0032,3.1141,0.0000,0.4087,0.0255,0.1179,0.5038,0.1654
7,WEEKDAY,18,0.5181,0.7210,0.0027,3.1932,0.0000,0.3628,0.0234,0.1100,0.4893,0.1552
7,WEEKDAY,19,0.4367,0.7138,0.0014,3.1219,0.0947,0.1995,0.0174,0.0602,0.4233,0.1089
7,WEEKDAY,20,0.3412,0.7028,0.0011,2.8843,0.0947,0.1640,0.0165,0.0492,0.4098,0.1008
7,WEEKDAY,21,0.3084,0.7024,0.0015,2.5853,0.0947,0.2258,0.0189,0.0830,0.4424,0.1259
7,WEEKDAY,22,0.2478,0.6879,0.0010,2.4080,0.0947,0.1557,0.0166,0.0556,0.4044,0.1031
7,WEEKDAY,23,0.1200,0.0891,0.0006,2.3976,0.0947,0.0967,0.0154,0.0328,0.3752,0.0891
7,SATURDAY,0,0.1171,0.0860,0.0003,2.3496,0.0947,0.0798,0.0157,0.0354,0.3441,0.0882
7,SATURDAY,1,0.1225,0.0924,0.0010,2.3301,0.0947,0.1765,0.0192,0.0759,0.3901,0.1208
7,SATURDAY,2,0.1331,0.1023,0.0019,2.2933,0.0947,0.2645,0.0228,0.1116,0.4311,0.1498
7,SATURDAY,3,0.1310,0.1023,0.0023,2.2891,0.0947,0.2967,0.0240,0.1176,0.4486,0.1575
7,SATURDAY,4,0.1310,0.1016,0.0029,2.4026,0.0947,0.3469,0.0249,0.1188,0.4927,0.1652
7,SATURDAY,5,0.1303,0.1016,0.0031,2.4054,0.0000,0.3645,0.0251,0.1191,0.5030,0.1669
7,SATURDAY,6,0.1476,0.6950,0.0032,2.4550,0.0000,0.3740,0.0251,0.1191,0.5048,0.1672
7,SATURDAY,7,0.1752,0.7035,0.0032,2.5037,0.0000,0.3824,0.0252,0.1191,0.5065,0.1674
7,SATURDAY,8,0.2488,0.7126,0.0032,2.7473,0.0000,0.3853,0.0252,0.1191,0.5067,0.1674
7,SATURDAY,9,0.3239,0.7170,0.0032,2.8178,0.0000,0.3869,0.0252,0.1191,0.5067,0.1674
7,SATURDAY,10,0.3861,0.7186,0.0032,2.8651,0.0000,0.3883,0.0252,0.1189,0.5067,0.1674
7,SATURDAY,11,0.4654,0.7216,0.0032,3.0532,0.0000,0.3886,0.0252,0.1181,0.5067,0.1674
7,SATURDAY,12,0.5621,0.7268,0.0032,3.0619,0.0000,0.3886,0.0252,0.1171,0.5067,0.1674
7,SATURDAY,13,0.6162,0.7287,0.0032,3.2416,0.0000,0.3877,0.0251,0.1155,0.5062,0.1671
7,SATURDAY,14,0.6593,0.7309,0.0031,3.2672,0.0000,0.3823,0.0249,0.1111,0.5031,0.1649
7,SATURDAY,15,0.6781,0.7314,0.0027,3.1555,0.0000,0.3420,0.0235,0.0960,0.4858,0.1526
7,SATURDAY,16,0.6791,0.7311,0.0016,3.2243,0.0000,0.1829,0.0179,0.0486,0.4218,0.1076
7,SATURDAY,17,0.6616,0.7296,0.0019,3.1128,0.0000,0.2134,0.0202,0.0681,0.4399,0.1213
7,SATURDAY,18,0.5385,0.7164,0.0012,3.1920,0.0000,0.1449,0.0166,0.0375,0.4036,0.0969
7,SATURDAY,19,0.4292,0.7027,0.0010,3.1211,0.0947,0.1252,0.0157,0.0298,0.3922,0.0904
7,SATURDAY,20,0.3309,0.6878,0.0009,2.8837,0.0947,0.1157,0.0156,0.0297,0.3857,0.0895
7,SATURDAY,21,0.2877,0.6781,0.0008,2.5844,0.0947,0.1050,0.0156,0.0296,0.3785,0.0885
7,SATURDAY,22,0.2289,0.6676,0.0007,2.4074,0.0947,0.0914,0.0154,0.0293,0.3673,0.0869
7,SATURDAY,23,0.1050,0.0769,0.0003,2.3734,0.0947,0.0676,0.0151,0.0286,0.3411,0.0833
7,SUNDAY,0,0.0990,0.0727,0.0003,2.3497,0.0947,0.0798,0.0157,0.0354,0.3630,0.1016
7,SUNDAY,1,0.1087,0.0827,0.0010,2.3302,0.0947,0.1765,0.0192,0.0759,0.4231,0.1441
7,SUNDAY,2,0.1203,0.0931,0.0019,2.2933,0.0947,0.2645,0.0228,0.1116,0.4377,0.1542
7,SUNDAY,3,0.1214,0.0950,0.0023,2.2891,0.0947,0.2967,0.0240,0.1176,0.4511,0.1578
7,SUNDAY,4,0.1201,0.0944,0.0029,2.4026,0.0947,0.3469,0.0249,0.1188,0.4931,0.1653
7,SUNDAY,5,0.1198,0.0947,0.0031,2.4054,0.0000,0.3645,0.0251,0.1191,0.5028,0.1669
7,SUNDAY,6,0.1399,0.6882,0.0032,2.4550,0.0000,0.3740,0.0251,0.1191,0.5044,0.1671
7,SUNDAY,7,0.1688,0.6964,0.0032,2.5037,0.0000,0.3824,0.0252,0.1191,0.5059,0.1673
7,SUNDAY,8,0.2117,0.7031,0.0032,2.7473,0.0000,0.3853,0.0252,0.1191,0.5067,0.1674
7,SUNDAY,9,0.2560,0.7096,0.0032,2.8178,0.0000,0.3869,0.0252,0.1191,0.5067,0.1674
7,SUNDAY,10,0.3103,0.7152,0.0032,2.8651,0.0000,0.3883,0.0252,0.1189,0.5067,0.1674
7,SUNDAY,11,0.3725,0.7191,0.0032,3.0532,0.0000,0.3886,0.0252,0.1181,0.5067,0.1674
7,SUNDAY,12,0.4513,0.7221,0.0032,3.0619,0.0000,0.3886,0.0252,0.1171,0.5067,0.1674
7,SUNDAY,13,0.5359,0.7277,0.0032,3.2416,0.0000,0.3877,0.0251,0.1155,0.5062,0.1671
7,SUNDAY,14,0.5820,0.7295,0.0031,3.2672,0.0000,0.3823,0.0249,0.1111,0.5031,0.1649
7,SUNDAY,15,0.5928,0.7296,0.0027,3.1556,0.0000,0.3420,0.0235,0.0960,0.4996,0.1624
7,SUNDAY,16,0.5988,0.7267,0.0016,3.2244,0.0000,0.1829,0.0179,0.0486,0.4865,0.1531
7,SUNDAY,17,0.5913,0.7267,0.0019,3.1128,0.0000,0.2134,0.0202,0.0681,0.4319,0.1146
7,SUNDAY,18,0.4609,0.7039,0.0012,3.1920,0.0000,0.1449,0.0166,0.0375,0.4022,0.0940
7,SUNDAY,19,0.3679,0.6878,0.0010,3.1212,0.0947,0.1252,0.0157,0.0298,0.3967,0.0910
7,SUNDAY,20,0.2799,0.6747,0.0009,2.8837,0.0947,0.1157,0.0156,0.0297,0.3948,0.0908
7,SUNDAY,21,0.2340,0.6660,0.0008,2.5844,0.0947,0.1050,0.0156,0.0296,0.3858,0.0895
7,SUNDAY,22,0.1677,0.6575,0.0007,2.4073,0.0947,0.0914,0.0154,0.0293,0.3478,0.0842
7,SUNDAY,23,0.0930,0.0695,0.0003,2.3733,0.0947,0.1029,0.0151,0.0286,0.3394,0.0845
7,HOLIDAY,0,0.0000,0.0000,0.0000,0.0000,0.0000,0.0000,0.0000,0.0000,0.0000,0.0000
7,HOLIDAY,1,0.0000,0.0000,0.0000,0.0000,0.0000,0.0000,0.0000,0.0000,0.0000,0.0000
7,HOLIDAY,2,0.0000,0.0000,0.0000,0.0000,0.0000,0.0000,0.0000,0.0000,0.0000,0.0000
7,HOLIDAY,3,0.0000,0.0000,0.0000,0.0000,0.0000,0.0000,0.0000,0.0000,0.0000,0.0000
7,HOLIDAY,4,0.0000,0.0000,0.0000,0.0000,0.0000,0.0000,0.0000,0.0000,0.0000,0.0000
7,HOLIDAY,5,0.0000,0.0000,0.0000,0.0000,0.0000,0.0000,0.0000,0.0000,0.0000,0.0000
7,HOLIDAY,6,0.0000,0.0000,0.0000,0.0000,0.0000,0.0000,0.0000,0.0000,0.0000,0.0000
7,HOLIDAY,7,0.0000,0.0000,0.0000,0.0000,0.0000,0.0000,0.0000,0.0000,0.0000,0.0000
7,HOLIDAY,8,0.0000,0.0000,0.0000,0.0000,0.0000,0.0000,0.0000,0.0000,0.0000,0.0000
7,HOLIDAY,9,0.0000,0.0000,0.0000,0.0000,0.0000,0.0000,0.0000,0.0000,0.0000,0.0000
7,HOLIDAY,10,0.0000,0.0000,0.0000,0.0000,0.0000,0.0000,0.0000,0.0000,0.0000,0.0000
7,HOLIDAY,11,0.0000,0.0000,0.0000,0.0000,0.0000,0.0000,0.0000,0.0000,0.0000,0.0000
7,HOLIDAY,12,0.0000,0.0000,0.0000,0.0000,0.0000,0.0000,0.0000,0.0000,0.0000,0.0000
7,HOLIDAY,13,0.0000,0.0000,0.0000,0.0000,0.0000,0.0000,0.0000,0.0000,0.0000,0.0000
7,HOLIDAY,14,0.0000,0.0000,0.0000,0.0000,0.0000,0.0000,0.0000,0.0000,0.0000,0.0000
7,HOLIDAY,15,0.0000,0.0000,0.0000,0.0000,0.0000,0.0000,0.0000,0.0000,0.0000,0.0000
7,HOLIDAY,16,0.0000,0.0000,0.0000,0.0000,0.0000,0.0000,0.0000,0.0000,0.0000,0.0000
7,HOLIDAY,17,0.0000,0.0000,0.0000,0.0000,0.0000,0.0000,0.0000,0.0000,0.0000,0.0000
7,HOLIDAY,18,0.0000,0.0000,0.0000,0.0000,0.0000,0.0000,0.0000,0.0000,0.0000,0.0000
7,HOLIDAY,19,0.0000,0.0000,0.0000,0.0000,0.0000,0.0000,0.0000,0.0000,0.0000,0.0000
7,HOLIDAY,20,0.0000,0.0000,0.0000,0.0000,0.0000,0.0000,0.0000,0.0000,0.0000,0.0000
7,HOLIDAY,21,0.0000,0.0000,0.0000,0.0000,0.0000,0.0000,0.0000,0.0000,0.0000,0.0000
7,HOLIDAY,22,0.0000,0.0000,0.0000,0.0000,0.0000,0.0000,0.0000,0.0000,0.0000,0.0000
7,HOLIDAY,23,0.0000,0.0000,0.0000,0.0000,0.0000,0.0000,0.0000,0.0000,0.0000,0.0000
8,WEEKDAY,0,0.0949,0.0708,0.0004,2.8923,0.0947,0.0740,0.0151,0.0289,0.3462,0.0840
8,WEEKDAY,1,0.0833,0.0635,0.0003,2.8697,0.0947,0.0643,0.0151,0.0285,0.3369,0.0827
8,WEEKDAY,2,0.0825,0.0621,0.0004,2.8319,0.0947,0.0911,0.0157,0.0360,0.3443,0.0884
8,WEEKDAY,3,0.1041,0.0800,0.0014,2.8213,0.0947,0.2493,0.0205,0.0792,0.3954,0.1218
8,WEEKDAY,4,0.1162,0.0902,0.0027,2.9636,0.0947,0.3754,0.0308,0.1147,0.4585,0.1513
8,WEEKDAY,5,0.6218,0.1605,0.0037,2.9504,0.0000,0.4238,0.0445,0.1332,0.4894,0.1626
8,WEEKDAY,6,0.7319,0.7799,0.0043,2.9945,0.0000,0.4403,0.0526,0.1432,0.5028,0.1666
8,WEEKDAY,7,0.8455,0.7878,0.0046,3.0519,0.0000,0.4459,0.0570,0.1477,0.5064,0.1674
8,WEEKDAY,8,1.0005,0.8028,0.0047,3.3471,0.0000,0.4474,0.0592,0.1492,0.5067,0.1674
8,WEEKDAY,9,1.0994,0.8090,0.0047,3.4399,0.0000,0.4470,0.0600,0.1494,0.5067,0.1674
8,WEEKDAY,10,1.2131,0.8154,0.0047,3.5084,0.0000,0.4463,0.0601,0.1494,0.5067,0.1674
8,WEEKDAY,11,1.2962,0.8172,0.0047,3.7373,0.0000,0.4463,0.0599,0.1494,0.5067,0.1674
8,WEEKDAY,12,1.3699,0.8190,0.0046,3.7582,0.0000,0.4466,0.0587,0.1491,0.5067,0.1674
8,WEEKDAY,13,1.4354,0.8196,0.0045,3.9738,0.0000,0.4465,0.0567,0.1468,0.5067,0.1674
8,WEEKDAY,14,1.4480,0.8195,0.0043,3.9942,0.0000,0.4430,0.0512,0.1417,0.5067,0.1674
8,WEEKDAY,15,1.4423,0.8182,0.0039,3.8351,0.0000,0.4361,0.0421,0.1339,0.5067,0.1674
8,WEEKDAY,16,1.4015,0.8154,0.0034,3.9089,0.0000,0.4278,0.0312,0.1247,0.5067,0.1674
8,WEEKDAY,17,0.5095,0.7200,0.0032,3.7504,0.0000,0.4136,0.0256,0.1198,0.5066,0.1674
8,WEEKDAY,18,0.4822,0.7200,0.0027,3.8077,0.0947,0.3681,0.0235,0.1097,0.4930,0.1578
8,WEEKDAY,19,0.3873,0.7096,0.0014,3.7459,0.0947,0.2014,0.0174,0.0606,0.4245,0.1097
8,WEEKDAY,20,0.3140,0.6990,0.0011,3.4742,0.0947,0.1650,0.0165,0.0498,0.4105,0.1012
8,WEEKDAY,21,0.2753,0.6978,0.0015,3.1764,0.0947,0.2282,0.0189,0.0849,0.4447,0.1275
8,WEEKDAY,22,0.2190,0.6827,0.0010,2.9612,0.0947,0.1567,0.0166,0.0565,0.4052,0.1037
8,WEEKDAY,23,0.1106,0.0828,0.0006,2.9235,0.0947,0.0949,0.0154,0.0330,0.3753,0.0892
8,SATURDAY,0,0.1097,0.0781,0.0003,2.8922,0.0947,0.0798,0.0157,0.0354,0.3441,0.0882
8,SATURDAY,1,0.1200,0.0888,0.0010,2.8698,0.0947,0.1765,0.0192,0.0759,0.3901,0.1208
8,SATURDAY,2,0.1302,0.0989,0.0019,2.8320,0.0947,0.2645,0.0228,0.1116,0.4311,0.1498
8,SATURDAY,3,0.1309,0.1007,0.0023,2.8211,0.0947,0.2967,0.0240,0.1176,0.4486,0.1575
8,SATURDAY,4,0.1297,0.1002,0.0029,2.9628,0.0947,0.3469,0.0249,0.1188,0.4927,0.1652
8,SATURDAY,5,0.1284,0.0996,0.0031,2.9486,0.0000,0.3645,0.0251,0.1191,0.5030,0.1669
8,SATURDAY,6,0.1418,0.6914,0.0032,2.9919,0.0000,0.3740,0.0251,0.1191,0.5048,0.1672
8,SATURDAY,7,0.1677,0.7021,0.0032,3.0488,0.0000,0.3824,0.0252,0.1191,0.5065,0.1674
8,SATURDAY,8,0.2220,0.7084,0.0032,3.3438,0.0000,0.3853,0.0252,0.1191,0.5067,0.1674
8,SATURDAY,9,0.3049,0.7157,0.0032,3.4365,0.0000,0.3869,0.0252,0.1191,0.5067,0.1674
8,SATURDAY,10,0.3756,0.7192,0.0032,3.5051,0.0000,0.3883,0.0252,0.1189,0.5067,0.1674
8,SATURDAY,11,0.4580,0.7219,0.0032,3.7340,0.0000,0.3886,0.0252,0.1181,0.5067,0.1674
8,SATURDAY,12,0.5118,0.7234,0.0032,3.7550,0.0000,0.3886,0.0252,0.1171,0.5067,0.1674
8,SATURDAY,13,0.5865,0.7272,0.0032,3.9707,0.0000,0.3877,0.0251,0.1155,0.5062,0.1671
8,SATURDAY,14,0.6295,0.7290,0.0031,3.9914,0.0000,0.3823,0.0249,0.1111,0.5031,0.1649
8,SATURDAY,15,0.6468,0.7291,0.0027,3.8329,0.0000,0.3420,0.0235,0.0960,0.4858,0.1526
8,SATURDAY,16,0.6434,0.7272,0.0016,3.9072,0.0000,0.1829,0.0179,0.0486,0.4218,0.1076
8,SATURDAY,17,0.6114,0.7241,0.0019,3.7490,0.0000,0.2134,0.0202,0.0681,0.4399,0.1213
8,SATURDAY,18,0.4980,0.7094,0.0012,3.8065,0.0947,0.1449,0.0166,0.0375,0.4036,0.0969
8,SATURDAY,19,0.4016,0.6959,0.0010,3.7451,0.0947,0.1252,0.0157,0.0298,0.3922,0.0904
8,SATURDAY,20,0.3247,0.6849,0.0009,3.4735,0.0947,0.1157,0.0156,0.0297,0.3857,0.0895
8,SATURDAY,21,0.2699,0.6766,0.0008,3.1755,0.0947,0.1050,0.0156,0.0296,0.3785,0.0885
8,SATURDAY,22,0.2164,0.6673,0.0007,2.9606,0.0947,0.0914,0.0154,0.0293,0.3673,0.0869
8,SATURDAY,23,0.1055,0.0767,0.0003,2.8828,0.0947,0.0676,0.0151,0.0286,0.3411,0.0833
8,SUNDAY,0,0.1011,0.0739,0.0003,2.8922,0.0947,0.0798,0.0157,0.0354,0.3630,0.1016
8,SUNDAY,1,0.1118,0.0841,0.0010,2.8699,0.0947,0.1765,0.0192,0.0759,0.4231,0.1441
8,SUNDAY,2,0.1241,0.0947,0.0019,2.8320,0.0947,0.2645,0.0228,0.1116,0.4377,0.1542
8,SUNDAY,3,0.1228,0.0967,0.0023,2.8211,0.0947,0.2967,0.0240,0.1176,0.4511,0.1578
8,SUNDAY,4,0.1240,0.0965,0.0029,2.9628,0.0947,0.3469,0.0249,0.1188,0.4931,0.1653
8,SUNDAY,5,0.1229,0.0961,0.0031,2.9486,0.0000,0.3645,0.0251,0.1191,0.5028,0.1669
8,SUNDAY,6,0.1334,0.6832,0.0032,2.9919,0.0000,0.3740,0.0251,0.1191,0.5044,0.1671
8,SUNDAY,7,0.1554,0.6962,0.0032,3.0488,0.0000,0.3824,0.0252,0.1191,0.5059,0.1673
8,SUNDAY,8,0.1969,0.7040,0.0032,3.3438,0.0000,0.3853,0.0252,0.1191,0.5067,0.1674
8,SUNDAY,9,0.2905,0.7149,0.0032,3.4365,0.0000,0.3869,0.0252,0.1191,0.5067,0.1674
8,SUNDAY,10,0.3637,0.7205,0.0032,3.5051,0.0000,0.3883,0.0252,0.1189,0.5067,0.1674
8,SUNDAY,11,0.4259,0.7221,0.0032,3.7340,0.0000,0.3886,0.0252,0.1181,0.5067,0.1674
8,SUNDAY,12,0.4924,0.7234,0.0032,3.7550,0.0000,0.3886,0.0252,0.1171,0.5067,0.1674
8,SUNDAY,13,0.6003,0.7299,0.0032,3.9707,0.0000,0.3877,0.0251,0.1155,0.5062,0.1671
8,SUNDAY,14,0.6469,0.7317,0.0031,3.9914,0.0000,0.3823,0.0249,0.1111,0.5031,0.1649
8,SUNDAY,15,0.6646,0.7321,0.0027,3.8329,0.0000,0.3420,0.0235,0.0960,0.4996,0.1624
8,SUNDAY,16,0.6555,0.7294,0.0016,3.9073,0.0000,0.1829,0.0179,0.0486,0.4865,0.1531
8,SUNDAY,17,0.5991,0.7239,0.0019,3.7490,0.0000,0.2134,0.0202,0.0681,0.4319,0.1146
8,SUNDAY,18,0.4871,0.7077,0.0012,3.8065,0.0947,0.1449,0.0166,0.0375,0.4022,0.0940
8,SUNDAY,19,0.3828,0.6927,0.0010,3.7451,0.0947,0.1252,0.0157,0.0298,0.3967,0.0910
8,SUNDAY,20,0.3149,0.6814,0.0009,3.4736,0.0947,0.1157,0.0156,0.0297,0.3948,0.0908
8,SUNDAY,21,0.2382,0.6697,0.0008,3.1755,0.0947,0.1050,0.0156,0.0296,0.3858,0.0895
8,SUNDAY,22,0.1812,0.6604,0.0007,2.9605,0.0947,0.0914,0.0154,0.0293,0.3478,0.0842
8,SUNDAY,23,0.0976,0.0722,0.0003,2.9231,0.0947,0.1029,0.0151,0.0286,0.3394,0.0845
8,HOLIDAY,0,0.0000,0.0000,0.0000,0.0000,0.0000,0.0000,0.0000,0.0000,0.0000,0.0000
8,HOLIDAY,1,0.0000,0.0000,0.0000,0.0000,0.0000,0.0000,0.0000,0.0000,0.0000,0.0000
8,HOLIDAY,2,0.0000,0.0000,0.0000,0.0000,0.0000,0.0000,0.0000,0.0000,0.0000,0.0000
8,HOLIDAY,3,0.0000,0.0000,0.0000,0.0000,0.0000,0.0000,0.0000,0.0000,0.0000,0.0000
8,HOLIDAY,4,0.0000,0.0000,0.0000,0.0000,0.0000,0.0000,0.0000,0.0000,0.0000,0.0000
8,HOLIDAY,5,0.0000,0.0000,0.0000,0.0000,0.0000,0.0000,0.0000,0.0000,0.0000,0.0000
8,HOLIDAY,6,0.0000,0.0000,0.0000,0.0000,0.0000,0.0000,0.0000,0.0000,0.0000,0.0000
8,HOLIDAY,7,0.0000,0.0000,0.0000,0.0000,0.0000,0.0000,0.0000,0.0000,0.0000,0.0000
8,HOLIDAY,8,0.0000,0.0000,0.0000,0.0000,0.0000,0.0000,0.0000,0.0000,0.0000,0.0000
8,HOLIDAY,9,0.0000,0.0000,0.0000,0.0000,0.0000,0.0000,0.0000,0.0000,0.0000,0.0000
8,HOLIDAY,10,0.0000,0.0000,0.0000,0.0000,0.0000,0.0000,0.0000,0.0000,0.0000,0.0000
8,HOLIDAY,11,0.0000,0.0000,0.0000,0.0000,0.0000,0.0000,0.0000,0.0000,0.0000,0.0000
8,HOLIDAY,12,0.0000,0.0000,0.0000,0.0000,0.0000,0.0000,0.0000,0.0000,0.0000,0.0000
8,HOLIDAY,13,0.0000,0.0000,0.0000,0.0000,0.0000,0.0000,0.0000,0.0000,0.0000,0.0000
8,HOLIDAY,14,0.0000,0.0000,0.0000,0.0000,0.0000,0.0000,0.0000,0.0000,0.0000,0.0000
8,HOLIDAY,15,0.0000,0.0000,0.0000,0.0000,0.0000,0.0000,0.0000,0.0000,0.0000,0.0000
8,HOLIDAY,16,0.0000,0.0000,0.0000,0.0000,0.0000,0.0000,0.0000,0.0000,0.0000,0.0000
8,HOLIDAY,17,0.0000,0.0000,0.0000,0.0000,0.0000,0.0000,0.0000,0.0000,0.0000,0.0000
8,HOLIDAY,18,0.0000,0.0000,0.0000,0.0000,0.0000,0.0000,0.0000,0.0000,0.0000,0.0000
8,HOLIDAY,19,0.0000,0.0000,0.0000,0.0000,0.0000,0.0000,0.0000,0.0000,0.0000,0.0000
8,HOLIDAY,20,0.0000,0.0000,0.0000,0.0000,0.0000,0.0000,0.0000,0.0000,0.0000,0.0000
8,HOLIDAY,21,0.0000,0.0000,0.0000,0.0000,0.0000,0.0000,0.0000,0.0000,0.0000,0.0000
8,HOLIDAY,22,0.0000,0.0000,0.0000,0.0000,0.0000,0.0000,0.0000,0.0000,0.0000,0.0000
8,HOLIDAY,23,0.0000,0.0000,0.0000,0.0000,0.0000,0.0000,0.0000,0.0000,0.0000,0.0000
9,WEEKDAY,0,0.0713,0.0560,0.0004,2.6973,0.0947,0.0744,0.0151,0.0290,0.3465,0.0843
9,WEEKDAY,1,0.0635,0.0503,0.0003,2.6758,0.0947,0.0670,0.0151,0.0293,0.3395,0.0845
9,WEEKDAY,2,0.0626,0.0494,0.0004,2.6470,0.0947,0.0953,0.0159,0.0371,0.3485,0.0913
9,WEEKDAY,3,0.0855,0.0676,0.0014,2.6349,0.0947,0.2503,0.0206,0.0788,0.3978,0.1235
9,WEEKDAY,4,0.0989,0.0789,0.0026,2.7713,0.0947,0.3740,0.0305,0.1130,0.4592,0.1519
9,WEEKDAY,5,0.4989,0.1365,0.0037,2.7458,0.0947,0.4214,0.0435,0.1307,0.4896,0.1627
9,WEEKDAY,6,0.6052,0.7454,0.0042,2.7350,0.0000,0.4376,0.0513,0.1402,0.5028,0.1666
9,WEEKDAY,7,0.6889,0.7597,0.0045,2.7920,0.0000,0.4431,0.0555,0.1445,0.5064,0.1674
9,WEEKDAY,8,0.8180,0.7784,0.0046,3.0568,0.0000,0.4446,0.0576,0.1460,0.5067,0.1674
9,WEEKDAY,9,0.9040,0.7892,0.0046,3.1419,0.0000,0.4442,0.0583,0.1461,0.5067,0.1674
9,WEEKDAY,10,1.0123,0.7996,0.0046,3.1975,0.0000,0.4435,0.0584,0.1461,0.5067,0.1674
9,WEEKDAY,11,1.0899,0.8042,0.0046,3.4175,0.0000,0.4435,0.0582,0.1461,0.5067,0.1674
9,WEEKDAY,12,1.1690,0.8090,0.0046,3.4490,0.0000,0.4438,0.0571,0.1458,0.5067,0.1674
9,WEEKDAY,13,1.2214,0.8112,0.0045,3.6580,0.0000,0.4437,0.0552,0.1437,0.5067,0.1674
9,WEEKDAY,14,1.2511,0.8109,0.0042,3.6824,0.0000,0.4402,0.0499,0.1387,0.5066,0.1673
9,WEEKDAY,15,1.2328,0.8080,0.0039,3.5351,0.0000,0.4327,0.0412,0.1310,0.5057,0.1667
9,WEEKDAY,16,1.1592,0.7994,0.0034,3.5882,0.0000,0.4209,0.0308,0.1215,0.5027,0.1646
9,WEEKDAY,17,0.3789,0.7147,0.0032,3.3992,0.0000,0.4082,0.0255,0.1177,0.5036,0.1652
9,WEEKDAY,18,0.3324,0.7119,0.0027,3.4195,0.0947,0.3623,0.0234,0.1100,0.4889,0.1550
9,WEEKDAY,19,0.2491,0.6918,0.0014,3.3762,0.0947,0.1994,0.0174,0.0601,0.4232,0.1088
9,WEEKDAY,20,0.1971,0.6774,0.0011,3.1312,0.0947,0.1639,0.0165,0.0491,0.4098,0.1007
9,WEEKDAY,21,0.1711,0.6774,0.0015,2.9503,0.0947,0.2255,0.0189,0.0828,0.4422,0.1258
9,WEEKDAY,22,0.1278,0.6606,0.0010,2.7543,0.0947,0.1556,0.0166,0.0555,0.4043,0.1030
9,WEEKDAY,23,0.0824,0.0641,0.0006,2.7206,0.0947,0.0962,0.0154,0.0328,0.3752,0.0891
9,SATURDAY,0,0.0717,0.0560,0.0003,2.6973,0.0947,0.0798,0.0157,0.0354,0.3441,0.0882
9,SATURDAY,1,0.0847,0.0662,0.0010,2.6759,0.0947,0.1765,0.0192,0.0759,0.3901,0.1208
9,SATURDAY,2,0.0984,0.0783,0.0019,2.6471,0.0947,0.2645,0.0228,0.1116,0.4311,0.1498
9,SATURDAY,3,0.1036,0.0828,0.0023,2.6347,0.0947,0.2967,0.0240,0.1176,0.4486,0.1575
9,SATURDAY,4,0.1046,0.0845,0.0029,2.7704,0.0947,0.3469,0.0249,0.1188,0.4927,0.1652
9,SATURDAY,5,0.1051,0.0847,0.0031,2.7440,0.0947,0.3645,0.0251,0.1191,0.5030,0.1669
9,SATURDAY,6,0.1089,0.6703,0.0032,2.7325,0.0000,0.3740,0.0251,0.1191,0.5048,0.1672
9,SATURDAY,7,0.1257,0.6826,0.0032,2.7890,0.0000,0.3824,0.0252,0.1191,0.5065,0.1674
9,SATURDAY,8,0.1443,0.6935,0.0032,3.0536,0.0000,0.3853,0.0252,0.1191,0.5067,0.1674
9,SATURDAY,9,0.1847,0.7017,0.0032,3.1387,0.0000,0.3869,0.0252,0.1191,0.5067,0.1674
9,SATURDAY,10,0.2258,0.7066,0.0032,3.1943,0.0000,0.3883,0.0252,0.1189,0.5067,0.1674
9,SATURDAY,11,0.2512,0.7084,0.0032,3.4143,0.0000,0.3886,0.0252,0.1181,0.5067,0.1674
9,SATURDAY,12,0.2853,0.7100,0.0032,3.4459,0.0000,0.3886,0.0252,0.1171,0.5067,0.1674
9,SATURDAY,13,0.3409,0.7140,0.0032,3.6550,0.0000,0.3877,0.0251,0.1155,0.5062,0.1671
9,SATURDAY,14,0.3927,0.7171,0.0031,3.6797,0.0000,0.3823,0.0249,0.1111,0.5031,0.1649
9,SATURDAY,15,0.3883,0.7134,0.0027,3.5329,0.0000,0.3420,0.0235,0.0960,0.4858,0.1526
9,SATURDAY,16,0.3474,0.6971,0.0016,3.5865,0.0000,0.1829,0.0179,0.0486,0.4218,0.1076
9,SATURDAY,17,0.3031,0.6937,0.0019,3.3979,0.0000,0.2134,0.0202,0.0681,0.4399,0.1213
9,SATURDAY,18,0.2438,0.6781,0.0012,3.4183,0.0947,0.1449,0.0166,0.0375,0.4036,0.0969
9,SATURDAY,19,0.1911,0.6630,0.0010,3.3754,0.0947,0.1252,0.0157,0.0298,0.3922,0.0904
9,SATURDAY,20,0.1596,0.6533,0.0009,3.1305,0.0947,0.1157,0.0156,0.0297,0.3857,0.0895
9,SATURDAY,21,0.1275,0.6462,0.0008,2.9494,0.0947,0.1050,0.0156,0.0296,0.3785,0.0885
9,SATURDAY,22,0.0892,0.6400,0.0007,2.7537,0.0947,0.0914,0.0154,0.0293,0.3673,0.0869
9,SATURDAY,23,0.0677,0.0525,0.0003,2.7217,0.0947,0.0676,0.0151,0.0286,0.3411,0.0833
9,SUNDAY,0,0.0709,0.0548,0.0003,2.6973,0.0947,0.0798,0.0157,0.0354,0.3630,0.1016
9,SUNDAY,1,0.0835,0.0659,0.0010,2.6759,0.0947,0.1765,0.0192,0.0759,0.4231,0.1441
9,SUNDAY,2,0.0978,0.0775,0.0019,2.6471,0.0947,0.2645,0.0228,0.1116,0.4377,0.1542
9,SUNDAY,3,0.1021,0.0819,0.0023,2.6347,0.0947,0.2967,0.0240,0.1176,0.4511,0.1578
9,SUNDAY,4,0.1041,0.0838,0.0029,2.7704,0.0947,0.3469,0.0249,0.1188,0.4931,0.1653
9,SUNDAY,5,0.1043,0.0843,0.0031,2.7440,0.0947,0.3645,0.0251,0.1191,0.5028,0.1669
9,SUNDAY,6,0.1100,0.6713,0.0032,2.7325,0.0000,0.3740,0.0251,0.1191,0.5044,0.1671
9,SUNDAY,7,0.1292,0.6851,0.0032,2.7890,0.0000,0.3824,0.0252,0.1191,0.5059,0.1673
9,SUNDAY,8,0.1491,0.6937,0.0032,3.0536,0.0000,0.3853,0.0252,0.1191,0.5067,0.1674
9,SUNDAY,9,0.2041,0.7029,0.0032,3.1387,0.0000,0.3869,0.0252,0.1191,0.5067,0.1674
9,SUNDAY,10,0.2442,0.7081,0.0032,3.1943,0.0000,0.3883,0.0252,0.1189,0.5067,0.1674
9,SUNDAY,11,0.2999,0.7139,0.0032,3.4143,0.0000,0.3886,0.0252,0.1181,0.5067,0.1674
9,SUNDAY,12,0.3502,0.7173,0.0032,3.4459,0.0000,0.3886,0.0252,0.1171,0.5067,0.1674
9,SUNDAY,13,0.4035,0.7195,0.0032,3.6550,0.0000,0.3877,0.0251,0.1155,0.5062,0.1671
9,SUNDAY,14,0.4452,0.7218,0.0031,3.6797,0.0000,0.3823,0.0249,0.1111,0.5031,0.1649
9,SUNDAY,15,0.4604,0.7202,0.0027,3.5329,0.0000,0.3420,0.0235,0.0960,0.4996,0.1624
9,SUNDAY,16,0.4208,0.7055,0.0016,3.5866,0.0000,0.1829,0.0179,0.0486,0.4865,0.1531
9,SUNDAY,17,0.3687,0.7004,0.0019,3.3979,0.0000,0.2134,0.0202,0.0681,0.4319,0.1146
9,SUNDAY,18,0.2928,0.6817,0.0012,3.4183,0.0947,0.1449,0.0166,0.0375,0.4022,0.0940
9,SUNDAY,19,0.2051,0.6661,0.0010,3.3755,0.0947,0.1252,0.0157,0.0298,0.3967,0.0910
9,SUNDAY,20,0.1592,0.6553,0.0009,3.1306,0.0947,0.1157,0.0156,0.0297,0.3948,0.0908
9,SUNDAY,21,0.1294,0.6484,0.0008,2.9494,0.0947,0.1050,0.0156,0.0296,0.3858,0.0895
9,SUNDAY,22,0.0994,0.6418,0.0007,2.7536,0.0947,0.0914,0.0154,0.0293,0.3478,0.0842
9,SUNDAY,23,0.0714,0.0553,0.0003,2.7217,0.0947,0.1024,0.0151,0.0286,0.3394,0.0845
9,HOLIDAY,0,0.0000,0.0000,0.0000,0.0000,0.0000,0.0000,0.0000,0.0000,0.0000,0.0000
9,HOLIDAY,1,0.0000,0.0000,0.0000,0.0000,0.0000,0.0000,0.0000,0.0000,0.0000,0.0000
9,HOLIDAY,2,0.0000,0.0000,0.0000,0.0000,0.0000,0.0000,0.0000,0.0000,0.0000,0.0000
9,HOLIDAY,3,0.0000,0.0000,0.0000,0.0000,0.0000,0.0000,0.0000,0.0000,0.0000,0.0000
9,HOLIDAY,4,0.0000,0.0000,0.0000,0.0000,0.0000,0.0000,0.0000,0.0000,0.0000,0.0000
9,HOLIDAY,5,0.0000,0.0000,0.0000,0.0000,0.0000,0.0000,0.0000,0.0000,0.0000,0.0000
9,HOLIDAY,6,0.0000,0.0000,0.0000,0.0000,0.0000,0.0000,0.0000,0.0000,0.0000,0.0000
9,HOLIDAY,7,0.0000,0.0000,0.0000,0.0000,0.0000,0.0000,0.0000,0.0000,0.0000,0.0000
9,HOLIDAY,8,0.0000,0.0000,0.0000,0.0000,0.0000,0.0000,0.0000,0.0000,0.0000,0.0000
9,HOLIDAY,9,0.0000,0.0000,0.0000,0.0000,0.0000,0.0000,0.0000,0.0000,0.0000,0.0000
9,HOLIDAY,10,0.0000,0.0000,0.0000,0.0000,0.0000,0.0000,0.0000,0.0000,0.0000,0.0000
9,HOLIDAY,11,0.0000,0.0000,0.0000,0.0000,0.0000,0.0000,0.0000,0.0000,0.0000,0.0000
9,HOLIDAY,12,0.0000,0.0000,0.0000,0.0000,0.0000,0.0000,0.0000,0.0000,0.0000,0.0000
9,HOLIDAY,13,0.0000,0.0000,0.0000,0.0000,0.0000,0.0000,0.0000,0.0000,0.0000,0.0000
9,HOLIDAY,14,0.0000,0.0000,0.0000,0.0000,0.0000,0.0000,0.0000,0.0000,0.0000,0.0000
9,HOLIDAY,15,0.0000,0.0000,0.0000,0.0000,0.0000,0.0000,0.0000,0.0000,0.0000,0.0000
9,HOLIDAY,16,0.0000,0.0000,0.0000,0.0000,0.0000,0.0000,0.0000,0.0000,0.0000,0.0000
9,HOLIDAY,17,0.0000,0.0000,0.0000,0.0000,0.0000,0.0000,0.0000,0.0000,0.0000,0.0000
9,HOLIDAY,18,0.0000,0.0000,0.0000,0.0000,0.0000,0.0000,0.0000,0.0000,0.0000,0.0000
9,HOLIDAY,19,0.0000,0.0000,0.0000,0.0000,0.0000,0.0000,0.0000,0.0000,0.0000,0.0000
9,HOLIDAY,20,0.0000,0.0000,0.0000,0.0000,0.0000,0.0000,0.0000,0.0000,0.0000,0.0000
9,HOLIDAY,21,0.0000,0.0000,0.0000,0.0000,0.0000,0.0000,0.0000,0.0000,0.0000,0.0000
9,HOLIDAY,22,0.0000,0.0000,0.0000,0.0000,0.0000,0.0000,0.0000,0.0000,0.0000,0.0000
9,HOLIDAY,23,0.0000,0.0000,0.0000,0.0000,0.0000,0.0000,0.0000,0.0000,0.0000,0.0000
10,WEEKDAY,0,0.0383,0.0346,0.0004,2.6740,0.0947,0.0790,0.0152,0.0296,0.3512,0.0849
10,WEEKDAY,1,0.0330,0.0307,0.0003,2.6526,0.0947,0.0660,0.0151,0.0285,0.3386,0.0829
10,WEEKDAY,2,0.0306,0.0289,0.0004,2.6430,0.0947,0.0865,0.0156,0.0347,0.3430,0.0874
10,WEEKDAY,3,0.0473,0.0439,0.0012,2.6272,0.0947,0.2218,0.0197,0.0717,0.3865,0.1160
10,WEEKDAY,4,0.0618,0.0579,0.0024,2.7353,0.0947,0.3535,0.0290,0.1085,0.4475,0.1462
10,WEEKDAY,5,0.2675,0.0952,0.0035,2.7319,0.0947,0.4154,0.0421,0.1299,0.4840,0.1606
10,WEEKDAY,6,0.3778,0.5965,0.0042,2.6246,0.0165,0.4375,0.0512,0.1414,0.5005,0.1659
10,WEEKDAY,7,0.4735,0.7204,0.0045,2.6701,0.0000,0.4449,0.0562,0.1469,0.5057,0.1673
10,WEEKDAY,8,0.6015,0.7466,0.0047,2.8776,0.0000,0.4472,0.0588,0.1489,0.5067,0.1674
10,WEEKDAY,9,0.6735,0.7580,0.0047,2.9896,0.0000,0.4471,0.0598,0.1493,0.5067,0.1674
10,WEEKDAY,10,0.7396,0.7685,0.0047,3.0631,0.0000,0.4464,0.0601,0.1494,0.5067,0.1674
10,WEEKDAY,11,0.7872,0.7735,0.0047,3.2704,0.0000,0.4463,0.0599,0.1494,0.5067,0.1674
10,WEEKDAY,12,0.8462,0.7793,0.0046,3.3487,0.0000,0.4465,0.0589,0.1491,0.5067,0.1674
10,WEEKDAY,13,0.8825,0.7817,0.0045,3.5412,0.0000,0.4465,0.0570,0.1472,0.5067,0.1674
10,WEEKDAY,14,0.8791,0.7791,0.0043,3.6087,0.0000,0.4436,0.0521,0.1426,0.5067,0.1674
10,WEEKDAY,15,0.8206,0.7701,0.0040,3.4836,0.0000,0.4373,0.0436,0.1352,0.5067,0.1674
10,WEEKDAY,16,0.6967,0.7542,0.0035,3.4554,0.0000,0.4292,0.0331,0.1263,0.5067,0.1674
10,WEEKDAY,17,0.2317,0.6978,0.0032,3.2570,0.0782,0.4161,0.0266,0.1206,0.5067,0.1674
10,WEEKDAY,18,0.1449,0.6819,0.0027,3.1887,0.0947,0.3760,0.0238,0.1114,0.4954,0.1595
10,WEEKDAY,19,0.0995,0.6557,0.0016,3.1408,0.0947,0.2303,0.0185,0.0692,0.4364,0.1181
10,WEEKDAY,20,0.0736,0.6407,0.0012,2.9398,0.0947,0.1713,0.0167,0.0517,0.4129,0.1027
10,WEEKDAY,21,0.0727,0.6423,0.0015,2.8970,0.0947,0.2172,0.0185,0.0788,0.4387,0.1230
10,WEEKDAY,22,0.0577,0.6317,0.0011,2.7372,0.0947,0.1691,0.0170,0.0614,0.4121,0.1078
10,WEEKDAY,23,0.0440,0.1407,0.0007,2.6926,0.0947,0.1062,0.0156,0.0371,0.3805,0.0917
10,SATURDAY,0,0.0376,0.0337,0.0003,2.6705,0.0947,0.0798,0.0157,0.0354,0.3441,0.0882
10,SATURDAY,1,0.0501,0.0457,0.0010,2.6490,0.0947,0.1765,0.0192,0.0759,0.3901,0.1208
10,SATURDAY,2,0.0643,0.0589,0.0019,2.6419,0.0947,0.2645,0.0228,0.1116,0.4311,0.1498
10,SATURDAY,3,0.0724,0.0661,0.0023,2.6239,0.0947,0.2967,0.0240,0.1176,0.4486,0.1575
10,SATURDAY,4,0.0757,0.0694,0.0029,2.7579,0.0947,0.3469,0.0249,0.1188,0.4927,0.1652
10,SATURDAY,5,0.0768,0.0707,0.0031,2.7245,0.0947,0.3645,0.0251,0.1191,0.5030,0.1669
10,SATURDAY,6,0.0780,0.6541,0.0032,2.6006,0.0000,0.3740,0.0251,0.1191,0.5048,0.1672
10,SATURDAY,7,0.0920,0.6665,0.0032,2.6811,0.0000,0.3824,0.0252,0.1191,0.5065,0.1674
10,SATURDAY,8,0.1075,0.6768,0.0032,2.9150,0.0000,0.3853,0.0252,0.1191,0.5067,0.1674
10,SATURDAY,9,0.1215,0.6847,0.0032,3.0012,0.0000,0.3869,0.0252,0.1191,0.5067,0.1674
10,SATURDAY,10,0.1341,0.6908,0.0032,3.0721,0.0000,0.3883,0.0252,0.1189,0.5067,0.1674
10,SATURDAY,11,0.1486,0.6959,0.0032,3.3081,0.0000,0.3886,0.0252,0.1181,0.5067,0.1674
10,SATURDAY,12,0.1705,0.6991,0.0032,3.3533,0.0000,0.3886,0.0252,0.1171,0.5067,0.1674
10,SATURDAY,13,0.1819,0.7007,0.0032,3.5771,0.0000,0.3877,0.0251,0.1155,0.5062,0.1671
10,SATURDAY,14,0.1989,0.7004,0.0031,3.6119,0.0000,0.3823,0.0249,0.1111,0.5031,0.1649
10,SATURDAY,15,0.2018,0.6947,0.0027,3.4537,0.0000,0.3420,0.0235,0.0960,0.4858,0.1526
10,SATURDAY,16,0.1630,0.6672,0.0016,3.4535,0.0000,0.1829,0.0179,0.0486,0.4218,0.1076
10,SATURDAY,17,0.1393,0.6628,0.0019,3.2140,0.0947,0.2134,0.0202,0.0681,0.4399,0.1213
10,SATURDAY,18,0.0901,0.6432,0.0012,3.1819,0.0947,0.1449,0.0166,0.0375,0.4036,0.0969
10,SATURDAY,19,0.0645,0.6338,0.0010,3.1311,0.0947,0.1252,0.0157,0.0298,0.3922,0.0904
10,SATURDAY,20,0.0557,0.6276,0.0009,2.8987,0.0947,0.1157,0.0156,0.0297,0.3857,0.0895
10,SATURDAY,21,0.0486,0.6231,0.0008,2.8956,0.0947,0.1050,0.0156,0.0296,0.3785,0.0885
10,SATURDAY,22,0.0435,0.6194,0.0007,2.7030,0.0947,0.0914,0.0154,0.0293,0.3673,0.0869
10,SATURDAY,23,0.0387,0.0342,0.0003,2.6899,0.0947,0.0676,0.0151,0.0286,0.3411,0.0833
10,SUNDAY,0,0.0361,0.0320,0.0003,2.6753,0.0947,0.0767,0.0155,0.0337,0.3571,0.0973
10,SUNDAY,1,0.0462,0.0409,0.0008,2.6544,0.0947,0.1523,0.0183,0.0658,0.4081,0.1335
10,SUNDAY,2,0.0599,0.0538,0.0017,2.6437,0.0947,0.2425,0.0219,0.1027,0.4341,0.1516
10,SUNDAY,3,0.0692,0.0629,0.0022,2.6284,0.0947,0.2887,0.0237,0.1161,0.4477,0.1569
10,SUNDAY,4,0.0739,0.0676,0.0028,2.7244,0.0947,0.3343,0.0246,0.1185,0.4826,0.1634
10,SUNDAY,5,0.0755,0.0695,0.0031,2.7328,0.0947,0.3601,0.0250,0.1190,0.5004,0.1665
10,SUNDAY,6,0.0761,0.5076,0.0031,2.6316,0.0237,0.3716,0.0251,0.1191,0.5040,0.1671
10,SUNDAY,7,0.0933,0.6680,0.0032,2.6610,0.0000,0.3803,0.0251,0.1191,0.5055,0.1673
10,SUNDAY,8,0.1097,0.6788,0.0032,2.8565,0.0000,0.3846,0.0252,0.1191,0.5065,0.1674
10,SUNDAY,9,0.1237,0.6877,0.0032,2.9797,0.0000,0.3865,0.0252,0.1191,0.5067,0.1674
10,SUNDAY,10,0.1390,0.6937,0.0032,3.0544,0.0000,0.3880,0.0252,0.1189,0.5067,0.1674
10,SUNDAY,11,0.1615,0.6996,0.0032,3.2491,0.0000,0.3885,0.0252,0.1183,0.5067,0.1674
10,SUNDAY,12,0.1837,0.7021,0.0032,3.3420,0.0000,0.3886,0.0252,0.1173,0.5067,0.1674
10,SUNDAY,13,0.2042,0.7034,0.0032,3.5211,0.0000,0.3879,0.0251,0.1159,0.5063,0.1672
10,SUNDAY,14,0.2209,0.7032,0.0031,3.6032,0.0000,0.3836,0.0250,0.1122,0.5039,0.1654
10,SUNDAY,15,0.2240,0.6981,0.0028,3.4933,0.0000,0.3521,0.0238,0.0998,0.5005,0.1630
10,SUNDAY,16,0.1891,0.6750,0.0019,3.4536,0.0000,0.2227,0.0193,0.0604,0.4897,0.1554
10,SUNDAY,17,0.1534,0.6632,0.0018,3.2739,0.0710,0.2057,0.0196,0.0632,0.4456,0.1242
10,SUNDAY,18,0.0996,0.6474,0.0014,3.1899,0.0947,0.1620,0.0175,0.0452,0.4096,0.0991
10,SUNDAY,19,0.0685,0.6351,0.0011,3.1438,0.0947,0.1301,0.0159,0.0317,0.3980,0.0918
10,SUNDAY,20,0.0569,0.6287,0.0009,2.9568,0.0947,0.1181,0.0156,0.0297,0.3953,0.0909
10,SUNDAY,21,0.0496,0.6238,0.0008,2.8964,0.0947,0.1077,0.0156,0.0296,0.3881,0.0898
10,SUNDAY,22,0.0441,0.6199,0.0007,2.7511,0.0947,0.0948,0.0155,0.0294,0.3573,0.0855
10,SUNDAY,23,0.0394,0.1800,0.0004,2.6932,0.0947,0.1000,0.0152,0.0288,0.3415,0.0844
10,HOLIDAY,0,0.0000,0.0000,0.0000,0.0000,0.0000,0.0000,0.0000,0.0000,0.0000,0.0000
10,HOLIDAY,1,0.0000,0.0000,0.0000,0.0000,0.0000,0.0000,0.0000,0.0000,0.0000,0.0000
10,HOLIDAY,2,0.0000,0.0000,0.0000,0.0000,0.0000,0.0000,0.0000,0.0000,0.0000,0.0000
10,HOLIDAY,3,0.0000,0.0000,0.0000,0.0000,0.0000,0.0000,0.0000,0.0000,0.0000,0.0000
10,HOLIDAY,4,0.0000,0.0000,0.0000,0.0000,0.0000,0.0000,0.0000,0.0000,0.0000,0.0000
10,HOLIDAY,5,0.0000,0.0000,0.0000,0.0000,0.0000,0.0000,0.0000,0.0000,0.0000,0.0000
10,HOLIDAY,6,0.0000,0.0000,0.0000,0.0000,0.0000,0.0000,0.0000,0.0000,0.0000,0.0000
10,HOLIDAY,7,0.0000,0.0000,0.0000,0.0000,0.0000,0.0000,0.0000,0.0000,0.0000,0.0000
10,HOLIDAY,8,0.0000,0.0000,0.0000,0.0000,0.0000,0.0000,0.0000,0.0000,0.0000,0.0000
10,HOLIDAY,9,0.0000,0.0000,0.0000,0.0000,0.0000,0.0000,0.0000,0.0000,0.0000,0.0000
10,HOLIDAY,10,0.0000,0.0000,0.0000,0.0000,0.0000,0.0000,0.0000,0.0000,0.0000,0.0000
10,HOLIDAY,11,0.0000,0.0000,0.0000,0.0000,0.0000,0.0000,0.0000,0.0000,0.0000,0.0000
10,HOLIDAY,12,0.0000,0.0000,0.0000,0.0000,0.0000,0.0000,0.0000,0.0000,0.0000,0.0000
10,HOLIDAY,13,0.0000,0.0000,0.0000,0.0000,0.0000,0.0000,0.0000,0.0000,0.0000,0.0000
10,HOLIDAY,14,0.0000,0.0000,0.0000,0.0000,0.0000,0.0000,0.0000,0.0000,0.0000,0.0000
10,HOLIDAY,15,0.0000,0.0000,0.0000,0.0000,0.0000,0.0000,0.0000,0.0000,0.0000,0.0000
10,HOLIDAY,16,0.0000,0.0000,0.0000,0.0000,0.0000,0.0000,0.0000,0.0000,0.0000,0.0000
10,HOLIDAY,17,0.0000,0.0000,0.0000,0.0000,0.0000,0.0000,0.0000,0.0000,0.0000,0.0000
10,HOLIDAY,18,0.0000,0.0000,0.0000,0.0000,0.0000,0.0000,0.0000,0.0000,0.0000,0.0000
10,HOLIDAY,19,0.0000,0.0000,0.0000,0.0000,0.0000,0.0000,0.0000,0.0000,0.0000,0.0000
10,HOLIDAY,20,0.0000,0.0000,0.0000,0.0000,0.0000,0.0000,0.0000,0.0000,0.0000,0.0000
10,HOLIDAY,21,0.0000,0.0000,0.0000,0.0000,0.0000,0.0000,0.0000,0.0000,0.0000,0.0000
10,HOLIDAY,22,0.0000,0.0000,0.0000,0.0000,0.0000,0.0000,0.0000,0.0000,0.0000,0.0000
10,HOLIDAY,23,0.0000,0.0000,0.0000,0.0000,0.0000,0.0000,0.0000,0.0000,0.0000,0.0000
11,WEEKDAY,0,0.0176,0.0190,0.0006,2.3272,0.0947,0.1028,0.0154,0.0329,0.3753,0.0892
11,WEEKDAY,1,0.0154,0.0169,0.0004,2.3193,0.0947,0.0744,0.0152,0.0289,0.3462,0.0840
11,WEEKDAY,2,0.0132,0.0146,0.0003,2.3127,0.0947,0.0670,0.0152,0.0287,0.3369,0.0827
11,WEEKDAY,3,0.0115,0.0129,0.0005,2.3174,0.0947,0.0952,0.0159,0.0364,0.3443,0.0884
11,WEEKDAY,4,0.0276,0.0312,0.0014,2.2993,0.0947,0.2506,0.0207,0.0791,0.3954,0.1218
11,WEEKDAY,5,0.0408,0.0459,0.0027,2.4222,0.0947,0.3753,0.0309,0.1143,0.4585,0.1513
11,WEEKDAY,6,0.1036,0.0674,0.0037,2.3862,0.0947,0.4236,0.0445,0.1327,0.4894,0.1626
11,WEEKDAY,7,0.2235,0.6760,0.0043,2.1978,0.0000,0.4402,0.0526,0.1427,0.5028,0.1666
11,WEEKDAY,8,0.3682,0.7061,0.0046,2.2184,0.0000,0.4459,0.0570,0.1472,0.5064,0.1674
11,WEEKDAY,9,0.4564,0.7226,0.0047,2.3725,0.0000,0.4474,0.0592,0.1487,0.5067,0.1674
11,WEEKDAY,10,0.5083,0.7324,0.0047,2.4369,0.0000,0.4470,0.0600,0.1488,0.5067,0.1674
11,WEEKDAY,11,0.5391,0.7382,0.0047,2.5035,0.0000,0.4463,0.0601,0.1488,0.5067,0.1674
11,WEEKDAY,12,0.5746,0.7429,0.0047,2.7139,0.0000,0.4463,0.0599,0.1488,0.5067,0.1674
11,WEEKDAY,13,0.5987,0.7449,0.0046,2.7829,0.0000,0.4466,0.0587,0.1485,0.5067,0.1674
11,WEEKDAY,14,0.5997,0.7425,0.0045,2.9840,0.0000,0.4464,0.0567,0.1463,0.5067,0.1674
11,WEEKDAY,15,0.5405,0.7315,0.0043,3.0170,0.0000,0.4428,0.0512,0.1411,0.5067,0.1674
11,WEEKDAY,16,0.4239,0.7126,0.0039,2.8633,0.0000,0.4350,0.0420,0.1332,0.5067,0.1674
11,WEEKDAY,17,0.3151,0.6947,0.0034,2.8104,0.0947,0.4229,0.0310,0.1239,0.5067,0.1674
11,WEEKDAY,18,0.0906,0.6615,0.0031,2.6078,0.0947,0.4096,0.0255,0.1192,0.5066,0.1674
11,WEEKDAY,19,0.0765,0.6509,0.0026,2.5540,0.0947,0.3632,0.0233,0.1098,0.4930,0.1578
11,WEEKDAY,20,0.0450,0.6243,0.0013,2.5070,0.0947,0.1998,0.0174,0.0605,0.4245,0.1097
11,WEEKDAY,21,0.0343,0.6154,0.0011,2.3410,0.0947,0.1641,0.0165,0.0496,0.4105,0.1012
11,WEEKDAY,22,0.0391,0.6210,0.0015,2.4725,0.0947,0.2257,0.0188,0.0843,0.4447,0.1275
11,WEEKDAY,23,0.0255,0.6085,0.0010,2.3244,0.0947,0.1556,0.0166,0.0562,0.4052,0.1037
11,SATURDAY,0,0.0211,0.0225,0.0003,2.3268,0.0947,0.0676,0.0151,0.0286,0.3411,0.0833
11,SATURDAY,1,0.0146,0.0162,0.0003,2.3193,0.0947,0.0798,0.0157,0.0354,0.3441,0.0882
11,SATURDAY,2,0.0250,0.0280,0.0010,2.3128,0.0947,0.1765,0.0192,0.0759,0.3901,0.1208
11,SATURDAY,3,0.0381,0.0422,0.0019,2.3175,0.0947,0.2645,0.0228,0.1116,0.4311,0.1498
11,SATURDAY,4,0.0478,0.0519,0.0023,2.2991,0.0947,0.2967,0.0240,0.1176,0.4486,0.1575
11,SATURDAY,5,0.0522,0.0562,0.0029,2.4214,0.0947,0.3469,0.0249,0.1188,0.4927,0.1652
11,SATURDAY,6,0.0537,0.0578,0.0031,2.3844,0.0947,0.3645,0.0251,0.1191,0.5030,0.1669
11,SATURDAY,7,0.0607,0.6471,0.0032,2.1952,0.0000,0.3740,0.0251,0.1191,0.5048,0.1672
11,SATURDAY,8,0.0741,0.6588,0.0032,2.2153,0.0000,0.3824,0.0252,0.1191,0.5065,0.1674
11,SATURDAY,9,0.0870,0.6678,0.0032,2.3692,0.0000,0.3853,0.0252,0.1191,0.5067,0.1674
11,SATURDAY,10,0.0980,0.6744,0.0032,2.4336,0.0000,0.3869,0.0252,0.1191,0.5067,0.1674
11,SATURDAY,11,0.1062,0.6781,0.0032,2.5002,0.0000,0.3883,0.0252,0.1189,0.5067,0.1674
11,SATURDAY,12,0.1117,0.6797,0.0032,2.7107,0.0000,0.3886,0.0252,0.1181,0.5067,0.1674
11,SATURDAY,13,0.1149,0.6806,0.0032,2.7798,0.0000,0.3886,0.0252,0.1171,0.5067,0.1674
11,SATURDAY,14,0.1134,0.6785,0.0032,2.9810,0.0000,0.3877,0.0251,0.1155,0.5062,0.1671
11,SATURDAY,15,0.1084,0.6737,0.0031,3.0142,0.0000,0.3823,0.0249,0.1111,0.5031,0.1649
11,SATURDAY,16,0.0933,0.6620,0.0027,2.8611,0.0000,0.3420,0.0235,0.0960,0.4858,0.1526
11,SATURDAY,17,0.0579,0.6334,0.0016,2.8087,0.0947,0.1829,0.0179,0.0486,0.4218,0.1076
11,SATURDAY,18,0.0560,0.6329,0.0019,2.6065,0.0947,0.2134,0.0202,0.0681,0.4399,0.1213
11,SATURDAY,19,0.0362,0.6160,0.0012,2.5528,0.0947,0.1449,0.0166,0.0375,0.4036,0.0969
11,SATURDAY,20,0.0300,0.6110,0.0010,2.5062,0.0947,0.1252,0.0157,0.0298,0.3922,0.0904
11,SATURDAY,21,0.0246,0.6069,0.0009,2.3404,0.0947,0.1157,0.0156,0.0297,0.3857,0.0895
11,SATURDAY,22,0.0207,0.6034,0.0008,2.4716,0.0947,0.1050,0.0156,0.0296,0.3785,0.0885
11,SATURDAY,23,0.0175,0.6006,0.0007,2.3239,0.0947,0.0914,0.0154,0.0293,0.3673,0.0869
11,SUNDAY,0,0.0158,0.0170,0.0003,2.3268,0.0947,0.0676,0.0151,0.0286,0.3394,0.0845
11,SUNDAY,1,0.0113,0.0124,0.0003,2.3193,0.0947,0.0798,0.0157,0.0354,0.3630,0.1016
11,SUNDAY,2,0.0223,0.0249,0.0010,2.3128,0.0947,0.1765,0.0192,0.0759,0.4231,0.1441
11,SUNDAY,3,0.0362,0.0402,0.0019,2.3175,0.0947,0.2645,0.0228,0.1116,0.4377,0.1542
11,SUNDAY,4,0.0460,0.0501,0.0023,2.2991,0.0947,0.2967,0.0240,0.1176,0.4511,0.1578
11,SUNDAY,5,0.0510,0.0547,0.0029,2.4214,0.0947,0.3469,0.0249,0.1188,0.4931,0.1653
11,SUNDAY,6,0.0532,0.0569,0.0031,2.3844,0.0947,0.3645,0.0251,0.1191,0.5028,0.1669
11,SUNDAY,7,0.0601,0.6459,0.0032,2.1952,0.0000,0.3740,0.0251,0.1191,0.5044,0.1671
11,SUNDAY,8,0.0729,0.6573,0.0032,2.2153,0.0000,0.3824,0.0252,0.1191,0.5059,0.1673
11,SUNDAY,9,0.0847,0.6658,0.0032,2.3692,0.0000,0.3853,0.0252,0.1191,0.5067,0.1674
11,SUNDAY,10,0.0943,0.6712,0.0032,2.4336,0.0000,0.3869,0.0252,0.1191,0.5067,0.1674
11,SUNDAY,11,0.1028,0.6752,0.0032,2.5002,0.0000,0.3883,0.0252,0.1189,0.5067,0.1674
11,SUNDAY,12,0.1062,0.6774,0.0032,2.7107,0.0000,0.3886,0.0252,0.1181,0.5067,0.1674
11,SUNDAY,13,0.1089,0.6771,0.0032,2.7798,0.0000,0.3886,0.0252,0.1171,0.5067,0.1674
11,SUNDAY,14,0.1073,0.6747,0.0032,2.9810,0.0000,0.3877,0.0251,0.1155,0.5062,0.1671
11,SUNDAY,15,0.1020,0.6698,0.0031,3.0142,0.0000,0.3823,0.0249,0.1111,0.5031,0.1649
11,SUNDAY,16,0.0873,0.6582,0.0027,2.8611,0.0000,0.3420,0.0235,0.0960,0.4996,0.1624
11,SUNDAY,17,0.0530,0.6298,0.0016,2.8088,0.0947,0.1829,0.0179,0.0486,0.4865,0.1531
11,SUNDAY,18,0.0511,0.6298,0.0019,2.6065,0.0947,0.2134,0.0202,0.0681,0.4319,0.1146
11,SUNDAY,19,0.0327,0.6133,0.0012,2.5528,0.0947,0.1449,0.0166,0.0375,0.4022,0.0940
11,SUNDAY,20,0.0268,0.6087,0.0010,2.5062,0.0947,0.1252,0.0157,0.0298,0.3967,0.0910
11,SUNDAY,21,0.0221,0.6047,0.0009,2.3404,0.0947,0.1157,0.0156,0.0297,0.3948,0.0908
11,SUNDAY,22,0.0185,0.6016,0.0008,2.4716,0.0947,0.1050,0.0156,0.0296,0.3858,0.0895
11,SUNDAY,23,0.0155,0.5988,0.0007,2.3238,0.0947,0.0914,0.0154,0.0293,0.3478,0.0842
11,HOLIDAY,0,0.0000,0.0000,0.0000,0.0000,0.0000,0.0000,0.0000,0.0000,0.0000,0.0000
11,HOLIDAY,1,0.0000,0.0000,0.0000,0.0000,0.0000,0.0000,0.0000,0.0000,0.0000,0.0000
11,HOLIDAY,2,0.0000,0.0000,0.0000,0.0000,0.0000,0.0000,0.0000,0.0000,0.0000,0.0000
11,HOLIDAY,3,0.0000,0.0000,0.0000,0.0000,0.0000,0.0000,0.0000,0.0000,0.0000,0.0000
11,HOLIDAY,4,0.0000,0.0000,0.0000,0.0000,0.0000,0.0000,0.0000,0.0000,0.0000,0.0000
11,HOLIDAY,5,0.0000,0.0000,0.0000,0.0000,0.0000,0.0000,0.0000,0.0000,0.0000,0.0000
11,HOLIDAY,6,0.0000,0.0000,0.0000,0.0000,0.0000,0.0000,0.0000,0.0000,0.0000,0.0000
11,HOLIDAY,7,0.0000,0.0000,0.0000,0.0000,0.0000,0.0000,0.0000,0.0000,0.0000,0.0000
11,HOLIDAY,8,0.0000,0.0000,0.0000,0.0000,0.0000,0.0000,0.0000,0.0000,0.0000,0.0000
11,HOLIDAY,9,0.0000,0.0000,0.0000,0.0000,0.0000,0.0000,0.0000,0.0000,0.0000,0.0000
11,HOLIDAY,10,0.0000,0.0000,0.0000,0.0000,0.0000,0.0000,0.0000,0.0000,0.0000,0.0000
11,HOLIDAY,11,0.0000,0.0000,0.0000,0.0000,0.0000,0.0000,0.0000,0.0000,0.0000,0.0000
11,HOLIDAY,12,0.0000,0.0000,0.0000,0.0000,0.0000,0.0000,0.0000,0.0000,0.0000,0.0000
11,HOLIDAY,13,0.0000,0.0000,0.0000,0.0000,0.0000,0.0000,0.0000,0.0000,0.0000,0.0000
11,HOLIDAY,14,0.0000,0.0000,0.0000,0.0000,0.0000,0.0000,0.0000,0.0000,0.0000,0.0000
11,HOLIDAY,15,0.0000,0.0000,0.0000,0.0000,0.0000,0.0000,0.0000,0.0000,0.0000,0.0000
11,HOLIDAY,16,0.0000,0.0000,0.0000,0.0000,0.0000,0.0000,0.0000,0.0000,0.0000,0.0000
11,HOLIDAY,17,0.0000,0.0000,0.0000,0.0000,0.0000,0.0000,0.0000,0.0000,0.0000,0.0000
11,HOLIDAY,18,0.0000,0.0000,0.0000,0.0000,0.0000,0.0000,0.0000,0.0000,0.0000,0.0000
11,HOLIDAY,19,0.0000,0.0000,0.0000,0.0000,0.0000,0.0000,0.0000,0.0000,0.0000,0.0000
11,HOLIDAY,20,0.0000,0.0000,0.0000,0.0000,0.0000,0.0000,0.0000,0.0000,0.0000,0.0000
11,HOLIDAY,21,0.0000,0.0000,0.0000,0.0000,0.0000,0.0000,0.0000,0.0000,0.0000,0.0000
11,HOLIDAY,22,0.0000,0.0000,0.0000,0.0000,0.0000,0.0000,0.0000,0.0000,0.0000,0.0000
11,HOLIDAY,23,0.0000,0.0000,0.0000,0.0000,0.0000,0.0000,0.0000,0.0000,0.0000,0.0000
12,WEEKDAY,0,0.0064,0.0105,0.0006,2.0128,0.0947,0.1027,0.0154,0.0328,0.3752,0.0891
12,WEEKDAY,1,0.0052,0.0103,0.0004,2.0093,0.0947,0.0748,0.0152,0.0290,0.3465,0.0842
12,WEEKDAY,2,0.0038,0.0093,0.0003,2.0095,0.0947,0.0695,0.0153,0.0294,0.3394,0.0844
12,WEEKDAY,3,0.0026,0.0088,0.0005,2.0215,0.0947,0.0990,0.0161,0.0374,0.3483,0.0912
12,WEEKDAY,4,0.0156,0.0230,0.0014,2.0060,0.0947,0.2514,0.0207,0.0788,0.3977,0.1234
12,WEEKDAY,5,0.0275,0.0353,0.0027,2.1167,0.0947,0.3741,0.0306,0.1126,0.4592,0.1518
12,WEEKDAY,6,0.0405,0.0487,0.0037,2.0913,0.0947,0.4214,0.0436,0.1303,0.4896,0.1627
12,WEEKDAY,7,0.0874,0.6434,0.0043,1.8930,0.0000,0.4376,0.0514,0.1399,0.5028,0.1666
12,WEEKDAY,8,0.2013,0.6721,0.0045,1.8561,0.0000,0.4432,0.0555,0.1442,0.5064,0.1674
12,WEEKDAY,9,0.2993,0.6942,0.0046,1.9430,0.0000,0.4448,0.0576,0.1456,0.5067,0.1674
12,WEEKDAY,10,0.3461,0.7034,0.0046,1.9775,0.0000,0.4444,0.0584,0.1458,0.5067,0.1674
12,WEEKDAY,11,0.3757,0.7103,0.0046,2.0384,0.0000,0.4436,0.0585,0.1458,0.5067,0.1674
12,WEEKDAY,12,0.4059,0.7150,0.0046,2.2157,0.0000,0.4437,0.0583,0.1458,0.5067,0.1674
12,WEEKDAY,13,0.4261,0.7168,0.0046,2.2902,0.0000,0.4440,0.0572,0.1455,0.5067,0.1674
12,WEEKDAY,14,0.4227,0.7136,0.0045,2.4717,0.0000,0.4438,0.0552,0.1433,0.5067,0.1674
12,WEEKDAY,15,0.3635,0.7016,0.0042,2.5083,0.0000,0.4402,0.0500,0.1383,0.5066,0.1673
12,WEEKDAY,16,0.2687,0.6839,0.0038,2.3761,0.0000,0.4318,0.0412,0.1305,0.5058,0.1668
12,WEEKDAY,17,0.1760,0.6680,0.0034,2.3246,0.0947,0.4166,0.0306,0.1208,0.5029,0.1647
12,WEEKDAY,18,0.0674,0.6489,0.0031,2.1624,0.0947,0.4046,0.0254,0.1172,0.5037,0.1653
12,WEEKDAY,19,0.0539,0.6374,0.0026,2.1057,0.0947,0.3580,0.0232,0.1101,0.4891,0.1551
12,WEEKDAY,20,0.0268,0.6113,0.0013,2.0780,0.0947,0.1980,0.0174,0.0600,0.4233,0.1089
12,WEEKDAY,21,0.0183,0.6031,0.0011,1.9477,0.0947,0.1631,0.0165,0.0489,0.4098,0.1008
12,WEEKDAY,22,0.0233,0.6091,0.0015,2.1358,0.0947,0.2232,0.0188,0.0824,0.4423,0.1258
12,WEEKDAY,23,0.0117,0.5971,0.0010,2.0086,0.0947,0.1546,0.0165,0.0553,0.4043,0.1030
12,SATURDAY,0,0.0099,0.0121,0.0003,2.0124,0.0947,0.0676,0.0151,0.0286,0.3411,0.0833
12,SATURDAY,1,0.0042,0.0053,0.0003,2.0093,0.0947,0.0798,0.0157,0.0354,0.3441,0.0882
12,SATURDAY,2,0.0135,0.0184,0.0010,2.0096,0.0947,0.1765,0.0192,0.0759,0.3901,0.1208
12,SATURDAY,3,0.0258,0.0332,0.0019,2.0217,0.0947,0.2645,0.0228,0.1116,0.4311,0.1498
12,SATURDAY,4,0.0356,0.0475,0.0023,2.0058,0.0947,0.2967,0.0240,0.1176,0.4486,0.1575
12,SATURDAY,5,0.0407,0.0523,0.0029,2.1158,0.0947,0.3469,0.0249,0.1188,0.4927,0.1652
12,SATURDAY,6,0.0434,0.0537,0.0031,2.0896,0.0947,0.3645,0.0251,0.1191,0.5030,0.1669
12,SATURDAY,7,0.0451,0.6393,0.0032,1.8905,0.0000,0.3740,0.0251,0.1191,0.5048,0.1672
12,SATURDAY,8,0.0561,0.6454,0.0032,1.8531,0.0000,0.3824,0.0252,0.1191,0.5065,0.1674
12,SATURDAY,9,0.0686,0.6566,0.0032,1.9399,0.0000,0.3853,0.0252,0.1191,0.5067,0.1674
12,SATURDAY,10,0.0775,0.6626,0.0032,1.9743,0.0000,0.3869,0.0252,0.1191,0.5067,0.1674
12,SATURDAY,11,0.0850,0.6668,0.0032,2.0352,0.0000,0.3883,0.0252,0.1189,0.5067,0.1674
12,SATURDAY,12,0.0897,0.6692,0.0032,2.2126,0.0000,0.3886,0.0252,0.1181,0.5067,0.1674
12,SATURDAY,13,0.0921,0.6694,0.0032,2.2871,0.0000,0.3886,0.0252,0.1171,0.5067,0.1674
12,SATURDAY,14,0.0905,0.6669,0.0032,2.4687,0.0000,0.3877,0.0251,0.1155,0.5062,0.1671
12,SATURDAY,15,0.0838,0.6606,0.0031,2.5056,0.0000,0.3823,0.0249,0.1111,0.5031,0.1649
12,SATURDAY,16,0.0687,0.6474,0.0027,2.3739,0.0000,0.3420,0.0235,0.0960,0.4858,0.1526
12,SATURDAY,17,0.0378,0.6193,0.0016,2.3229,0.0947,0.1829,0.0179,0.0486,0.4218,0.1076
12,SATURDAY,18,0.0366,0.6196,0.0019,2.1612,0.0947,0.2134,0.0202,0.0681,0.4399,0.1213
12,SATURDAY,19,0.0199,0.6034,0.0012,2.1045,0.0947,0.1449,0.0166,0.0375,0.4036,0.0969
12,SATURDAY,20,0.0157,0.5996,0.0010,2.0773,0.0947,0.1252,0.0157,0.0298,0.3922,0.0904
12,SATURDAY,21,0.0122,0.5975,0.0009,1.9470,0.0947,0.1157,0.0156,0.0297,0.3857,0.0895
12,SATURDAY,22,0.0095,0.5960,0.0008,2.1349,0.0947,0.1050,0.0156,0.0296,0.3785,0.0885
12,SATURDAY,23,0.0069,0.5936,0.0007,2.0081,0.0947,0.0914,0.0154,0.0293,0.3673,0.0869
12,SUNDAY,0,0.0066,0.0117,0.0003,2.0124,0.0947,0.0676,0.0151,0.0286,0.3394,0.0845
12,SUNDAY,1,0.0028,0.0078,0.0003,2.0093,0.0947,0.0798,0.0157,0.0354,0.3630,0.1016
12,SUNDAY,2,0.0123,0.0208,0.0010,2.0096,0.0947,0.1765,0.0192,0.0759,0.4231,0.1441
12,SUNDAY,3,0.0240,0.0359,0.0019,2.0217,0.0947,0.2645,0.0228,0.1116,0.4377,0.1542
12,SUNDAY,4,0.0345,0.0482,0.0023,2.0058,0.0947,0.2967,0.0240,0.1176,0.4511,0.1578
12,SUNDAY,5,0.0401,0.0538,0.0029,2.1159,0.0947,0.3469,0.0249,0.1188,0.4931,0.1653
12,SUNDAY,6,0.0422,0.0564,0.0031,2.0896,0.0947,0.3645,0.0251,0.1191,0.5028,0.1669
12,SUNDAY,7,0.0443,0.6405,0.0032,1.8905,0.0000,0.3740,0.0251,0.1191,0.5044,0.1671
12,SUNDAY,8,0.0546,0.6440,0.0032,1.8531,0.0000,0.3824,0.0252,0.1191,0.5059,0.1673
12,SUNDAY,9,0.0650,0.6531,0.0032,1.9399,0.0000,0.3853,0.0252,0.1191,0.5067,0.1674
12,SUNDAY,10,0.0749,0.6600,0.0032,1.9743,0.0000,0.3869,0.0252,0.1191,0.5067,0.1674
12,SUNDAY,11,0.0820,0.6643,0.0032,2.0352,0.0000,0.3883,0.0252,0.1189,0.5067,0.1674
12,SUNDAY,12,0.0882,0.6678,0.0032,2.2126,0.0000,0.3886,0.0252,0.1181,0.5067,0.1674
12,SUNDAY,13,0.0907,0.6677,0.0032,2.2871,0.0000,0.3886,0.0252,0.1171,0.5067,0.1674
12,SUNDAY,14,0.0903,0.6663,0.0032,2.4687,0.0000,0.3877,0.0251,0.1155,0.5062,0.1671
12,SUNDAY,15,0.0836,0.6601,0.0031,2.5056,0.0000,0.3823,0.0249,0.1111,0.5031,0.1649
12,SUNDAY,16,0.0688,0.6469,0.0027,2.3740,0.0000,0.3420,0.0235,0.0960,0.4996,0.1624
12,SUNDAY,17,0.0369,0.6193,0.0016,2.3230,0.0947,0.1829,0.0179,0.0486,0.4865,0.1531
12,SUNDAY,18,0.0359,0.6200,0.0019,2.1611,0.0947,0.2134,0.0202,0.0681,0.4319,0.1146
12,SUNDAY,19,0.0193,0.6051,0.0012,2.1045,0.0947,0.1449,0.0166,0.0375,0.4022,0.0940
12,SUNDAY,20,0.0157,0.6022,0.0010,2.0773,0.0947,0.1252,0.0157,0.0298,0.3967,0.0910
12,SUNDAY,21,0.0120,0.5989,0.0009,1.9470,0.0947,0.1157,0.0156,0.0297,0.3948,0.0908
12,SUNDAY,22,0.0094,0.5976,0.0008,2.1349,0.0947,0.1050,0.0156,0.0296,0.3858,0.0895
12,SUNDAY,23,0.0074,0.5955,0.0007,2.0080,0.0947,0.0914,0.0154,0.0293,0.3478,0.0842
12,HOLIDAY,0,0.0000,0.0000,0.0000,0.0000,0.0000,0.0000,0.0000,0.0000,0.0000,0.0000
12,HOLIDAY,1,0.0000,0.0000,0.0000,0.0000,0.0000,0.0000,0.0000,0.0000,0.0000,0.0000
12,HOLIDAY,2,0.0000,0.0000,0.0000,0.0000,0.0000,0.0000,0.0000,0.0000,0.0000,0.0000
12,HOLIDAY,3,0.0000,0.0000,0.0000,0.0000,0.0000,0.0000,0.0000,0.0000,0.0000,0.0000
12,HOLIDAY,4,0.0000,0.0000,0.0000,0.0000,0.0000,0.0000,0.0000,0.0000,0.0000,0.0000
12,HOLIDAY,5,0.0000,0.0000,0.0000,0.0000,0.0000,0.0000,0.0000,0.0000,0.0000,0.0000
12,HOLIDAY,6,0.0000,0.0000,0.0000,0.0000,0.0000,0.0000,0.0000,0.0000,0.0000,0.0000
12,HOLIDAY,7,0.0000,0.0000,0.0000,0.0000,0.0000,0.0000,0.0000,0.0000,0.0000,0.0000
12,HOLIDAY,8,0.0000,0.0000,0.0000,0.0000,0.0000,0.0000,0.0000,0.0000,0.0000,0.0000
12,HOLIDAY,9,0.0000,0.0000,0.0000,0.0000,0.0000,0.0000,0.0000,0.0000,0.0000,0.0000
12,HOLIDAY,10,0.0000,0.0000,0.0000,0.0000,0.0000,0.0000,0.0000,0.0000,0.0000,0.0000
12,HOLIDAY,11,0.0000,0.0000,0.0000,0.0000,0.0000,0.0000,0.0000,0.0000,0.0000,0.0000
12,HOLIDAY,12,0.0000,0.0000,0.0000,0.0000,0.0000,0.0000,0.0000,0.0000,0.0000,0.0000
12,HOLIDAY,13,0.0000,0.0000,0.0000,0.0000,0.0000,0.0000,0.0000,0.0000,0.0000,0.0000
12,HOLIDAY,14,0.0000,0.0000,0.0000,0.0000,0.0000,0.0000,0.0000,0.0000,0.0000,0.0000
12,HOLIDAY,15,0.0000,0.0000,0.0000,0.0000,0.0000,0.0000,0.0000,0.0000,0.0000,0.0000
12,HOLIDAY,16,0.0000,0.0000,0.0000,0.0000,0.0000,0.0000,0.0000,0.0000,0.0000,0.0000
12,HOLIDAY,17,0.0000,0.0000,0.0000,0.0000,0.0000,0.0000,0.0000,0.0000,0.0000,0.0000
12,HOLIDAY,18,0.0000,0.0000,0.0000,0.0000,0.0000,0.0000,0.0000,0.0000,0.0000,0.0000
12,HOLIDAY,19,0.0000,0.0000,0.0000,0.0000,0.0000,0.0000,0.0000,0.0000,0.0000,0.0000
12,HOLIDAY,20,0.0000,0.0000,0.0000,0.0000,0.0000,0.0000,0.0000,0.0000,0.0000,0.0000
12,HOLIDAY,21,0.0000,0.0000,0.0000,0.0000,0.0000,0.0000,0.0000,0.0000,0.0000,0.0000
12,HOLIDAY,22,0.0000,0.0000,0.0000,0.0000,0.0000,0.0000,0.0000,0.0000,0.0000,0.0000
12,HOLIDAY,23,0.0000,0.0000,0.0000,0.0000,0.0000,0.0000,0.0000,0.0000,0.0000,0.0000
