Month,Weekend,Hour,Cooling,Ventilation,Water_Heating,Cooking,Refrigeration,Exterior_Lighting,Interior_Lighting,Office_Equipment,Miscellaneous,Motors
1,WEEKDAY,0,0.0037,0.1333,0.0671,0.1221,0.8955,0.4979,0.2076,0.0105,0.0675,0.0345
1,WEEKDAY,1,0.0024,0.1285,0.0675,0.1188,0.8837,0.4979,0.1785,0.0099,0.0661,0.0345
1,WEEKDAY,2,0.0017,0.1281,0.0602,0.1354,0.8761,0.3682,0.1609,0.0094,0.0579,0.0345
1,WEEKDAY,3,0.0014,0.1268,0.0370,0.1713,0.8725,0.3682,0.1299,0.0085,0.0337,0.0345
1,WEEKDAY,4,0.0011,0.1290,0.0301,0.2261,0.8729,0.3682,0.1202,0.0086,0.0171,0.0345
1,WEEKDAY,5,0.0013,0.1380,0.0467,0.3378,0.8889,0.3682,0.1500,0.0115,0.0206,0.0345
1,WEEKDAY,6,0.0439,0.1554,0.0766,0.5521,0.8969,0.2991,0.2225,0.0186,0.0336,0.0416
1,WEEKDAY,7,0.1041,0.1750,0.0998,0.8250,0.9079,0.0560,0.3149,0.0306,0.0515,0.0870
1,WEEKDAY,8,0.1599,0.1855,0.1049,1.2222,0.9224,0.0000,0.4176,0.0457,0.0723,0.1560
1,WEEKDAY,9,0.2193,0.2668,0.1084,1.6532,0.9592,0.0000,0.5881,0.0629,0.1017,0.2446
1,WEEKDAY,10,0.3344,0.2896,0.1175,2.3100,0.9950,0.0000,0.7396,0.0765,0.1423,0.3447
1,WEEKDAY,11,0.4569,0.3360,0.1281,2.7851,1.0220,0.0000,0.9368,0.0903,0.1729,0.4006
1,WEEKDAY,12,0.5528,0.3501,0.1363,2.6573,1.0448,0.0000,0.9773,0.0916,0.1899,0.4119
1,WEEKDAY,13,0.5844,0.3544,0.1392,2.4074,1.0521,0.0000,0.9883,0.0925,0.2035,0.4126
1,WEEKDAY,14,0.5287,0.3496,0.1435,2.2424,1.0668,0.0000,1.0001,0.0923,0.2140,0.4126
1,WEEKDAY,15,0.5308,0.3492,0.1505,2.1170,1.0694,0.0000,1.0143,0.0931,0.2219,0.4126
1,WEEKDAY,16,0.4445,0.3408,0.1544,2.2540,1.0569,0.0560,1.0364,0.0931,0.2267,0.4126
1,WEEKDAY,17,0.3873,0.3384,0.1526,2.6079,1.0477,0.3209,1.0219,0.0918,0.2241,0.4126
1,WEEKDAY,18,0.3656,0.3423,0.1380,2.6138,1.0252,0.4133,1.0020,0.0852,0.2116,0.4083
1,WEEKDAY,19,0.3105,0.3395,0.1148,2.2197,1.0070,0.4183,0.9584,0.0751,0.1885,0.3718
1,WEEKDAY,20,0.2402,0.3132,0.0912,1.8016,0.9880,0.5430,0.8828,0.0608,0.1517,0.2735
1,WEEKDAY,21,0.1616,0.3051,0.0737,1.1596,0.9587,0.5430,0.6708,0.0424,0.1142,0.1548
1,WEEKDAY,22,0.0704,0.2056,0.0657,0.5824,0.9398,0.5031,0.3944,0.0219,0.0854,0.0669
1,WEEKDAY,23,0.0208,0.1568,0.0658,0.2707,0.9107,0.4979,0.2651,0.0136,0.0712,0.0377
1,SATURDAY,0,0.0085,0.1437,0.0671,0.1741,0.8986,0.4979,0.2522,0.0115,0.0682,0.0345
1,SATURDAY,1,0.0030,0.1235,0.0675,0.1499,0.8859,0.4979,0.2042,0.0101,0.0665,0.0345
1,SATURDAY,2,0.0018,0.1280,0.0602,0.1079,0.8766,0.3682,0.1672,0.0095,0.0580,0.0345
1,SATURDAY,3,0.0016,0.1265,0.0363,0.1328,0.8715,0.3682,0.1241,0.0085,0.0337,0.0345
1,SATURDAY,4,0.0013,0.1265,0.0249,0.2014,0.8710,0.3682,0.1110,0.0082,0.0168,0.0345
1,SATURDAY,5,0.0024,0.1354,0.0330,0.3238,0.8878,0.3682,0.1473,0.0105,0.0199,0.0345
1,SATURDAY,6,0.0172,0.1431,0.0545,0.5569,0.8973,0.2991,0.2283,0.0169,0.0323,0.0416
1,SATURDAY,7,0.0691,0.1698,0.0825,0.8441,0.9085,0.0560,0.3215,0.0283,0.0501,0.0870
1,SATURDAY,8,0.1530,0.1809,0.1033,1.2497,0.9235,0.0000,0.4234,0.0448,0.0723,0.1560
1,SATURDAY,9,0.1899,0.2748,0.1081,1.6855,0.9616,0.0000,0.6016,0.0631,0.1029,0.2446
1,SATURDAY,10,0.2944,0.2958,0.1163,2.3476,0.9986,0.0000,0.7468,0.0767,0.1438,0.3447
1,SATURDAY,11,0.4165,0.3547,0.1281,2.8031,1.0268,0.0000,0.9549,0.0905,0.1748,0.4006
1,SATURDAY,12,0.4506,0.3593,0.1366,2.7175,1.0495,0.0000,0.9966,0.0918,0.1918,0.4119
1,SATURDAY,13,0.4728,0.3569,0.1392,2.4269,1.0558,0.0000,0.9985,0.0924,0.2048,0.4126
1,SATURDAY,14,0.4565,0.3606,0.1464,2.2482,1.0699,0.0000,1.0032,0.0921,0.2148,0.4126
1,SATURDAY,15,0.4428,0.3539,0.1496,2.0573,1.0708,0.0000,1.0068,0.0924,0.2221,0.4126
1,SATURDAY,16,0.3817,0.3468,0.1378,2.1822,1.0575,0.0560,1.0193,0.0913,0.2257,0.4126
1,SATURDAY,17,0.3376,0.3448,0.1226,2.5868,1.0489,0.3209,1.0090,0.0891,0.2226,0.4126
1,SATURDAY,18,0.3411,0.3501,0.1068,2.6510,1.0267,0.4133,0.9959,0.0822,0.2101,0.4083
1,SATURDAY,19,0.3100,0.3492,0.0899,2.3233,1.0092,0.4183,0.9612,0.0729,0.1876,0.3718
1,SATURDAY,20,0.2613,0.3267,0.0753,1.8809,0.9906,0.5430,0.8997,0.0609,0.1517,0.2735
1,SATURDAY,21,0.1726,0.3181,0.0660,1.2380,0.9623,0.5430,0.7125,0.0461,0.1157,0.1548
1,SATURDAY,22,0.0761,0.2174,0.0646,0.6952,0.9437,0.5031,0.4672,0.0276,0.0878,0.0669
1,SATURDAY,23,0.0337,0.1786,0.0658,0.3728,0.9143,0.4979,0.3356,0.0175,0.0728,0.0377
1,SUNDAY,0,0.0051,0.0783,0.0671,0.0802,0.8900,0.4979,0.1797,0.0102,0.0670,0.0345
1,SUNDAY,1,0.0034,0.0788,0.0675,0.0683,0.8809,0.4979,0.1561,0.0097,0.0658,0.0345
1,SUNDAY,2,0.0017,0.0736,0.0602,0.0873,0.8744,0.3682,0.1491,0.0094,0.0578,0.0345
1,SUNDAY,3,0.0016,0.0764,0.0363,0.1292,0.8707,0.3682,0.1189,0.0084,0.0336,0.0345
1,SUNDAY,4,0.0012,0.0734,0.0249,0.1813,0.8702,0.3682,0.1024,0.0081,0.0160,0.0345
1,SUNDAY,5,0.0010,0.0873,0.0330,0.2652,0.8852,0.3682,0.1263,0.0100,0.0181,0.0345
1,SUNDAY,6,0.0033,0.0849,0.0545,0.4131,0.8913,0.2991,0.1913,0.0156,0.0293,0.0399
1,SUNDAY,7,0.0420,0.1208,0.0825,0.5949,0.8989,0.0560,0.2671,0.0270,0.0442,0.0748
1,SUNDAY,8,0.1316,0.1341,0.1033,0.9719,0.9078,0.0000,0.3580,0.0439,0.0602,0.1295
1,SUNDAY,9,0.1863,0.2126,0.1081,1.2989,0.9380,0.0000,0.5151,0.0615,0.0760,0.2054
1,SUNDAY,10,0.3296,0.2358,0.1163,1.8993,0.9665,0.0000,0.6239,0.0750,0.0933,0.2975
1,SUNDAY,11,0.4431,0.3010,0.1281,2.3423,0.9915,0.0000,0.7419,0.0810,0.1092,0.3503
1,SUNDAY,12,0.5091,0.3037,0.1366,2.2734,1.0133,0.0000,0.8001,0.0826,0.1221,0.3612
1,SUNDAY,13,0.5397,0.3059,0.1392,2.0721,1.0200,0.0000,0.8052,0.0834,0.1354,0.3619
1,SUNDAY,14,0.5265,0.2976,0.1464,1.9033,1.0333,0.0000,0.8118,0.0839,0.1457,0.3619
1,SUNDAY,15,0.5264,0.2910,0.1496,1.6191,1.0343,0.0000,0.8165,0.0842,0.1533,0.3619
1,SUNDAY,16,0.4533,0.2825,0.1378,1.7047,1.0214,0.0560,0.8348,0.0830,0.1569,0.3619
1,SUNDAY,17,0.3794,0.2789,0.1226,2.0858,1.0138,0.3209,0.8273,0.0799,0.1543,0.3619
1,SUNDAY,18,0.3775,0.2832,0.1068,2.1347,0.9937,0.4133,0.8038,0.0729,0.1448,0.3576
1,SUNDAY,19,0.3152,0.2795,0.0899,1.8594,0.9789,0.4183,0.7672,0.0627,0.1303,0.3219
1,SUNDAY,20,0.2458,0.2531,0.0753,1.5095,0.9640,0.5430,0.6892,0.0484,0.1103,0.2295
1,SUNDAY,21,0.1601,0.2434,0.0660,0.9593,0.9397,0.5430,0.4780,0.0327,0.0916,0.1251
1,SUNDAY,22,0.0555,0.1456,0.0646,0.4638,0.9259,0.5031,0.3195,0.0195,0.0774,0.0550
1,SUNDAY,23,0.0177,0.1126,0.0658,0.1985,0.9014,0.4979,0.2316,0.0124,0.0694,0.0362
1,HOLIDAY,0,0.0036,0.1370,0.0671,0.0709,0.8892,0.4979,0.1687,0.0101,0.0670,0.0345
1,HOLIDAY,1,0.0076,0.1296,0.0675,0.0854,0.8802,0.4979,0.1496,0.0097,0.0658,0.0345
1,HOLIDAY,2,0.0031,0.1387,0.0602,0.1271,0.8746,0.3682,0.1469,0.0094,0.0578,0.0345
1,HOLIDAY,3,0.0024,0.1277,0.0363,0.1710,0.8719,0.3682,0.1221,0.0085,0.0336,0.0345
1,HOLIDAY,4,0.0028,0.1388,0.0249,0.2232,0.8725,0.3682,0.1122,0.0082,0.0164,0.0345
1,HOLIDAY,5,0.0027,0.1389,0.0327,0.3287,0.8880,0.3682,0.1383,0.0098,0.0186,0.0345
1,HOLIDAY,6,0.0432,0.1615,0.0516,0.5363,0.8946,0.2991,0.1939,0.0133,0.0273,0.0362
1,HOLIDAY,7,0.1193,0.1646,0.0749,0.8058,0.9027,0.0560,0.2534,0.0185,0.0390,0.0476
1,HOLIDAY,8,0.1372,0.1749,0.0924,1.0166,0.9110,0.0000,0.3147,0.0266,0.0540,0.0706
1,HOLIDAY,9,0.2285,0.2136,0.0951,1.3113,0.9390,0.0000,0.4301,0.0365,0.0785,0.1181
1,HOLIDAY,10,0.3155,0.2357,0.1019,1.6489,0.9673,0.0000,0.5199,0.0460,0.1154,0.1922
1,HOLIDAY,11,0.4756,0.2841,0.1128,1.8777,0.9904,0.0000,0.6951,0.0582,0.1441,0.2381
1,HOLIDAY,12,0.5933,0.2848,0.1208,1.9105,1.0111,0.0000,0.7174,0.0593,0.1608,0.2482
1,HOLIDAY,13,0.6403,0.2822,0.1233,1.7754,1.0169,0.0000,0.7223,0.0600,0.1744,0.2489
1,HOLIDAY,14,0.5540,0.2762,0.1296,1.7130,1.0299,0.0000,0.7282,0.0595,0.1848,0.2489
1,HOLIDAY,15,0.5732,0.2744,0.1317,1.7510,1.0307,0.0000,0.7325,0.0598,0.1923,0.2489
1,HOLIDAY,16,0.4837,0.2704,0.1192,1.8582,1.0178,0.0560,0.7506,0.0588,0.1961,0.2489
1,HOLIDAY,17,0.3931,0.2659,0.1039,1.8637,1.0103,0.3209,0.7396,0.0582,0.1953,0.2489
1,HOLIDAY,18,0.3521,0.2768,0.0889,1.8078,0.9911,0.4133,0.7381,0.0563,0.1885,0.2467
1,HOLIDAY,19,0.3244,0.2766,0.0754,1.5613,0.9773,0.4183,0.7181,0.0530,0.1722,0.2281
1,HOLIDAY,20,0.2446,0.2603,0.0671,1.2171,0.9640,0.5430,0.6735,0.0466,0.1421,0.1767
1,HOLIDAY,21,0.1640,0.2651,0.0631,0.7664,0.9396,0.5430,0.5389,0.0349,0.1090,0.1137
1,HOLIDAY,22,0.0806,0.1966,0.0642,0.3858,0.9254,0.5031,0.3120,0.0190,0.0831,0.0615
1,HOLIDAY,23,0.0309,0.1675,0.0658,0.1743,0.9006,0.4979,0.2107,0.0124,0.0702,0.0377
2,WEEKDAY,0,0.0095,0.1357,0.0688,0.1232,0.9004,0.4979,0.2087,0.0106,0.0675,0.0345
2,WEEKDAY,1,0.0051,0.1223,0.0691,0.1197,0.8884,0.4979,0.1792,0.0099,0.0661,0.0345
2,WEEKDAY,2,0.0036,0.1236,0.0617,0.1357,0.8807,0.3682,0.1612,0.0094,0.0579,0.0345
2,WEEKDAY,3,0.0026,0.1212,0.0379,0.1713,0.8769,0.3682,0.1300,0.0085,0.0337,0.0345
2,WEEKDAY,4,0.0022,0.1247,0.0308,0.2261,0.8775,0.3682,0.1202,0.0086,0.0171,0.0345
2,WEEKDAY,5,0.0041,0.1335,0.0477,0.3378,0.8934,0.3682,0.1501,0.0115,0.0206,0.0345
2,WEEKDAY,6,0.0729,0.1473,0.0783,0.5520,0.9011,0.2991,0.2224,0.0186,0.0336,0.0416
2,WEEKDAY,7,0.1250,0.1706,0.1020,0.8249,0.9118,0.0560,0.3149,0.0306,0.0515,0.0870
2,WEEKDAY,8,0.2009,0.1933,0.1072,1.2224,0.9286,0.0000,0.4175,0.0457,0.0724,0.1560
2,WEEKDAY,9,0.2870,0.2766,0.1107,1.6544,0.9674,0.0000,0.5889,0.0629,0.1018,0.2446
2,WEEKDAY,10,0.4427,0.3042,0.1201,2.3141,1.0032,0.0000,0.7404,0.0766,0.1425,0.3447
2,WEEKDAY,11,0.6256,0.3559,0.1309,2.7947,1.0300,0.0000,0.9392,0.0903,0.1732,0.4006
2,WEEKDAY,12,0.7686,0.3721,0.1393,2.6682,1.0526,0.0000,0.9800,0.0917,0.1901,0.4119
2,WEEKDAY,13,0.8296,0.3792,0.1423,2.4171,1.0598,0.0000,0.9906,0.0925,0.2038,0.4126
2,WEEKDAY,14,0.7804,0.3721,0.1467,2.2508,1.0744,0.0000,1.0024,0.0924,0.2142,0.4126
2,WEEKDAY,15,0.7945,0.3669,0.1539,2.1190,1.0760,0.0000,1.0165,0.0931,0.2221,0.4126
2,WEEKDAY,16,0.7669,0.3607,0.1578,2.2560,1.0632,0.0560,1.0381,0.0931,0.2269,0.4126
2,WEEKDAY,17,0.6462,0.3555,0.1560,2.6146,1.0551,0.1011,1.0237,0.0918,0.2243,0.4126
2,WEEKDAY,18,0.5674,0.3573,0.1411,2.6208,1.0319,0.4133,1.0038,0.0852,0.2118,0.4083
2,WEEKDAY,19,0.4523,0.3512,0.1173,2.2267,1.0134,0.4183,0.9602,0.0751,0.1887,0.3718
2,WEEKDAY,20,0.3424,0.3216,0.0933,1.8092,0.9939,0.5430,0.8848,0.0608,0.1518,0.2735
2,WEEKDAY,21,0.2219,0.3093,0.0755,1.1651,0.9643,0.5430,0.6724,0.0426,0.1143,0.1548
2,WEEKDAY,22,0.0944,0.2057,0.0673,0.5857,0.9450,0.5031,0.3966,0.0221,0.0855,0.0669
2,WEEKDAY,23,0.0356,0.1704,0.0674,0.2732,0.9160,0.4979,0.2671,0.0137,0.0712,0.0377
2,SATURDAY,0,0.0135,0.1511,0.0688,0.1741,0.9034,0.4979,0.2522,0.0115,0.0682,0.0345
2,SATURDAY,1,0.0055,0.1242,0.0691,0.1499,0.8905,0.4979,0.2042,0.0101,0.0665,0.0345
2,SATURDAY,2,0.0025,0.1250,0.0617,0.1079,0.8812,0.3682,0.1672,0.0095,0.0580,0.0345
2,SATURDAY,3,0.0021,0.1208,0.0372,0.1328,0.8760,0.3682,0.1241,0.0085,0.0337,0.0345
2,SATURDAY,4,0.0015,0.1236,0.0255,0.2014,0.8756,0.3682,0.1110,0.0082,0.0168,0.0345
2,SATURDAY,5,0.0032,0.1354,0.0338,0.3238,0.8923,0.3682,0.1473,0.0105,0.0199,0.0345
2,SATURDAY,6,0.0194,0.1461,0.0557,0.5569,0.9015,0.2991,0.2283,0.0169,0.0323,0.0416
2,SATURDAY,7,0.0816,0.1699,0.0843,0.8441,0.9124,0.0560,0.3215,0.0283,0.0501,0.0870
2,SATURDAY,8,0.1917,0.1963,0.1055,1.2497,0.9296,0.0000,0.4234,0.0448,0.0723,0.1560
2,SATURDAY,9,0.3029,0.2902,0.1104,1.6855,0.9697,0.0000,0.6016,0.0631,0.1029,0.2446
2,SATURDAY,10,0.4353,0.3094,0.1188,2.3476,1.0064,0.0000,0.7468,0.0767,0.1438,0.3447
2,SATURDAY,11,0.5556,0.3604,0.1309,2.8031,1.0341,0.0000,0.9549,0.0905,0.1748,0.4006
2,SATURDAY,12,0.6534,0.3721,0.1396,2.7175,1.0566,0.0000,0.9966,0.0918,0.1918,0.4119
2,SATURDAY,13,0.7026,0.3746,0.1423,2.4269,1.0628,0.0000,0.9985,0.0924,0.2048,0.4126
2,SATURDAY,14,0.6577,0.3682,0.1496,2.2482,1.0768,0.0000,1.0032,0.0921,0.2148,0.4126
2,SATURDAY,15,0.6661,0.3638,0.1529,2.0573,1.0768,0.0000,1.0068,0.0924,0.2221,0.4126
2,SATURDAY,16,0.6001,0.3585,0.1409,2.1822,1.0634,0.0560,1.0193,0.0913,0.2257,0.4126
2,SATURDAY,17,0.4770,0.3526,0.1254,2.5868,1.0559,0.1011,1.0090,0.0891,0.2226,0.4126
2,SATURDAY,18,0.4243,0.3551,0.1092,2.6510,1.0330,0.4133,0.9959,0.0822,0.2101,0.4083
2,SATURDAY,19,0.3684,0.3510,0.0919,2.3233,1.0152,0.4183,0.9612,0.0729,0.1876,0.3718
2,SATURDAY,20,0.2922,0.3256,0.0771,1.8809,0.9962,0.5430,0.8997,0.0609,0.1517,0.2735
2,SATURDAY,21,0.1953,0.3163,0.0676,1.2380,0.9677,0.5430,0.7125,0.0461,0.1157,0.1548
2,SATURDAY,22,0.0861,0.2153,0.0662,0.6952,0.9487,0.5031,0.4672,0.0276,0.0878,0.0669
2,SATURDAY,23,0.0396,0.1896,0.0674,0.3728,0.9194,0.4979,0.3356,0.0175,0.0728,0.0377
2,SUNDAY,0,0.0055,0.0760,0.0688,0.0802,0.8948,0.4979,0.1797,0.0102,0.0670,0.0345
2,SUNDAY,1,0.0038,0.0741,0.0691,0.0683,0.8856,0.4979,0.1561,0.0097,0.0658,0.0345
2,SUNDAY,2,0.0037,0.0736,0.0617,0.0873,0.8790,0.3682,0.1491,0.0094,0.0578,0.0345
2,SUNDAY,3,0.0033,0.0707,0.0372,0.1292,0.8752,0.3682,0.1189,0.0084,0.0336,0.0345
2,SUNDAY,4,0.0031,0.0761,0.0255,0.1813,0.8748,0.3682,0.1024,0.0081,0.0160,0.0345
2,SUNDAY,5,0.0030,0.0814,0.0338,0.2652,0.8897,0.3682,0.1263,0.0100,0.0181,0.0345
2,SUNDAY,6,0.0048,0.0836,0.0557,0.4131,0.8955,0.2991,0.1913,0.0156,0.0293,0.0399
2,SUNDAY,7,0.0465,0.1158,0.0843,0.5949,0.9028,0.0560,0.2671,0.0270,0.0442,0.0748
2,SUNDAY,8,0.1685,0.1371,0.1055,0.9719,0.9140,0.0000,0.3580,0.0439,0.0602,0.1295
2,SUNDAY,9,0.2428,0.2144,0.1104,1.2989,0.9461,0.0000,0.5151,0.0615,0.0760,0.2054
2,SUNDAY,10,0.3749,0.2363,0.1188,1.8993,0.9743,0.0000,0.6239,0.0750,0.0933,0.2975
2,SUNDAY,11,0.5094,0.3016,0.1309,2.3423,0.9989,0.0000,0.7419,0.0810,0.1092,0.3503
2,SUNDAY,12,0.6021,0.3074,0.1396,2.2734,1.0204,0.0000,0.8001,0.0826,0.1221,0.3612
2,SUNDAY,13,0.6478,0.3084,0.1423,2.0721,1.0269,0.0000,0.8052,0.0834,0.1354,0.3619
2,SUNDAY,14,0.6313,0.3045,0.1496,1.9033,1.0401,0.0000,0.8118,0.0839,0.1457,0.3619
2,SUNDAY,15,0.6278,0.3007,0.1529,1.6191,1.0403,0.0000,0.8165,0.0842,0.1533,0.3619
2,SUNDAY,16,0.5928,0.2954,0.1409,1.7047,1.0273,0.0560,0.8348,0.0830,0.1569,0.3619
2,SUNDAY,17,0.4808,0.2881,0.1254,2.0858,1.0208,0.1011,0.8273,0.0799,0.1543,0.3619
2,SUNDAY,18,0.4221,0.2894,0.1092,2.1347,1.0000,0.4133,0.8038,0.0729,0.1448,0.3576
2,SUNDAY,19,0.3521,0.2832,0.0919,1.8594,0.9849,0.4183,0.7672,0.0627,0.1303,0.3219
2,SUNDAY,20,0.2567,0.2546,0.0771,1.5095,0.9695,0.5430,0.6892,0.0484,0.1103,0.2295
2,SUNDAY,21,0.1683,0.2426,0.0676,0.9593,0.9450,0.5430,0.4780,0.0327,0.0916,0.1251
2,SUNDAY,22,0.0564,0.1427,0.0662,0.4638,0.9308,0.5031,0.3195,0.0195,0.0774,0.0550
2,SUNDAY,23,0.0206,0.1031,0.0674,0.1985,0.9065,0.4979,0.2316,0.0124,0.0694,0.0362
2,HOLIDAY,0,0.0014,0.1389,0.0688,0.0854,0.8979,0.4979,0.1756,0.0102,0.0670,0.0345
2,HOLIDAY,1,0.0012,0.1316,0.0691,0.0854,0.8871,0.4979,0.1555,0.0097,0.0658,0.0345
2,HOLIDAY,2,0.0013,0.1268,0.0617,0.1271,0.8802,0.3682,0.1504,0.0094,0.0578,0.0345
2,HOLIDAY,3,0.0010,0.1269,0.0379,0.1713,0.8769,0.3682,0.1258,0.0085,0.0337,0.0345
2,HOLIDAY,4,0.0008,0.1269,0.0308,0.2261,0.8775,0.3682,0.1169,0.0086,0.0171,0.0345
2,HOLIDAY,5,0.0008,0.1350,0.0477,0.3378,0.8934,0.3682,0.1472,0.0115,0.0206,0.0345
2,HOLIDAY,6,0.0367,0.1482,0.0783,0.5524,0.9012,0.2991,0.2212,0.0186,0.0336,0.0416
2,HOLIDAY,7,0.0963,0.1697,0.1020,0.8247,0.9118,0.0560,0.3158,0.0307,0.0504,0.0870
2,HOLIDAY,8,0.1396,0.1812,0.1072,1.2112,0.9270,0.0000,0.4175,0.0458,0.0694,0.1560
2,HOLIDAY,9,0.1787,0.2002,0.1107,1.6138,0.9613,0.0000,0.5606,0.0627,0.0967,0.2446
2,HOLIDAY,10,0.2974,0.2289,0.1201,2.1706,0.9897,0.0000,0.7135,0.0761,0.1355,0.3447
2,HOLIDAY,11,0.3709,0.2467,0.1309,2.4600,1.0084,0.0000,0.8553,0.0893,0.1645,0.4006
2,HOLIDAY,12,0.4205,0.2860,0.1393,2.2837,1.0271,0.0000,0.8827,0.0903,0.1808,0.4119
2,HOLIDAY,13,0.4143,0.2839,0.1423,2.0725,1.0337,0.0000,0.9142,0.0911,0.1944,0.4126
2,HOLIDAY,14,0.3656,0.2859,0.1467,1.9562,1.0505,0.0000,0.9260,0.0912,0.2053,0.4126
2,HOLIDAY,15,0.3892,0.3147,0.1539,2.0440,1.0583,0.0000,0.9411,0.0926,0.2142,0.4126
2,HOLIDAY,16,0.3521,0.3088,0.1578,2.1818,1.0482,0.0560,0.9775,0.0927,0.2193,0.4126
2,HOLIDAY,17,0.3024,0.3051,0.1560,2.3749,1.0413,0.1011,0.9631,0.0915,0.2168,0.4126
2,HOLIDAY,18,0.3011,0.3085,0.1411,2.4122,1.0196,0.4133,0.9431,0.0848,0.2046,0.4083
2,HOLIDAY,19,0.2628,0.3052,0.1173,2.0318,1.0025,0.4183,0.8993,0.0747,0.1826,0.3718
2,HOLIDAY,20,0.2029,0.2780,0.0933,1.5886,0.9847,0.5430,0.8212,0.0600,0.1477,0.2735
2,HOLIDAY,21,0.1177,0.2695,0.0755,1.0249,0.9568,0.5430,0.6414,0.0412,0.1118,0.1548
2,HOLIDAY,22,0.0526,0.1938,0.0673,0.5508,0.9392,0.5031,0.3611,0.0204,0.0841,0.0669
2,HOLIDAY,23,0.0127,0.1382,0.0674,0.2182,0.9119,0.4979,0.2269,0.0126,0.0705,0.0377
3,WEEKDAY,0,0.0151,0.1444,0.0681,0.1240,0.9039,0.4979,0.2094,0.0106,0.0675,0.0345
3,WEEKDAY,1,0.0079,0.1246,0.0684,0.1203,0.8917,0.4979,0.1794,0.0099,0.0661,0.0345
3,WEEKDAY,2,0.0039,0.1210,0.0611,0.1358,0.8837,0.3682,0.1612,0.0094,0.0579,0.0345
3,WEEKDAY,3,0.0030,0.1221,0.0375,0.1713,0.8798,0.3682,0.1299,0.0085,0.0337,0.0345
3,WEEKDAY,4,0.0025,0.1249,0.0305,0.2261,0.8800,0.3682,0.1201,0.0086,0.0171,0.0345
3,WEEKDAY,5,0.0048,0.1318,0.0473,0.3378,0.8959,0.3682,0.1499,0.0115,0.0206,0.0345
3,WEEKDAY,6,0.0812,0.1468,0.0777,0.5520,0.9036,0.0793,0.2222,0.0186,0.0336,0.0416
3,WEEKDAY,7,0.1577,0.1831,0.1012,0.8247,0.9159,0.0560,0.3146,0.0306,0.0515,0.0870
3,WEEKDAY,8,0.2589,0.2176,0.1063,1.2218,0.9370,0.0000,0.4173,0.0457,0.0723,0.1560
3,WEEKDAY,9,0.3628,0.2857,0.1098,1.6528,0.9764,0.0000,0.5878,0.0629,0.1016,0.2446
3,WEEKDAY,10,0.5700,0.3185,0.1191,2.3086,1.0121,0.0000,0.7394,0.0765,0.1422,0.3447
3,WEEKDAY,11,0.7926,0.3657,0.1298,2.7818,1.0383,0.0000,0.9360,0.0903,0.1728,0.4006
3,WEEKDAY,12,0.9685,0.3867,0.1381,2.6533,1.0613,0.0000,0.9762,0.0916,0.1898,0.4119
3,WEEKDAY,13,1.0349,0.3908,0.1411,2.4026,1.0681,0.0000,0.9878,0.0924,0.2034,0.4126
3,WEEKDAY,14,0.9804,0.3838,0.1454,2.2381,1.0829,0.0000,0.9996,0.0923,0.2139,0.4126
3,WEEKDAY,15,1.0055,0.3795,0.1525,2.1159,1.0847,0.0000,1.0136,0.0931,0.2218,0.4126
3,WEEKDAY,16,0.9877,0.3751,0.1564,2.2528,1.0708,0.0560,1.0358,0.0931,0.2266,0.4126
3,WEEKDAY,17,0.8870,0.3708,0.1546,2.6052,1.0628,0.1011,1.0214,0.0918,0.2241,0.4126
3,WEEKDAY,18,0.7382,0.3681,0.1398,2.6143,1.0385,0.4133,1.0015,0.0852,0.2115,0.4083
3,WEEKDAY,19,0.5443,0.3581,0.1162,2.2215,1.0187,0.4183,0.9579,0.0751,0.1885,0.3718
3,WEEKDAY,20,0.3967,0.3261,0.0924,1.8027,0.9983,0.5430,0.8827,0.0609,0.1517,0.2735
3,WEEKDAY,21,0.2638,0.3119,0.0747,1.1621,0.9683,0.5430,0.6729,0.0428,0.1143,0.1548
3,WEEKDAY,22,0.1135,0.2110,0.0666,0.5893,0.9487,0.5031,0.3983,0.0223,0.0856,0.0669
3,WEEKDAY,23,0.0443,0.1752,0.0668,0.2753,0.9196,0.4979,0.2685,0.0139,0.0713,0.0377
3,SATURDAY,0,0.0222,0.1570,0.0681,0.1741,0.9069,0.4979,0.2522,0.0115,0.0682,0.0345
3,SATURDAY,1,0.0110,0.1323,0.0684,0.1499,0.8937,0.4979,0.2042,0.0101,0.0665,0.0345
3,SATURDAY,2,0.0023,0.1197,0.0611,0.1079,0.8841,0.3682,0.1672,0.0095,0.0580,0.0345
3,SATURDAY,3,0.0020,0.1218,0.0369,0.1328,0.8788,0.3682,0.1241,0.0085,0.0337,0.0345
3,SATURDAY,4,0.0022,0.1305,0.0252,0.2014,0.8780,0.3682,0.1110,0.0082,0.0168,0.0345
3,SATURDAY,5,0.0046,0.1360,0.0335,0.3238,0.8948,0.3682,0.1473,0.0105,0.0199,0.0345
3,SATURDAY,6,0.0210,0.1436,0.0552,0.5569,0.9039,0.0793,0.2283,0.0169,0.0323,0.0416
3,SATURDAY,7,0.1068,0.1741,0.0837,0.8441,0.9165,0.0560,0.3215,0.0283,0.0501,0.0870
3,SATURDAY,8,0.2287,0.2058,0.1047,1.2497,0.9381,0.0000,0.4234,0.0448,0.0723,0.1560
3,SATURDAY,9,0.3474,0.2922,0.1095,1.6855,0.9789,0.0000,0.6016,0.0631,0.1029,0.2446
3,SATURDAY,10,0.5504,0.3305,0.1178,2.3476,1.0158,0.0000,0.7468,0.0767,0.1438,0.3447
3,SATURDAY,11,0.7699,0.3732,0.1298,2.8031,1.0432,0.0000,0.9549,0.0905,0.1748,0.4006
3,SATURDAY,12,0.8955,0.3856,0.1384,2.7175,1.0663,0.0000,0.9966,0.0918,0.1918,0.4119
3,SATURDAY,13,0.9890,0.3923,0.1411,2.4269,1.0721,0.0000,0.9985,0.0924,0.2048,0.4126
3,SATURDAY,14,0.9492,0.3874,0.1483,2.2482,1.0863,0.0000,1.0032,0.0921,0.2148,0.4126
3,SATURDAY,15,0.9633,0.3805,0.1515,2.0573,1.0862,0.0000,1.0068,0.0924,0.2221,0.4126
3,SATURDAY,16,0.9364,0.3765,0.1396,2.1822,1.0716,0.0560,1.0193,0.0913,0.2257,0.4126
3,SATURDAY,17,0.8209,0.3711,0.1242,2.5868,1.0641,0.1011,1.0090,0.0891,0.2226,0.4126
3,SATURDAY,18,0.6967,0.3705,0.1081,2.6510,1.0401,0.4133,0.9959,0.0822,0.2101,0.4083
3,SATURDAY,19,0.5583,0.3646,0.0909,2.3233,1.0209,0.4183,0.9612,0.0729,0.1876,0.3718
3,SATURDAY,20,0.4470,0.3382,0.0763,1.8809,1.0009,0.5430,0.8997,0.0609,0.1517,0.2735
3,SATURDAY,21,0.2922,0.3245,0.0669,1.2380,0.9718,0.5430,0.7125,0.0461,0.1157,0.1548
3,SATURDAY,22,0.1364,0.2208,0.0655,0.6952,0.9525,0.5031,0.4672,0.0276,0.0878,0.0669
3,SATURDAY,23,0.0660,0.1965,0.0668,0.3728,0.9230,0.4979,0.3356,0.0175,0.0728,0.0377
3,SUNDAY,0,0.0167,0.0946,0.0681,0.0797,0.8976,0.4979,0.1787,0.0102,0.0670,0.0345
3,SUNDAY,1,0.0084,0.0749,0.0684,0.0666,0.8885,0.4979,0.1548,0.0097,0.0658,0.0345
3,SUNDAY,2,0.0062,0.0754,0.0611,0.0814,0.8818,0.3682,0.1469,0.0094,0.0578,0.0345
3,SUNDAY,3,0.0056,0.0694,0.0369,0.1140,0.8778,0.3682,0.1156,0.0084,0.0336,0.0345
3,SUNDAY,4,0.0050,0.0717,0.0252,0.1575,0.8768,0.3682,0.0972,0.0081,0.0160,0.0345
3,SUNDAY,5,0.0060,0.0804,0.0334,0.2348,0.8914,0.3682,0.1185,0.0100,0.0181,0.0345
3,SUNDAY,6,0.0082,0.0804,0.0546,0.3764,0.8968,0.0793,0.1808,0.0156,0.0292,0.0389
3,SUNDAY,7,0.0889,0.1303,0.0821,0.5533,0.9052,0.0560,0.2539,0.0264,0.0437,0.0669
3,SUNDAY,8,0.2254,0.1637,0.1025,0.9229,0.9198,0.0000,0.3417,0.0423,0.0592,0.1124
3,SUNDAY,9,0.3345,0.2229,0.1069,1.2475,0.9512,0.0000,0.4947,0.0591,0.0744,0.1801
3,SUNDAY,10,0.5098,0.2526,0.1150,1.8309,0.9781,0.0000,0.5959,0.0721,0.0912,0.2670
3,SUNDAY,11,0.6943,0.2982,0.1268,2.2293,1.0015,0.0000,0.7082,0.0778,0.1068,0.3178
3,SUNDAY,12,0.8222,0.3039,0.1352,2.1435,1.0233,0.0000,0.7633,0.0793,0.1197,0.3285
3,SUNDAY,13,0.9102,0.3092,0.1379,1.9534,1.0296,0.0000,0.7710,0.0801,0.1329,0.3291
3,SUNDAY,14,0.8916,0.3080,0.1450,1.8107,1.0432,0.0000,0.7801,0.0807,0.1433,0.3291
3,SUNDAY,15,0.9308,0.3063,0.1480,1.5782,1.0434,0.0000,0.7869,0.0809,0.1508,0.3291
3,SUNDAY,16,0.9118,0.3033,0.1359,1.6657,1.0295,0.0560,0.8069,0.0798,0.1545,0.3291
3,SUNDAY,17,0.7820,0.2955,0.1204,1.9883,1.0234,0.1011,0.7997,0.0767,0.1519,0.3291
3,SUNDAY,18,0.6764,0.2932,0.1045,2.0371,1.0020,0.4133,0.7764,0.0698,0.1425,0.3253
3,SUNDAY,19,0.5188,0.2856,0.0881,1.7745,0.9863,0.4183,0.7408,0.0599,0.1284,0.2931
3,SUNDAY,20,0.3871,0.2563,0.0747,1.4352,0.9709,0.5430,0.6660,0.0466,0.1090,0.2101
3,SUNDAY,21,0.2493,0.2411,0.0663,0.9157,0.9466,0.5430,0.4694,0.0318,0.0910,0.1169
3,SUNDAY,22,0.0941,0.1503,0.0654,0.4560,0.9327,0.5031,0.3165,0.0194,0.0771,0.0539
3,SUNDAY,23,0.0389,0.1170,0.0668,0.1960,0.9088,0.4979,0.2301,0.0124,0.0694,0.0362
3,HOLIDAY,0,0.0000,0.0000,0.0000,0.0000,0.0000,0.0000,0.0000,0.0000,0.0000,0.0000
3,HOLIDAY,1,0.0000,0.0000,0.0000,0.0000,0.0000,0.0000,0.0000,0.0000,0.0000,0.0000
3,HOLIDAY,2,0.0000,0.0000,0.0000,0.0000,0.0000,0.0000,0.0000,0.0000,0.0000,0.0000
3,HOLIDAY,3,0.0000,0.0000,0.0000,0.0000,0.0000,0.0000,0.0000,0.0000,0.0000,0.0000
3,HOLIDAY,4,0.0000,0.0000,0.0000,0.0000,0.0000,0.0000,0.0000,0.0000,0.0000,0.0000
3,HOLIDAY,5,0.0000,0.0000,0.0000,0.0000,0.0000,0.0000,0.0000,0.0000,0.0000,0.0000
3,HOLIDAY,6,0.0000,0.0000,0.0000,0.0000,0.0000,0.0000,0.0000,0.0000,0.0000,0.0000
3,HOLIDAY,7,0.0000,0.0000,0.0000,0.0000,0.0000,0.0000,0.0000,0.0000,0.0000,0.0000
3,HOLIDAY,8,0.0000,0.0000,0.0000,0.0000,0.0000,0.0000,0.0000,0.0000,0.0000,0.0000
3,HOLIDAY,9,0.0000,0.0000,0.0000,0.0000,0.0000,0.0000,0.0000,0.0000,0.0000,0.0000
3,HOLIDAY,10,0.0000,0.0000,0.0000,0.0000,0.0000,0.0000,0.0000,0.0000,0.0000,0.0000
3,HOLIDAY,11,0.0000,0.0000,0.0000,0.0000,0.0000,0.0000,0.0000,0.0000,0.0000,0.0000
3,HOLIDAY,12,0.0000,0.0000,0.0000,0.0000,0.0000,0.0000,0.0000,0.0000,0.0000,0.0000
3,HOLIDAY,13,0.0000,0.0000,0.0000,0.0000,0.0000,0.0000,0.0000,0.0000,0.0000,0.0000
3,HOLIDAY,14,0.0000,0.0000,0.0000,0.0000,0.0000,0.0000,0.0000,0.0000,0.0000,0.0000
3,HOLIDAY,15,0.0000,0.0000,0.0000,0.0000,0.0000,0.0000,0.0000,0.0000,0.0000,0.0000
3,HOLIDAY,16,0.0000,0.0000,0.0000,0.0000,0.0000,0.0000,0.0000,0.0000,0.0000,0.0000
3,HOLIDAY,17,0.0000,0.0000,0.0000,0.0000,0.0000,0.0000,0.0000,0.0000,0.0000,0.0000
3,HOLIDAY,18,0.0000,0.0000,0.0000,0.0000,0.0000,0.0000,0.0000,0.0000,0.0000,0.0000
3,HOLIDAY,19,0.0000,0.0000,0.0000,0.0000,0.0000,0.0000,0.0000,0.0000,0.0000,0.0000
3,HOLIDAY,20,0.0000,0.0000,0.0000,0.0000,0.0000,0.0000,0.0000,0.0000,0.0000,0.0000
3,HOLIDAY,21,0.0000,0.0000,0.0000,0.0000,0.0000,0.0000,0.0000,0.0000,0.0000,0.0000
3,HOLIDAY,22,0.0000,0.0000,0.0000,0.0000,0.0000,0.0000,0.0000,0.0000,0.0000,0.0000
3,HOLIDAY,23,0.0000,0.0000,0.0000,0.0000,0.0000,0.0000,0.0000,0.0000,0.0000,0.0000
4,WEEKDAY,0,0.0250,0.1429,0.0637,0.1158,0.8973,0.4979,0.1827,0.0100,0.0664,0.0345
4,WEEKDAY,1,0.0105,0.1295,0.0586,0.1306,0.8885,0.3977,0.1639,0.0095,0.0597,0.0345
4,WEEKDAY,2,0.0077,0.1226,0.0401,0.1631,0.8837,0.3682,0.1366,0.0087,0.0392,0.0345
4,WEEKDAY,3,0.0067,0.1290,0.0303,0.2137,0.8831,0.3682,0.1222,0.0086,0.0208,0.0345
4,WEEKDAY,4,0.0084,0.1260,0.0412,0.3124,0.8957,0.3682,0.1431,0.0109,0.0198,0.0345
4,WEEKDAY,5,0.0853,0.1441,0.0672,0.5034,0.9055,0.3148,0.2060,0.0170,0.0307,0.0400
4,WEEKDAY,6,0.1438,0.1740,0.0910,0.7629,0.9200,0.1112,0.2941,0.0279,0.0474,0.0767
4,WEEKDAY,7,0.2389,0.2078,0.0999,1.1313,0.9406,0.0127,0.3944,0.0423,0.0674,0.1403
4,WEEKDAY,8,0.3666,0.2701,0.1035,1.5532,0.9765,0.0000,0.5480,0.0590,0.0947,0.2245
4,WEEKDAY,9,0.5868,0.3137,0.1110,2.1535,1.0123,0.0000,0.7037,0.0734,0.1327,0.3220
4,WEEKDAY,10,0.8246,0.3570,0.1208,2.6600,1.0396,0.0000,0.8878,0.0871,0.1655,0.3879
4,WEEKDAY,11,1.0454,0.3866,0.1290,2.6659,1.0627,0.0000,0.9629,0.0912,0.1855,0.4093
4,WEEKDAY,12,1.1852,0.3974,0.1328,2.4463,1.0727,0.0000,0.9816,0.0922,0.1999,0.4124
4,WEEKDAY,13,1.1709,0.3955,0.1364,2.2651,1.0857,0.0000,0.9933,0.0923,0.2111,0.4126
4,WEEKDAY,14,1.2153,0.3921,0.1425,2.1404,1.0903,0.0000,1.0071,0.0929,0.2197,0.4126
4,WEEKDAY,15,1.2369,0.3897,0.1469,2.2189,1.0794,0.0432,1.0280,0.0931,0.2252,0.4126
4,WEEKDAY,16,1.2452,0.3905,0.1463,2.5153,1.0696,0.0908,1.0219,0.0921,0.2243,0.4126
4,WEEKDAY,17,1.1828,0.3913,0.1350,2.6013,1.0490,0.1725,1.0033,0.0867,0.2140,0.4093
4,WEEKDAY,18,0.8852,0.3749,0.1145,2.2993,1.0279,0.1974,0.9650,0.0773,0.1934,0.3801
4,WEEKDAY,19,0.6349,0.3449,0.0919,1.8856,1.0067,0.4647,0.8965,0.0640,0.1598,0.2958
4,WEEKDAY,20,0.4234,0.3221,0.0738,1.2982,0.9782,0.5430,0.7168,0.0466,0.1226,0.1818
4,WEEKDAY,21,0.2250,0.2458,0.0639,0.7110,0.9561,0.5121,0.4547,0.0265,0.0919,0.0869
4,WEEKDAY,22,0.1001,0.1925,0.0622,0.3367,0.9289,0.4991,0.2913,0.0155,0.0744,0.0443
4,WEEKDAY,23,0.0470,0.1616,0.0632,0.1519,0.9104,0.4979,0.2282,0.0112,0.0683,0.0352
4,SATURDAY,0,0.0331,0.1464,0.0637,0.1559,0.9001,0.4979,0.2162,0.0105,0.0670,0.0345
4,SATURDAY,1,0.0162,0.1327,0.0587,0.1184,0.8897,0.4006,0.1764,0.0097,0.0601,0.0345
4,SATURDAY,2,0.0098,0.1224,0.0401,0.1265,0.8832,0.3682,0.1348,0.0087,0.0398,0.0345
4,SATURDAY,3,0.0084,0.1209,0.0265,0.1843,0.8814,0.3682,0.1143,0.0083,0.0210,0.0345
4,SATURDAY,4,0.0092,0.1339,0.0297,0.2932,0.8939,0.3682,0.1382,0.0099,0.0191,0.0345
4,SATURDAY,5,0.0263,0.1495,0.0472,0.4986,0.9053,0.3164,0.2080,0.0153,0.0292,0.0398
4,SATURDAY,6,0.1153,0.1660,0.0727,0.7723,0.9202,0.1167,0.2982,0.0254,0.0456,0.0757
4,SATURDAY,7,0.2220,0.2106,0.0944,1.1483,0.9412,0.0140,0.3979,0.0407,0.0667,0.1387
4,SATURDAY,8,0.4250,0.2885,0.1028,1.5765,0.9780,0.0000,0.5571,0.0585,0.0952,0.2224
4,SATURDAY,9,0.6503,0.3323,0.1098,2.1821,1.0155,0.0000,0.7105,0.0733,0.1336,0.3197
4,SATURDAY,10,0.9184,0.3686,0.1202,2.6892,1.0446,0.0000,0.9029,0.0870,0.1671,0.3866
4,SATURDAY,11,1.1455,0.3911,0.1290,2.7389,1.0682,0.0000,0.9862,0.0915,0.1875,0.4091
4,SATURDAY,12,1.2822,0.4034,0.1328,2.4996,1.0780,0.0000,0.9980,0.0922,0.2016,0.4124
4,SATURDAY,13,1.3411,0.4064,0.1384,2.2929,1.0899,0.0000,1.0020,0.0921,0.2123,0.4126
4,SATURDAY,14,1.3634,0.4030,0.1423,2.1050,1.0930,0.0000,1.0059,0.0923,0.2203,0.4126
4,SATURDAY,15,1.4145,0.4022,0.1345,2.1510,1.0813,0.0420,1.0162,0.0916,0.2248,0.4126
4,SATURDAY,16,1.4114,0.4018,0.1206,2.4856,1.0716,0.0898,1.0116,0.0896,0.2234,0.4126
4,SATURDAY,17,1.3109,0.4024,0.1055,2.6349,1.0516,0.1704,0.9992,0.0839,0.2132,0.4094
4,SATURDAY,18,1.0255,0.3908,0.0894,2.4052,1.0310,0.1972,0.9699,0.0752,0.1932,0.3809
4,SATURDAY,19,0.7420,0.3639,0.0749,1.9915,1.0102,0.4569,0.9151,0.0639,0.1607,0.2981
4,SATURDAY,20,0.5297,0.3399,0.0647,1.3987,0.9827,0.5430,0.7593,0.0498,0.1247,0.1845
4,SATURDAY,21,0.3237,0.2635,0.0614,0.8309,0.9607,0.5131,0.5285,0.0322,0.0947,0.0889
4,SATURDAY,22,0.1703,0.2218,0.0620,0.4534,0.9335,0.4992,0.3685,0.0201,0.0766,0.0450
4,SATURDAY,23,0.0622,0.1387,0.0632,0.2238,0.9138,0.4979,0.2187,0.0130,0.0694,0.0353
4,SUNDAY,0,0.0290,0.0780,0.0638,0.0683,0.8920,0.4979,0.1561,0.0097,0.0658,0.0345
4,SUNDAY,1,0.0097,0.0826,0.0570,0.0873,0.8851,0.3682,0.1491,0.0094,0.0578,0.0345
4,SUNDAY,2,0.0081,0.0781,0.0345,0.1292,0.8810,0.3682,0.1189,0.0084,0.0336,0.0345
4,SUNDAY,3,0.0078,0.0756,0.0238,0.1813,0.8805,0.3682,0.1024,0.0081,0.0160,0.0345
4,SUNDAY,4,0.0089,0.0794,0.0317,0.2652,0.8956,0.3682,0.1263,0.0100,0.0181,0.0345
4,SUNDAY,5,0.0135,0.0862,0.0524,0.4131,0.9017,0.2991,0.1913,0.0156,0.0293,0.0399
4,SUNDAY,6,0.1104,0.1166,0.0794,0.5949,0.9147,0.0560,0.2671,0.0270,0.0442,0.0748
4,SUNDAY,7,0.2455,0.1667,0.0994,0.9719,0.9311,0.0000,0.3580,0.0439,0.0602,0.1295
4,SUNDAY,8,0.3943,0.2347,0.1040,1.2989,0.9648,0.0000,0.5151,0.0615,0.0760,0.2054
4,SUNDAY,9,0.6461,0.2756,0.1118,1.8993,0.9925,0.0000,0.6239,0.0750,0.0933,0.2975
4,SUNDAY,10,0.8920,0.3157,0.1230,2.3423,1.0160,0.0000,0.7419,0.0810,0.1092,0.3503
4,SUNDAY,11,1.1130,0.3287,0.1310,2.2734,1.0377,0.0000,0.8001,0.0826,0.1221,0.3612
4,SUNDAY,12,1.2702,0.3376,0.1334,2.0721,1.0435,0.0000,0.8052,0.0834,0.1354,0.3619
4,SUNDAY,13,1.2570,0.3381,0.1401,1.9033,1.0568,0.0000,0.8118,0.0839,0.1457,0.3619
4,SUNDAY,14,1.3284,0.3389,0.1431,1.6191,1.0564,0.0000,0.8165,0.0842,0.1533,0.3619
4,SUNDAY,15,1.3534,0.3390,0.1317,1.7047,1.0414,0.0560,0.8348,0.0830,0.1569,0.3619
4,SUNDAY,16,1.3104,0.3365,0.1170,2.0858,1.0345,0.1011,0.8273,0.0799,0.1543,0.3619
4,SUNDAY,17,1.2360,0.3399,0.1016,2.1347,1.0127,0.1935,0.8038,0.0729,0.1448,0.3576
4,SUNDAY,18,0.9585,0.3228,0.0853,1.8594,0.9958,0.1985,0.7672,0.0627,0.1303,0.3219
4,SUNDAY,19,0.6622,0.2865,0.0714,1.5095,0.9783,0.5430,0.6892,0.0484,0.1103,0.2295
4,SUNDAY,20,0.4021,0.2619,0.0625,0.9593,0.9527,0.5430,0.4780,0.0327,0.0916,0.1251
4,SUNDAY,21,0.1808,0.1725,0.0611,0.4638,0.9380,0.5031,0.3195,0.0195,0.0774,0.0550
4,SUNDAY,22,0.0803,0.1301,0.0623,0.1985,0.9131,0.4979,0.2316,0.0124,0.0694,0.0362
4,SUNDAY,23,0.0378,0.1585,0.0635,0.0802,0.9012,0.4979,0.1756,0.0102,0.0670,0.0345
4,HOLIDAY,0,0.0000,0.0000,0.0000,0.0000,0.0000,0.0000,0.0000,0.0000,0.0000,0.0000
4,HOLIDAY,1,0.0000,0.0000,0.0000,0.0000,0.0000,0.0000,0.0000,0.0000,0.0000,0.0000
4,HOLIDAY,2,0.0000,0.0000,0.0000,0.0000,0.0000,0.0000,0.0000,0.0000,0.0000,0.0000
4,HOLIDAY,3,0.0000,0.0000,0.0000,0.0000,0.0000,0.0000,0.0000,0.0000,0.0000,0.0000
4,HOLIDAY,4,0.0000,0.0000,0.0000,0.0000,0.0000,0.0000,0.0000,0.0000,0.0000,0.0000
4,HOLIDAY,5,0.0000,0.0000,0.0000,0.0000,0.0000,0.0000,0.0000,0.0000,0.0000,0.0000
4,HOLIDAY,6,0.0000,0.0000,0.0000,0.0000,0.0000,0.0000,0.0000,0.0000,0.0000,0.0000
4,HOLIDAY,7,0.0000,0.0000,0.0000,0.0000,0.0000,0.0000,0.0000,0.0000,0.0000,0.0000
4,HOLIDAY,8,0.0000,0.0000,0.0000,0.0000,0.0000,0.0000,0.0000,0.0000,0.0000,0.0000
4,HOLIDAY,9,0.0000,0.0000,0.0000,0.0000,0.0000,0.0000,0.0000,0.0000,0.0000,0.0000
4,HOLIDAY,10,0.0000,0.0000,0.0000,0.0000,0.0000,0.0000,0.0000,0.0000,0.0000,0.0000
4,HOLIDAY,11,0.0000,0.0000,0.0000,0.0000,0.0000,0.0000,0.0000,0.0000,0.0000,0.0000
4,HOLIDAY,12,0.0000,0.0000,0.0000,0.0000,0.0000,0.0000,0.0000,0.0000,0.0000,0.0000
4,HOLIDAY,13,0.0000,0.0000,0.0000,0.0000,0.0000,0.0000,0.0000,0.0000,0.0000,0.0000
4,HOLIDAY,14,0.0000,0.0000,0.0000,0.0000,0.0000,0.0000,0.0000,0.0000,0.0000,0.0000
4,HOLIDAY,15,0.0000,0.0000,0.0000,0.0000,0.0000,0.0000,0.0000,0.0000,0.0000,0.0000
4,HOLIDAY,16,0.0000,0.0000,0.0000,0.0000,0.0000,0.0000,0.0000,0.0000,0.0000,0.0000
4,HOLIDAY,17,0.0000,0.0000,0.0000,0.0000,0.0000,0.0000,0.0000,0.0000,0.0000,0.0000
4,HOLIDAY,18,0.0000,0.0000,0.0000,0.0000,0.0000,0.0000,0.0000,0.0000,0.0000,0.0000
4,HOLIDAY,19,0.0000,0.0000,0.0000,0.0000,0.0000,0.0000,0.0000,0.0000,0.0000,0.0000
4,HOLIDAY,20,0.0000,0.0000,0.0000,0.0000,0.0000,0.0000,0.0000,0.0000,0.0000,0.0000
4,HOLIDAY,21,0.0000,0.0000,0.0000,0.0000,0.0000,0.0000,0.0000,0.0000,0.0000,0.0000
4,HOLIDAY,22,0.0000,0.0000,0.0000,0.0000,0.0000,0.0000,0.0000,0.0000,0.0000,0.0000
4,HOLIDAY,23,0.0000,0.0000,0.0000,0.0000,0.0000,0.0000,0.0000,0.0000,0.0000,0.0000
5,WEEKDAY,0,0.0619,0.1525,0.0630,0.1225,0.9024,0.4979,0.1809,0.0099,0.0661,0.0345
5,WEEKDAY,1,0.0236,0.1366,0.0563,0.1364,0.8944,0.3682,0.1619,0.0094,0.0579,0.0345
5,WEEKDAY,2,0.0181,0.1306,0.0348,0.1713,0.8903,0.3682,0.1302,0.0085,0.0337,0.0345
5,WEEKDAY,3,0.0179,0.1298,0.0287,0.2261,0.8907,0.3682,0.1203,0.0086,0.0171,0.0345
5,WEEKDAY,4,0.0230,0.1368,0.0447,0.3378,0.9067,0.3682,0.1501,0.0115,0.0206,0.0345
5,WEEKDAY,5,0.1506,0.1547,0.0736,0.5520,0.9165,0.0793,0.2224,0.0186,0.0336,0.0416
5,WEEKDAY,6,0.2440,0.2108,0.0960,0.8248,0.9340,0.0560,0.3146,0.0306,0.0515,0.0870
5,WEEKDAY,7,0.4150,0.2483,0.1010,1.2226,0.9562,0.0000,0.4173,0.0457,0.0725,0.1560
5,WEEKDAY,8,0.6064,0.3244,0.1043,1.6554,0.9974,0.0000,0.5896,0.0629,0.1020,0.2446
5,WEEKDAY,9,0.9717,0.3692,0.1130,2.3178,1.0332,0.0000,0.7411,0.0766,0.1426,0.3447
5,WEEKDAY,10,1.3341,0.3982,0.1229,2.8032,1.0587,0.0000,0.9413,0.0903,0.1734,0.4006
5,WEEKDAY,11,1.6108,0.4214,0.1305,2.6780,1.0821,0.0000,0.9825,0.0917,0.1904,0.4119
5,WEEKDAY,12,1.7435,0.4286,0.1330,2.4249,1.0884,0.0000,0.9926,0.0925,0.2040,0.4126
5,WEEKDAY,13,1.7052,0.4234,0.1370,2.2570,1.1028,0.0000,1.0044,0.0924,0.2144,0.4126
5,WEEKDAY,14,1.7666,0.4232,0.1436,2.1208,1.1035,0.0000,1.0184,0.0932,0.2223,0.4126
5,WEEKDAY,15,1.8039,0.4232,0.1473,2.2577,1.0879,0.0560,1.0397,0.0931,0.2271,0.4126
5,WEEKDAY,16,1.8533,0.4275,0.1455,2.6207,1.0787,0.1011,1.0252,0.0918,0.2245,0.4126
5,WEEKDAY,17,1.7884,0.4319,0.1314,2.6266,1.0538,0.1935,1.0053,0.0852,0.2120,0.4083
5,WEEKDAY,18,1.3363,0.4032,0.1090,2.2325,1.0342,0.1985,0.9617,0.0751,0.1889,0.3718
5,WEEKDAY,19,0.9471,0.3644,0.0862,1.8155,1.0119,0.5430,0.8866,0.0609,0.1520,0.2735
5,WEEKDAY,20,0.6518,0.3382,0.0692,1.1695,0.9804,0.5430,0.6741,0.0427,0.1144,0.1548
5,WEEKDAY,21,0.3580,0.2412,0.0614,0.5890,0.9598,0.5031,0.3993,0.0222,0.0856,0.0669
5,WEEKDAY,22,0.1918,0.2081,0.0615,0.2778,0.9304,0.4979,0.2701,0.0138,0.0713,0.0377
5,WEEKDAY,23,0.1123,0.1888,0.0622,0.1263,0.9146,0.4979,0.2282,0.0106,0.0675,0.0345
5,SATURDAY,0,0.0716,0.1759,0.0630,0.1499,0.9044,0.4979,0.2042,0.0101,0.0665,0.0345
5,SATURDAY,1,0.0237,0.1407,0.0563,0.1079,0.8948,0.3682,0.1672,0.0095,0.0580,0.0345
5,SATURDAY,2,0.0147,0.1300,0.0342,0.1328,0.8893,0.3682,0.1241,0.0085,0.0337,0.0345
5,SATURDAY,3,0.0134,0.1307,0.0237,0.2014,0.8888,0.3682,0.1110,0.0082,0.0168,0.0345
5,SATURDAY,4,0.0191,0.1523,0.0316,0.3238,0.9056,0.3682,0.1473,0.0105,0.0199,0.0345
5,SATURDAY,5,0.0474,0.1454,0.0523,0.5569,0.9168,0.0793,0.2283,0.0169,0.0323,0.0416
5,SATURDAY,6,0.1983,0.2031,0.0794,0.8441,0.9347,0.0560,0.3215,0.0283,0.0501,0.0870
5,SATURDAY,7,0.3780,0.2425,0.0994,1.2497,0.9572,0.0000,0.4234,0.0448,0.0723,0.1560
5,SATURDAY,8,0.6361,0.3350,0.1040,1.6855,0.9995,0.0000,0.6016,0.0631,0.1029,0.2446
5,SATURDAY,9,0.9819,0.3888,0.1118,2.3476,1.0360,0.0000,0.7468,0.0767,0.1438,0.3447
5,SATURDAY,10,1.3114,0.4018,0.1229,2.8031,1.0623,0.0000,0.9549,0.0905,0.1748,0.4006
5,SATURDAY,11,1.5794,0.4171,0.1307,2.7175,1.0855,0.0000,0.9966,0.0918,0.1918,0.4119
5,SATURDAY,12,1.7917,0.4306,0.1330,2.4269,1.0907,0.0000,0.9985,0.0924,0.2048,0.4126
5,SATURDAY,13,1.7732,0.4306,0.1397,2.2482,1.1046,0.0000,1.0032,0.0921,0.2148,0.4126
5,SATURDAY,14,1.7824,0.4237,0.1427,2.0573,1.1039,0.0000,1.0068,0.0924,0.2221,0.4126
5,SATURDAY,15,1.8286,0.4246,0.1313,2.1822,1.0877,0.0560,1.0193,0.0913,0.2257,0.4126
5,SATURDAY,16,1.7915,0.4230,0.1167,2.5868,1.0791,0.1011,1.0090,0.0891,0.2226,0.4126
5,SATURDAY,17,1.7233,0.4274,0.1014,2.6510,1.0546,0.1935,0.9959,0.0822,0.2101,0.4083
5,SATURDAY,18,1.3765,0.4102,0.0850,2.3233,1.0357,0.1985,0.9612,0.0729,0.1876,0.3718
5,SATURDAY,19,1.0091,0.3751,0.0709,1.8809,1.0140,0.5430,0.8997,0.0609,0.1517,0.2735
5,SATURDAY,20,0.6982,0.3489,0.0618,1.2380,0.9834,0.5430,0.7125,0.0461,0.1157,0.1548
5,SATURDAY,21,0.3954,0.2564,0.0603,0.6952,0.9633,0.5031,0.4672,0.0276,0.0878,0.0669
5,SATURDAY,22,0.2064,0.2291,0.0615,0.3728,0.9336,0.4979,0.3356,0.0175,0.0728,0.0377
5,SATURDAY,23,0.0892,0.1330,0.0627,0.1741,0.9172,0.4979,0.1797,0.0115,0.0682,0.0345
5,SUNDAY,0,0.0520,0.1068,0.0630,0.0683,0.8995,0.4979,0.1561,0.0097,0.0658,0.0345
5,SUNDAY,1,0.0197,0.0953,0.0563,0.0873,0.8926,0.3682,0.1491,0.0094,0.0578,0.0345
5,SUNDAY,2,0.0162,0.0873,0.0342,0.1292,0.8885,0.3682,0.1189,0.0084,0.0336,0.0345
5,SUNDAY,3,0.0139,0.0871,0.0237,0.1813,0.8880,0.3682,0.1024,0.0081,0.0160,0.0345
5,SUNDAY,4,0.0176,0.0815,0.0316,0.2652,0.9030,0.3682,0.1263,0.0100,0.0181,0.0345
5,SUNDAY,5,0.0261,0.0837,0.0523,0.4131,0.9109,0.0793,0.1913,0.0156,0.0293,0.0399
5,SUNDAY,6,0.1624,0.1347,0.0794,0.5949,0.9250,0.0560,0.2671,0.0270,0.0442,0.0748
5,SUNDAY,7,0.3465,0.1831,0.0994,0.9719,0.9416,0.0000,0.3580,0.0439,0.0602,0.1295
5,SUNDAY,8,0.5220,0.2553,0.1040,1.2989,0.9759,0.0000,0.5151,0.0615,0.0760,0.2054
5,SUNDAY,9,0.8054,0.3004,0.1118,1.8993,1.0040,0.0000,0.6239,0.0750,0.0933,0.2975
5,SUNDAY,10,1.0865,0.3214,0.1229,2.3423,1.0271,0.0000,0.7419,0.0810,0.1092,0.3503
5,SUNDAY,11,1.3332,0.3367,0.1307,2.2734,1.0493,0.0000,0.8001,0.0826,0.1221,0.3612
5,SUNDAY,12,1.5239,0.3499,0.1330,2.0721,1.0549,0.0000,0.8052,0.0834,0.1354,0.3619
5,SUNDAY,13,1.4614,0.3484,0.1397,1.9033,1.0680,0.0000,0.8118,0.0839,0.1457,0.3619
5,SUNDAY,14,1.5387,0.3492,0.1427,1.6191,1.0674,0.0000,0.8165,0.0842,0.1533,0.3619
5,SUNDAY,15,1.5539,0.3482,0.1313,1.7047,1.0516,0.0560,0.8348,0.0830,0.1569,0.3619
5,SUNDAY,16,1.4999,0.3457,0.1167,2.0858,1.0440,0.1011,0.8273,0.0799,0.1543,0.3619
5,SUNDAY,17,1.4450,0.3494,0.1014,2.1347,1.0216,0.1935,0.8038,0.0729,0.1448,0.3576
5,SUNDAY,18,1.1856,0.3345,0.0850,1.8594,1.0054,0.1985,0.7672,0.0627,0.1303,0.3219
5,SUNDAY,19,0.8451,0.2972,0.0709,1.5095,0.9873,0.5430,0.6892,0.0484,0.1103,0.2295
5,SUNDAY,20,0.5535,0.2695,0.0618,0.9593,0.9608,0.5430,0.4780,0.0327,0.0916,0.1251
5,SUNDAY,21,0.2743,0.1945,0.0603,0.4638,0.9454,0.5031,0.3195,0.0195,0.0774,0.0550
5,SUNDAY,22,0.1269,0.1382,0.0615,0.1985,0.9207,0.4979,0.2316,0.0124,0.0694,0.0362
5,SUNDAY,23,0.0722,0.1729,0.0627,0.0802,0.9086,0.4979,0.1756,0.0102,0.0670,0.0345
5,HOLIDAY,0,0.0384,0.1612,0.0630,0.0854,0.9010,0.4979,0.1555,0.0097,0.0658,0.0345
5,HOLIDAY,1,0.0137,0.1448,0.0563,0.1271,0.8939,0.3682,0.1504,0.0094,0.0578,0.0345
5,HOLIDAY,2,0.0122,0.1446,0.0348,0.1713,0.8902,0.3682,0.1258,0.0085,0.0337,0.0345
5,HOLIDAY,3,0.0139,0.1155,0.0287,0.2256,0.8907,0.3682,0.1167,0.0086,0.0170,0.0345
5,HOLIDAY,4,0.0186,0.1253,0.0447,0.3335,0.9068,0.3682,0.1456,0.0115,0.0205,0.0345
5,HOLIDAY,5,0.1333,0.1777,0.0736,0.5370,0.9164,0.0793,0.2163,0.0186,0.0332,0.0416
5,HOLIDAY,6,0.1833,0.1770,0.0960,0.7855,0.9334,0.0560,0.3067,0.0306,0.0497,0.0870
5,HOLIDAY,7,0.3194,0.2255,0.1010,1.1496,0.9531,0.0000,0.4018,0.0456,0.0683,0.1560
5,HOLIDAY,8,0.4398,0.2641,0.1043,1.5353,0.9885,0.0000,0.5355,0.0623,0.0954,0.2446
5,HOLIDAY,9,0.6905,0.3280,0.1130,2.0783,1.0159,0.0000,0.6804,0.0754,0.1340,0.3447
5,HOLIDAY,10,1.0043,0.3486,0.1229,2.3593,1.0328,0.0000,0.8209,0.0884,0.1629,0.4006
5,HOLIDAY,11,1.3024,0.3752,0.1305,2.1823,1.0520,0.0000,0.8482,0.0895,0.1792,0.4119
5,HOLIDAY,12,1.4494,0.3823,0.1330,1.9784,1.0577,0.0000,0.8798,0.0903,0.1929,0.4126
5,HOLIDAY,13,1.3985,0.3779,0.1370,1.8613,1.0746,0.0000,0.8915,0.0904,0.2037,0.4126
5,HOLIDAY,14,1.4437,0.3734,0.1436,1.9463,1.0818,0.0000,0.9067,0.0917,0.2127,0.4126
5,HOLIDAY,15,1.4884,0.3715,0.1473,2.0946,1.0696,0.0560,0.9448,0.0920,0.2180,0.4126
5,HOLIDAY,16,1.4529,0.3735,0.1455,2.3185,1.0624,0.1011,0.9398,0.0910,0.2160,0.4126
5,HOLIDAY,17,1.3443,0.3754,0.1314,2.3839,1.0395,0.1935,0.9286,0.0845,0.2042,0.4083
5,HOLIDAY,18,1.1059,0.3600,0.1090,2.0218,1.0217,0.1985,0.8925,0.0746,0.1825,0.3718
5,HOLIDAY,19,0.7722,0.3234,0.0862,1.5873,1.0016,0.5430,0.8202,0.0600,0.1477,0.2735
5,HOLIDAY,20,0.5119,0.2990,0.0692,1.0249,0.9720,0.5430,0.6414,0.0412,0.1118,0.1548
5,HOLIDAY,21,0.2633,0.2269,0.0614,0.5508,0.9534,0.5031,0.3611,0.0204,0.0841,0.0669
5,HOLIDAY,22,0.1274,0.1922,0.0615,0.2182,0.9260,0.4979,0.2269,0.0126,0.0705,0.0377
5,HOLIDAY,23,0.0660,0.1726,0.0627,0.0854,0.9116,0.4979,0.1796,0.0102,0.0670,0.0345
6,WEEKDAY,0,0.1559,0.1852,0.0536,0.1180,0.9079,0.4979,0.1798,0.0099,0.0661,0.0345
6,WEEKDAY,1,0.0536,0.1564,0.0480,0.1353,0.8996,0.3682,0.1625,0.0094,0.0579,0.0345
6,WEEKDAY,2,0.0376,0.1510,0.0302,0.1713,0.8953,0.3682,0.1316,0.0085,0.0337,0.0345
6,WEEKDAY,3,0.0324,0.1474,0.0257,0.2261,0.8957,0.3682,0.1219,0.0086,0.0171,0.0345
6,WEEKDAY,4,0.0390,0.1509,0.0405,0.3378,0.9119,0.3682,0.1517,0.0115,0.0206,0.0345
6,WEEKDAY,5,0.2083,0.1768,0.0670,0.5521,0.9222,0.0793,0.2242,0.0186,0.0336,0.0416
6,WEEKDAY,6,0.3680,0.2392,0.0875,0.8249,0.9394,0.0560,0.3166,0.0306,0.0514,0.0869
6,WEEKDAY,7,0.6016,0.2705,0.0920,1.2218,0.9617,0.0000,0.4189,0.0457,0.0723,0.1563
6,WEEKDAY,8,0.8579,0.3509,0.0950,1.6523,1.0039,0.0000,0.5892,0.0629,0.1027,0.2517
6,WEEKDAY,9,1.2944,0.3908,0.1026,2.3069,1.0397,0.0000,0.7408,0.0765,0.1449,0.3631
6,WEEKDAY,10,1.7843,0.4181,0.1111,2.7868,1.0648,0.0000,0.9368,0.0902,0.1766,0.4262
6,WEEKDAY,11,2.1484,0.4468,0.1174,2.6579,1.0885,0.0000,0.9769,0.0916,0.1938,0.4390
6,WEEKDAY,12,2.3375,0.4559,0.1192,2.4088,1.0949,0.0000,0.9885,0.0924,0.2075,0.4398
6,WEEKDAY,13,2.2861,0.4520,0.1225,2.2450,1.1099,0.0000,1.0003,0.0923,0.2180,0.4398
6,WEEKDAY,14,2.3551,0.4510,0.1283,2.1242,1.1108,0.0000,1.0145,0.0931,0.2259,0.4398
6,WEEKDAY,15,2.3982,0.4517,0.1315,2.2612,1.0947,0.0560,1.0369,0.0931,0.2307,0.4398
6,WEEKDAY,16,2.4357,0.4561,0.1297,2.6116,1.0858,0.1011,1.0225,0.0918,0.2283,0.4398
6,WEEKDAY,17,2.3541,0.4613,0.1168,2.6193,1.0607,0.1935,1.0032,0.0852,0.2163,0.4366
6,WEEKDAY,18,1.9180,0.4363,0.0962,2.2259,1.0425,0.1985,0.9616,0.0752,0.1939,0.4075
6,WEEKDAY,19,1.3903,0.3907,0.0753,1.8071,1.0195,0.5430,0.8919,0.0611,0.1583,0.3192
6,WEEKDAY,20,0.9946,0.3568,0.0597,1.1581,0.9868,0.5430,0.6809,0.0429,0.1196,0.1949
6,WEEKDAY,21,0.6078,0.2811,0.0524,0.5840,0.9655,0.5031,0.4024,0.0222,0.0882,0.0898
6,WEEKDAY,22,0.3273,0.2328,0.0524,0.2704,0.9361,0.4979,0.2686,0.0138,0.0719,0.0440
6,WEEKDAY,23,0.2159,0.2115,0.0534,0.1213,0.9201,0.4979,0.2246,0.0106,0.0675,0.0351
6,SATURDAY,0,0.1152,0.1774,0.0536,0.1499,0.9102,0.4979,0.2063,0.0101,0.0665,0.0345
6,SATURDAY,1,0.0411,0.1512,0.0480,0.1079,0.9001,0.3682,0.1693,0.0095,0.0580,0.0345
6,SATURDAY,2,0.0233,0.1478,0.0296,0.1328,0.8943,0.3682,0.1262,0.0085,0.0337,0.0345
6,SATURDAY,3,0.0268,0.1423,0.0211,0.2014,0.8937,0.3682,0.1131,0.0082,0.0168,0.0345
6,SATURDAY,4,0.0345,0.1620,0.0285,0.3238,0.9107,0.3682,0.1494,0.0105,0.0199,0.0345
6,SATURDAY,5,0.0833,0.1727,0.0474,0.5569,0.9226,0.0793,0.2304,0.0169,0.0323,0.0416
6,SATURDAY,6,0.2750,0.2147,0.0722,0.8441,0.9400,0.0560,0.3235,0.0283,0.0501,0.0868
6,SATURDAY,7,0.5030,0.2582,0.0905,1.2497,0.9628,0.0000,0.4250,0.0448,0.0723,0.1563
6,SATURDAY,8,0.7294,0.3513,0.0947,1.6855,1.0065,0.0000,0.6036,0.0630,0.1042,0.2532
6,SATURDAY,9,1.0999,0.3898,0.1015,2.3476,1.0436,0.0000,0.7489,0.0767,0.1472,0.3668
6,SATURDAY,10,1.4880,0.4078,0.1111,2.8138,1.0700,0.0000,0.9571,0.0905,0.1794,0.4313
6,SATURDAY,11,1.7445,0.4238,0.1176,2.7282,1.0938,0.0000,0.9987,0.0918,0.1967,0.4445
6,SATURDAY,12,1.9807,0.4380,0.1192,2.4376,1.0992,0.0000,1.0006,0.0924,0.2099,0.4453
6,SATURDAY,13,1.9622,0.4385,0.1250,2.2589,1.1135,0.0000,1.0053,0.0921,0.2199,0.4453
6,SATURDAY,14,2.0313,0.4393,0.1274,2.0680,1.1125,0.0000,1.0089,0.0924,0.2272,0.4453
6,SATURDAY,15,2.0728,0.4402,0.1168,2.1929,1.0957,0.0560,1.0215,0.0913,0.2307,0.4453
6,SATURDAY,16,2.0073,0.4382,0.1033,2.5975,1.0874,0.1011,1.0112,0.0891,0.2277,0.4453
6,SATURDAY,17,1.9928,0.4436,0.0892,2.6617,1.0626,0.1935,0.9989,0.0823,0.2159,0.4423
6,SATURDAY,18,1.6488,0.4282,0.0742,2.3340,1.0450,0.1985,0.9666,0.0731,0.1942,0.4146
6,SATURDAY,19,1.2369,0.3882,0.0613,1.8916,1.0225,0.5430,0.9120,0.0613,0.1596,0.3283
6,SATURDAY,20,0.8645,0.3572,0.0529,1.2380,0.9908,0.5430,0.7247,0.0465,0.1221,0.2030
6,SATURDAY,21,0.5016,0.2791,0.0514,0.6952,0.9697,0.5031,0.4762,0.0279,0.0911,0.0944
6,SATURDAY,22,0.2740,0.2386,0.0524,0.3728,0.9399,0.4979,0.3399,0.0176,0.0737,0.0452
6,SATURDAY,23,0.1389,0.1490,0.0534,0.1741,0.9233,0.4979,0.1820,0.0115,0.0683,0.0352
6,SUNDAY,0,0.1014,0.1187,0.0536,0.0683,0.9053,0.4979,0.1582,0.0097,0.0658,0.0345
6,SUNDAY,1,0.0404,0.0994,0.0480,0.0873,0.8980,0.3682,0.1512,0.0094,0.0578,0.0345
6,SUNDAY,2,0.0313,0.0963,0.0296,0.1292,0.8935,0.3682,0.1211,0.0084,0.0336,0.0345
6,SUNDAY,3,0.0289,0.0984,0.0211,0.1813,0.8930,0.3682,0.1046,0.0081,0.0160,0.0345
6,SUNDAY,4,0.0318,0.0926,0.0285,0.2652,0.9082,0.3682,0.1285,0.0100,0.0181,0.0345
6,SUNDAY,5,0.0543,0.1050,0.0474,0.4131,0.9166,0.0793,0.1934,0.0156,0.0293,0.0399
6,SUNDAY,6,0.3268,0.1888,0.0722,0.5949,0.9304,0.0560,0.2691,0.0270,0.0441,0.0746
6,SUNDAY,7,0.5826,0.2234,0.0905,0.9719,0.9472,0.0000,0.3596,0.0439,0.0603,0.1299
6,SUNDAY,8,0.8205,0.2988,0.0947,1.2989,0.9829,0.0000,0.5172,0.0615,0.0774,0.2140
6,SUNDAY,9,1.2287,0.3329,0.1015,1.8993,1.0115,0.0000,0.6260,0.0750,0.0967,0.3195
6,SUNDAY,10,1.6309,0.3490,0.1111,2.3637,1.0347,0.0000,0.7440,0.0810,0.1139,0.3810
6,SUNDAY,11,1.9641,0.3699,0.1176,2.2948,1.0576,0.0000,0.8022,0.0826,0.1271,0.3938
6,SUNDAY,12,2.1725,0.3857,0.1192,2.0828,1.0633,0.0000,0.8073,0.0834,0.1404,0.3946
6,SUNDAY,13,2.1117,0.3868,0.1250,1.9140,1.0769,0.0000,0.8139,0.0839,0.1507,0.3946
6,SUNDAY,14,2.1520,0.3866,0.1274,1.6298,1.0760,0.0000,0.8186,0.0842,0.1583,0.3946
6,SUNDAY,15,2.1634,0.3876,0.1168,1.7154,1.0596,0.0560,0.8369,0.0830,0.1620,0.3946
6,SUNDAY,16,2.0962,0.3842,0.1033,2.0965,1.0523,0.1011,0.8295,0.0799,0.1595,0.3946
6,SUNDAY,17,2.0506,0.3881,0.0892,2.1454,1.0296,0.1935,0.8067,0.0729,0.1506,0.3916
6,SUNDAY,18,1.7278,0.3700,0.0742,1.8701,1.0148,0.1985,0.7726,0.0628,0.1369,0.3647
6,SUNDAY,19,1.2497,0.3242,0.0613,1.5202,0.9958,0.5430,0.7015,0.0488,0.1183,0.2843
6,SUNDAY,20,0.8718,0.2887,0.0529,0.9593,0.9681,0.5430,0.4901,0.0331,0.0980,0.1732
6,SUNDAY,21,0.5178,0.2191,0.0514,0.4638,0.9518,0.5031,0.3285,0.0198,0.0807,0.0825
6,SUNDAY,22,0.2678,0.1714,0.0524,0.1985,0.9269,0.4979,0.2359,0.0125,0.0703,0.0437
6,SUNDAY,23,0.1945,0.2030,0.0529,0.0802,0.9155,0.4979,0.1780,0.0102,0.0671,0.0352
6,HOLIDAY,0,0.0000,0.0000,0.0000,0.0000,0.0000,0.0000,0.0000,0.0000,0.0000,0.0000
6,HOLIDAY,1,0.0000,0.0000,0.0000,0.0000,0.0000,0.0000,0.0000,0.0000,0.0000,0.0000
6,HOLIDAY,2,0.0000,0.0000,0.0000,0.0000,0.0000,0.0000,0.0000,0.0000,0.0000,0.0000
6,HOLIDAY,3,0.0000,0.0000,0.0000,0.0000,0.0000,0.0000,0.0000,0.0000,0.0000,0.0000
6,HOLIDAY,4,0.0000,0.0000,0.0000,0.0000,0.0000,0.0000,0.0000,0.0000,0.0000,0.0000
6,HOLIDAY,5,0.0000,0.0000,0.0000,0.0000,0.0000,0.0000,0.0000,0.0000,0.0000,0.0000
6,HOLIDAY,6,0.0000,0.0000,0.0000,0.0000,0.0000,0.0000,0.0000,0.0000,0.0000,0.0000
6,HOLIDAY,7,0.0000,0.0000,0.0000,0.0000,0.0000,0.0000,0.0000,0.0000,0.0000,0.0000
6,HOLIDAY,8,0.0000,0.0000,0.0000,0.0000,0.0000,0.0000,0.0000,0.0000,0.0000,0.0000
6,HOLIDAY,9,0.0000,0.0000,0.0000,0.0000,0.0000,0.0000,0.0000,0.0000,0.0000,0.0000
6,HOLIDAY,10,0.0000,0.0000,0.0000,0.0000,0.0000,0.0000,0.0000,0.0000,0.0000,0.0000
6,HOLIDAY,11,0.0000,0.0000,0.0000,0.0000,0.0000,0.0000,0.0000,0.0000,0.0000,0.0000
6,HOLIDAY,12,0.0000,0.0000,0.0000,0.0000,0.0000,0.0000,0.0000,0.0000,0.0000,0.0000
6,HOLIDAY,13,0.0000,0.0000,0.0000,0.0000,0.0000,0.0000,0.0000,0.0000,0.0000,0.0000
6,HOLIDAY,14,0.0000,0.0000,0.0000,0.0000,0.0000,0.0000,0.0000,0.0000,0.0000,0.0000
6,HOLIDAY,15,0.0000,0.0000,0.0000,0.0000,0.0000,0.0000,0.0000,0.0000,0.0000,0.0000
6,HOLIDAY,16,0.0000,0.0000,0.0000,0.0000,0.0000,0.0000,0.0000,0.0000,0.0000,0.0000
6,HOLIDAY,17,0.0000,0.0000,0.0000,0.0000,0.0000,0.0000,0.0000,0.0000,0.0000,0.0000
6,HOLIDAY,18,0.0000,0.0000,0.0000,0.0000,0.0000,0.0000,0.0000,0.0000,0.0000,0.0000
6,HOLIDAY,19,0.0000,0.0000,0.0000,0.0000,0.0000,0.0000,0.0000,0.0000,0.0000,0.0000
6,HOLIDAY,20,0.0000,0.0000,0.0000,0.0000,0.0000,0.0000,0.0000,0.0000,0.0000,0.0000
6,HOLIDAY,21,0.0000,0.0000,0.0000,0.0000,0.0000,0.0000,0.0000,0.0000,0.0000,0.0000
6,HOLIDAY,22,0.0000,0.0000,0.0000,0.0000,0.0000,0.0000,0.0000,0.0000,0.0000,0.0000
6,HOLIDAY,23,0.0000,0.0000,0.0000,0.0000,0.0000,0.0000,0.0000,0.0000,0.0000,0.0000
7,WEEKDAY,0,0.2218,0.1949,0.0511,0.1113,0.9118,0.4979,0.1775,0.0098,0.0660,0.0345
7,WEEKDAY,1,0.0941,0.1698,0.0458,0.1336,0.9035,0.3682,0.1627,0.0094,0.0578,0.0345
7,WEEKDAY,2,0.0725,0.1602,0.0289,0.1713,0.8990,0.3682,0.1331,0.0085,0.0337,0.0345
7,WEEKDAY,3,0.0641,0.1589,0.0247,0.2261,0.8995,0.3682,0.1235,0.0086,0.0171,0.0345
7,WEEKDAY,4,0.0616,0.1604,0.0392,0.3378,0.9156,0.3682,0.1534,0.0115,0.0206,0.0345
7,WEEKDAY,5,0.2459,0.1899,0.0648,0.5521,0.9249,0.0793,0.2262,0.0186,0.0336,0.0416
7,WEEKDAY,6,0.4154,0.2417,0.0846,0.8249,0.9413,0.0560,0.3190,0.0306,0.0514,0.0867
7,WEEKDAY,7,0.6597,0.2776,0.0890,1.2215,0.9635,0.0000,0.4208,0.0457,0.0723,0.1566
7,WEEKDAY,8,0.9317,0.3579,0.0919,1.6510,1.0058,0.0000,0.5901,0.0629,0.1037,0.2589
7,WEEKDAY,9,1.4209,0.3953,0.0992,2.3022,1.0420,0.0000,0.7417,0.0765,0.1475,0.3815
7,WEEKDAY,10,1.9430,0.4246,0.1074,2.7849,1.0674,0.0000,0.9358,0.0902,0.1802,0.4517
7,WEEKDAY,11,2.3591,0.4544,0.1133,2.6544,1.0916,0.0000,0.9755,0.0915,0.1977,0.4662
7,WEEKDAY,12,2.5930,0.4656,0.1150,2.4093,1.0984,0.0000,0.9878,0.0924,0.2114,0.4671
7,WEEKDAY,13,2.5604,0.4635,0.1180,2.2485,1.1137,0.0000,0.9996,0.0923,0.2219,0.4671
7,WEEKDAY,14,2.6493,0.4620,0.1236,2.1309,1.1150,0.0000,1.0138,0.0931,0.2299,0.4671
7,WEEKDAY,15,2.6984,0.4636,0.1267,2.2679,1.0988,0.0560,1.0367,0.0931,0.2347,0.4671
7,WEEKDAY,16,2.7379,0.4690,0.1250,2.6128,1.0898,0.1011,1.0224,0.0918,0.2323,0.4671
7,WEEKDAY,17,2.6472,0.4740,0.1124,2.6209,1.0646,0.1935,1.0037,0.0852,0.2209,0.4650
7,WEEKDAY,18,2.1728,0.4476,0.0925,2.2278,1.0466,0.1985,0.9641,0.0754,0.1991,0.4431
7,WEEKDAY,19,1.5903,0.4002,0.0722,1.8082,1.0239,0.5430,0.8997,0.0614,0.1647,0.3649
7,WEEKDAY,20,1.1768,0.3635,0.0571,1.1528,0.9909,0.5430,0.6879,0.0431,0.1248,0.2350
7,WEEKDAY,21,0.7669,0.2901,0.0500,0.5782,0.9694,0.5031,0.4047,0.0223,0.0909,0.1127
7,WEEKDAY,22,0.4398,0.2491,0.0499,0.2600,0.9400,0.4979,0.2657,0.0137,0.0726,0.0502
7,WEEKDAY,23,0.2891,0.2225,0.0508,0.1140,0.9241,0.4979,0.2187,0.0105,0.0675,0.0357
7,SATURDAY,0,0.2159,0.2124,0.0511,0.1499,0.9142,0.4979,0.2077,0.0101,0.0665,0.0345
7,SATURDAY,1,0.0778,0.1668,0.0458,0.1079,0.9041,0.3682,0.1707,0.0095,0.0580,0.0345
7,SATURDAY,2,0.0505,0.1522,0.0283,0.1328,0.8981,0.3682,0.1276,0.0085,0.0337,0.0345
7,SATURDAY,3,0.0472,0.1542,0.0203,0.2014,0.8976,0.3682,0.1146,0.0082,0.0168,0.0345
7,SATURDAY,4,0.0562,0.1698,0.0275,0.3238,0.9145,0.3682,0.1508,0.0105,0.0199,0.0345
7,SATURDAY,5,0.1112,0.1799,0.0459,0.5569,0.9253,0.0793,0.2318,0.0169,0.0323,0.0416
7,SATURDAY,6,0.3513,0.2282,0.0699,0.8441,0.9419,0.0560,0.3249,0.0283,0.0501,0.0867
7,SATURDAY,7,0.6076,0.2779,0.0876,1.2497,0.9646,0.0000,0.4262,0.0448,0.0724,0.1566
7,SATURDAY,8,0.8967,0.3639,0.0916,1.6855,1.0085,0.0000,0.6050,0.0630,0.1052,0.2589
7,SATURDAY,9,1.3976,0.4009,0.0981,2.3476,1.0463,0.0000,0.7503,0.0767,0.1494,0.3815
7,SATURDAY,10,1.9476,0.4277,0.1074,2.8209,1.0733,0.0000,0.9585,0.0905,0.1825,0.4517
7,SATURDAY,11,2.3459,0.4489,0.1135,2.7353,1.0977,0.0000,1.0002,0.0918,0.2001,0.4662
7,SATURDAY,12,2.6886,0.4661,0.1150,2.4448,1.1036,0.0000,1.0020,0.0924,0.2132,0.4671
7,SATURDAY,13,2.6975,0.4707,0.1205,2.2660,1.1180,0.0000,1.0068,0.0921,0.2232,0.4671
7,SATURDAY,14,2.7653,0.4716,0.1228,2.0751,1.1172,0.0000,1.0104,0.0924,0.2305,0.4671
7,SATURDAY,15,2.7765,0.4718,0.1125,2.2001,1.1002,0.0560,1.0229,0.0913,0.2340,0.4671
7,SATURDAY,16,2.7207,0.4679,0.0993,2.6046,1.0917,0.1011,1.0127,0.0891,0.2312,0.4671
7,SATURDAY,17,2.5943,0.4715,0.0857,2.6688,1.0667,0.1935,1.0009,0.0823,0.2198,0.4650
7,SATURDAY,18,2.2092,0.4543,0.0712,2.3411,1.0495,0.1985,0.9701,0.0732,0.1986,0.4431
7,SATURDAY,19,1.6509,0.4163,0.0587,1.8987,1.0270,0.5430,0.9201,0.0616,0.1650,0.3649
7,SATURDAY,20,1.2557,0.3797,0.0505,1.2380,0.9951,0.5430,0.7327,0.0468,0.1264,0.2350
7,SATURDAY,21,0.8167,0.2976,0.0490,0.6952,0.9738,0.5031,0.4821,0.0281,0.0933,0.1127
7,SATURDAY,22,0.5180,0.2738,0.0499,0.3728,0.9439,0.4979,0.3427,0.0177,0.0743,0.0502
7,SATURDAY,23,0.2549,0.1805,0.0509,0.1741,0.9274,0.4979,0.1836,0.0115,0.0684,0.0357
7,SUNDAY,0,0.1674,0.1305,0.0511,0.0683,0.9093,0.4979,0.1596,0.0097,0.0658,0.0345
7,SUNDAY,1,0.0555,0.1129,0.0458,0.0873,0.9019,0.3682,0.1526,0.0094,0.0578,0.0345
7,SUNDAY,2,0.0429,0.1013,0.0283,0.1292,0.8973,0.3682,0.1225,0.0084,0.0336,0.0345
7,SUNDAY,3,0.0394,0.0997,0.0203,0.1813,0.8968,0.3682,0.1060,0.0081,0.0160,0.0345
7,SUNDAY,4,0.0405,0.1053,0.0275,0.2652,0.9119,0.3682,0.1299,0.0100,0.0181,0.0345
7,SUNDAY,5,0.0574,0.1139,0.0459,0.4131,0.9193,0.0793,0.1949,0.0156,0.0293,0.0399
7,SUNDAY,6,0.3385,0.1788,0.0699,0.5949,0.9323,0.0560,0.2705,0.0270,0.0441,0.0745
7,SUNDAY,7,0.6074,0.2385,0.0876,0.9719,0.9489,0.0000,0.3608,0.0438,0.0603,0.1302
7,SUNDAY,8,0.8341,0.2973,0.0916,1.2989,0.9849,0.0000,0.5185,0.0615,0.0783,0.2197
7,SUNDAY,9,1.2718,0.3341,0.0981,1.8993,1.0142,0.0000,0.6274,0.0750,0.0989,0.3343
7,SUNDAY,10,1.6464,0.3516,0.1074,2.3780,1.0380,0.0000,0.7455,0.0810,0.1169,0.4014
7,SUNDAY,11,1.9852,0.3719,0.1135,2.3091,1.0615,0.0000,0.8037,0.0826,0.1304,0.4155
7,SUNDAY,12,2.2296,0.3869,0.1150,2.0899,1.0677,0.0000,0.8088,0.0834,0.1437,0.4164
7,SUNDAY,13,2.2112,0.3906,0.1205,1.9212,1.0814,0.0000,0.8153,0.0839,0.1541,0.4164
7,SUNDAY,14,2.2822,0.3926,0.1228,1.6370,1.0808,0.0000,0.8200,0.0842,0.1616,0.4164
7,SUNDAY,15,2.3168,0.3957,0.1125,1.7225,1.0641,0.0560,0.8383,0.0830,0.1653,0.4164
7,SUNDAY,16,2.2320,0.3920,0.0993,2.1037,1.0566,0.1011,0.8310,0.0799,0.1629,0.4164
7,SUNDAY,17,2.1789,0.3962,0.0857,2.1525,1.0338,0.1935,0.8087,0.0730,0.1545,0.4143
7,SUNDAY,18,1.8347,0.3771,0.0712,1.8772,1.0192,0.1985,0.7761,0.0630,0.1413,0.3932
7,SUNDAY,19,1.3244,0.3307,0.0587,1.5274,1.0004,0.5430,0.7097,0.0491,0.1236,0.3209
7,SUNDAY,20,0.9247,0.2907,0.0505,0.9593,0.9724,0.5430,0.4982,0.0334,0.1023,0.2053
7,SUNDAY,21,0.5387,0.2200,0.0490,0.4638,0.9559,0.5031,0.3344,0.0200,0.0830,0.1008
7,SUNDAY,22,0.2765,0.1856,0.0499,0.1985,0.9310,0.4979,0.2387,0.0125,0.0709,0.0487
7,SUNDAY,23,0.1920,0.2176,0.0509,0.0802,0.9188,0.4979,0.1795,0.0102,0.0671,0.0357
7,HOLIDAY,0,0.1459,0.1752,0.0511,0.0600,0.9093,0.4979,0.1531,0.0097,0.0658,0.0345
7,HOLIDAY,1,0.0588,0.1505,0.0458,0.0575,0.9014,0.3682,0.1420,0.0094,0.0578,0.0345
7,HOLIDAY,2,0.0457,0.1501,0.0289,0.0549,0.8963,0.3682,0.1080,0.0085,0.0337,0.0345
7,HOLIDAY,3,0.0469,0.1504,0.0247,0.0743,0.8952,0.3682,0.0851,0.0086,0.0170,0.0345
7,HOLIDAY,4,0.0519,0.1569,0.0392,0.1539,0.9100,0.3682,0.1021,0.0115,0.0205,0.0345
7,HOLIDAY,5,0.0991,0.1780,0.0648,0.3419,0.9185,0.0793,0.1673,0.0186,0.0331,0.0416
7,HOLIDAY,6,0.3063,0.2388,0.0846,0.5948,0.9338,0.0560,0.2477,0.0306,0.0492,0.0867
7,HOLIDAY,7,0.5278,0.2919,0.0890,0.9532,0.9526,0.0000,0.3274,0.0454,0.0675,0.1566
7,HOLIDAY,8,0.7440,0.3189,0.0919,1.3326,0.9885,0.0000,0.4623,0.0618,0.0966,0.2589
7,HOLIDAY,9,1.1031,0.3472,0.0992,1.8407,1.0189,0.0000,0.5623,0.0749,0.1388,0.3815
7,HOLIDAY,10,1.5350,0.3692,0.1074,2.1603,1.0420,0.0000,0.7436,0.0884,0.1707,0.4517
7,HOLIDAY,11,1.8309,0.3922,0.1133,2.0608,1.0659,0.0000,0.7733,0.0898,0.1882,0.4662
7,HOLIDAY,12,2.0567,0.4024,0.1150,1.9045,1.0735,0.0000,0.7920,0.0906,0.2019,0.4671
7,HOLIDAY,13,2.1168,0.4061,0.1180,1.8320,1.0892,0.0000,0.8168,0.0905,0.2123,0.4671
7,HOLIDAY,14,2.2283,0.4054,0.1236,1.9547,1.0901,0.0000,0.8431,0.0911,0.2200,0.4671
7,HOLIDAY,15,2.2050,0.4070,0.1267,2.1179,1.0748,0.0560,0.8710,0.0912,0.2249,0.4671
7,HOLIDAY,16,2.2157,0.4094,0.1250,2.2796,1.0678,0.1011,0.8673,0.0901,0.2231,0.4671
7,HOLIDAY,17,2.1290,0.4106,0.1124,2.2347,1.0449,0.1935,0.8573,0.0837,0.2123,0.4650
7,HOLIDAY,18,1.7195,0.3875,0.0925,1.8209,1.0298,0.1985,0.8253,0.0740,0.1918,0.4431
7,HOLIDAY,19,1.2006,0.3391,0.0722,1.4493,1.0105,0.5430,0.7681,0.0600,0.1597,0.3649
7,HOLIDAY,20,0.8812,0.3075,0.0571,0.8888,0.9802,0.5430,0.6110,0.0414,0.1217,0.2350
7,HOLIDAY,21,0.5563,0.2688,0.0500,0.4490,0.9611,0.5031,0.3500,0.0206,0.0892,0.1127
7,HOLIDAY,22,0.2620,0.2313,0.0499,0.1909,0.9338,0.4979,0.2275,0.0126,0.0718,0.0502
7,HOLIDAY,23,0.1904,0.1997,0.0509,0.0682,0.9199,0.4979,0.2586,0.0102,0.0671,0.0357
8,WEEKDAY,0,0.2346,0.2012,0.0503,0.1225,0.9133,0.4979,0.1842,0.0099,0.0661,0.0345
8,WEEKDAY,1,0.0942,0.1674,0.0451,0.1364,0.9047,0.3682,0.1653,0.0094,0.0579,0.0345
8,WEEKDAY,2,0.0713,0.1577,0.0285,0.1713,0.9002,0.3682,0.1335,0.0085,0.0337,0.0345
8,WEEKDAY,3,0.0590,0.1537,0.0246,0.2261,0.9006,0.3682,0.1237,0.0086,0.0171,0.0345
8,WEEKDAY,4,0.0634,0.1595,0.0391,0.3378,0.9165,0.3682,0.1535,0.0115,0.0206,0.0345
8,WEEKDAY,5,0.2473,0.1842,0.0648,0.5520,0.9245,0.0793,0.2257,0.0186,0.0336,0.0416
8,WEEKDAY,6,0.3834,0.2421,0.0846,0.8248,0.9410,0.0560,0.3178,0.0306,0.0514,0.0867
8,WEEKDAY,7,0.6705,0.2888,0.0890,1.2219,0.9631,0.0000,0.4199,0.0457,0.0724,0.1566
8,WEEKDAY,8,0.9547,0.3668,0.0918,1.6532,1.0060,0.0000,0.5914,0.0629,0.1040,0.2589
8,WEEKDAY,9,1.4098,0.4009,0.0991,2.3100,1.0430,0.0000,0.7432,0.0765,0.1479,0.3815
8,WEEKDAY,10,1.9078,0.4265,0.1071,2.8030,1.0690,0.0000,0.9404,0.0903,0.1807,0.4517
8,WEEKDAY,11,2.3227,0.4557,0.1130,2.6751,1.0938,0.0000,0.9808,0.0916,0.1982,0.4662
8,WEEKDAY,12,2.5589,0.4671,0.1145,2.4232,1.1013,0.0000,0.9921,0.0925,0.2119,0.4671
8,WEEKDAY,13,2.5571,0.4660,0.1175,2.2576,1.1165,0.0000,1.0039,0.0923,0.2223,0.4671
8,WEEKDAY,14,2.6504,0.4657,0.1230,2.1345,1.1175,0.0000,1.0179,0.0931,0.2303,0.4671
8,WEEKDAY,15,2.7282,0.4665,0.1260,2.2714,1.1009,0.0560,1.0400,0.0931,0.2351,0.4671
8,WEEKDAY,16,2.7706,0.4710,0.1243,2.6256,1.0919,0.1011,1.0257,0.0918,0.2327,0.4671
8,WEEKDAY,17,2.6701,0.4743,0.1117,2.6337,1.0660,0.1935,1.0070,0.0852,0.2213,0.4650
8,WEEKDAY,18,2.1561,0.4462,0.0918,2.2405,1.0474,0.1985,0.9674,0.0754,0.1995,0.4431
8,WEEKDAY,19,1.6170,0.4042,0.0715,1.8221,1.0255,0.5430,0.9038,0.0616,0.1650,0.3649
8,WEEKDAY,20,1.2318,0.3689,0.0564,1.1627,0.9930,0.5430,0.6936,0.0435,0.1251,0.2350
8,WEEKDAY,21,0.8086,0.2947,0.0492,0.5894,0.9714,0.5031,0.4141,0.0227,0.0912,0.1127
8,WEEKDAY,22,0.4722,0.2533,0.0491,0.2780,0.9419,0.4979,0.2769,0.0140,0.0728,0.0502
8,WEEKDAY,23,0.3247,0.2338,0.0501,0.1263,0.9259,0.4979,0.2291,0.0106,0.0677,0.0357
8,SATURDAY,0,0.2544,0.2045,0.0503,0.1499,0.9154,0.4979,0.2077,0.0101,0.0665,0.0345
8,SATURDAY,1,0.1048,0.1787,0.0451,0.1079,0.9051,0.3682,0.1707,0.0095,0.0580,0.0345
8,SATURDAY,2,0.0785,0.1650,0.0280,0.1328,0.8992,0.3682,0.1276,0.0085,0.0337,0.0345
8,SATURDAY,3,0.0653,0.1585,0.0202,0.2014,0.8986,0.3682,0.1146,0.0082,0.0168,0.0345
8,SATURDAY,4,0.0712,0.1715,0.0274,0.3238,0.9153,0.3682,0.1508,0.0105,0.0199,0.0345
8,SATURDAY,5,0.1246,0.1828,0.0458,0.5569,0.9249,0.0793,0.2318,0.0169,0.0323,0.0416
8,SATURDAY,6,0.3727,0.2396,0.0698,0.8441,0.9416,0.0560,0.3249,0.0283,0.0501,0.0867
8,SATURDAY,7,0.6574,0.2847,0.0876,1.2497,0.9642,0.0000,0.4262,0.0448,0.0724,0.1566
8,SATURDAY,8,0.9441,0.3740,0.0916,1.6855,1.0084,0.0000,0.6050,0.0630,0.1052,0.2589
8,SATURDAY,9,1.3940,0.4066,0.0980,2.3476,1.0466,0.0000,0.7503,0.0767,0.1494,0.3815
8,SATURDAY,10,1.8563,0.4273,0.1071,2.8209,1.0737,0.0000,0.9585,0.0905,0.1825,0.4517
8,SATURDAY,11,2.1976,0.4474,0.1132,2.7353,1.0986,0.0000,1.0002,0.0918,0.2001,0.4662
8,SATURDAY,12,2.4697,0.4638,0.1145,2.4448,1.1050,0.0000,1.0020,0.0924,0.2132,0.4671
8,SATURDAY,13,2.4885,0.4652,0.1199,2.2660,1.1196,0.0000,1.0068,0.0921,0.2232,0.4671
8,SATURDAY,14,2.5429,0.4647,0.1222,2.0751,1.1188,0.0000,1.0104,0.0924,0.2305,0.4671
8,SATURDAY,15,2.5752,0.4641,0.1119,2.2001,1.1015,0.0560,1.0229,0.0913,0.2340,0.4671
8,SATURDAY,16,2.5123,0.4606,0.0987,2.6046,1.0930,0.1011,1.0127,0.0891,0.2312,0.4671
8,SATURDAY,17,2.4410,0.4626,0.0850,2.6688,1.0674,0.1935,1.0009,0.0823,0.2198,0.4650
8,SATURDAY,18,2.1032,0.4456,0.0705,2.3411,1.0495,0.1985,0.9701,0.0732,0.1986,0.4431
8,SATURDAY,19,1.6090,0.4105,0.0580,1.8987,1.0280,0.5430,0.9201,0.0616,0.1650,0.3649
8,SATURDAY,20,1.2550,0.3780,0.0498,1.2380,0.9964,0.5430,0.7327,0.0468,0.1264,0.2350
8,SATURDAY,21,0.8422,0.2995,0.0483,0.6952,0.9751,0.5031,0.4821,0.0281,0.0933,0.1127
8,SATURDAY,22,0.5575,0.2697,0.0491,0.3728,0.9453,0.4979,0.3427,0.0177,0.0743,0.0502
8,SATURDAY,23,0.2964,0.1723,0.0500,0.1741,0.9285,0.4979,0.1836,0.0115,0.0684,0.0357
8,SUNDAY,0,0.1912,0.1443,0.0503,0.0683,0.9105,0.4979,0.1596,0.0097,0.0658,0.0345
8,SUNDAY,1,0.0615,0.1120,0.0451,0.0873,0.9029,0.3682,0.1526,0.0094,0.0578,0.0345
8,SUNDAY,2,0.0451,0.1037,0.0280,0.1292,0.8984,0.3682,0.1225,0.0084,0.0336,0.0345
8,SUNDAY,3,0.0433,0.1005,0.0202,0.1813,0.8978,0.3682,0.1060,0.0081,0.0160,0.0345
8,SUNDAY,4,0.0457,0.1122,0.0274,0.2652,0.9128,0.3682,0.1299,0.0100,0.0181,0.0345
8,SUNDAY,5,0.0608,0.1082,0.0458,0.4131,0.9189,0.0793,0.1949,0.0156,0.0293,0.0399
8,SUNDAY,6,0.3282,0.1798,0.0698,0.5949,0.9320,0.0560,0.2705,0.0270,0.0441,0.0745
8,SUNDAY,7,0.5906,0.2219,0.0876,0.9719,0.9486,0.0000,0.3608,0.0438,0.0603,0.1302
8,SUNDAY,8,0.8232,0.3045,0.0916,1.2989,0.9848,0.0000,0.5185,0.0615,0.0783,0.2197
8,SUNDAY,9,1.2256,0.3364,0.0980,1.8993,1.0145,0.0000,0.6274,0.0750,0.0989,0.3343
8,SUNDAY,10,1.6358,0.3524,0.1071,2.3780,1.0385,0.0000,0.7455,0.0810,0.1169,0.4014
8,SUNDAY,11,1.9930,0.3735,0.1132,2.3091,1.0624,0.0000,0.8037,0.0826,0.1304,0.4155
8,SUNDAY,12,2.2539,0.3891,0.1145,2.0899,1.0692,0.0000,0.8088,0.0834,0.1437,0.4164
8,SUNDAY,13,2.2504,0.3926,0.1199,1.9212,1.0830,0.0000,0.8153,0.0839,0.1541,0.4164
8,SUNDAY,14,2.3343,0.3936,0.1222,1.6370,1.0823,0.0000,0.8200,0.0842,0.1616,0.4164
8,SUNDAY,15,2.4019,0.3962,0.1119,1.7225,1.0654,0.0560,0.8383,0.0830,0.1653,0.4164
8,SUNDAY,16,2.3538,0.3940,0.0987,2.1037,1.0579,0.1011,0.8310,0.0799,0.1629,0.4164
8,SUNDAY,17,2.2960,0.3974,0.0850,2.1525,1.0344,0.1935,0.8087,0.0730,0.1545,0.4143
8,SUNDAY,18,1.9349,0.3772,0.0705,1.8772,1.0192,0.1985,0.7761,0.0630,0.1413,0.3932
8,SUNDAY,19,1.4419,0.3370,0.0580,1.5274,1.0013,0.5430,0.7097,0.0491,0.1236,0.3209
8,SUNDAY,20,1.0548,0.3002,0.0498,0.9593,0.9738,0.5430,0.4982,0.0334,0.1023,0.2053
8,SUNDAY,21,0.6579,0.2312,0.0483,0.4638,0.9572,0.5031,0.3344,0.0200,0.0830,0.1008
8,SUNDAY,22,0.3741,0.1956,0.0491,0.1985,0.9323,0.4979,0.2387,0.0125,0.0709,0.0487
8,SUNDAY,23,0.2816,0.2125,0.0501,0.0802,0.9202,0.4979,0.1795,0.0102,0.0671,0.0357
8,HOLIDAY,0,0.0000,0.0000,0.0000,0.0000,0.0000,0.0000,0.0000,0.0000,0.0000,0.0000
8,HOLIDAY,1,0.0000,0.0000,0.0000,0.0000,0.0000,0.0000,0.0000,0.0000,0.0000,0.0000
8,HOLIDAY,2,0.0000,0.0000,0.0000,0.0000,0.0000,0.0000,0.0000,0.0000,0.0000,0.0000
8,HOLIDAY,3,0.0000,0.0000,0.0000,0.0000,0.0000,0.0000,0.0000,0.0000,0.0000,0.0000
8,HOLIDAY,4,0.0000,0.0000,0.0000,0.0000,0.0000,0.0000,0.0000,0.0000,0.0000,0.0000
8,HOLIDAY,5,0.0000,0.0000,0.0000,0.0000,0.0000,0.0000,0.0000,0.0000,0.0000,0.0000
8,HOLIDAY,6,0.0000,0.0000,0.0000,0.0000,0.0000,0.0000,0.0000,0.0000,0.0000,0.0000
8,HOLIDAY,7,0.0000,0.0000,0.0000,0.0000,0.0000,0.0000,0.0000,0.0000,0.0000,0.0000
8,HOLIDAY,8,0.0000,0.0000,0.0000,0.0000,0.0000,0.0000,0.0000,0.0000,0.0000,0.0000
8,HOLIDAY,9,0.0000,0.0000,0.0000,0.0000,0.0000,0.0000,0.0000,0.0000,0.0000,0.0000
8,HOLIDAY,10,0.0000,0.0000,0.0000,0.0000,0.0000,0.0000,0.0000,0.0000,0.0000,0.0000
8,HOLIDAY,11,0.0000,0.0000,0.0000,0.0000,0.0000,0.0000,0.0000,0.0000,0.0000,0.0000
8,HOLIDAY,12,0.0000,0.0000,0.0000,0.0000,0.0000,0.0000,0.0000,0.0000,0.0000,0.0000
8,HOLIDAY,13,0.0000,0.0000,0.0000,0.0000,0.0000,0.0000,0.0000,0.0000,0.0000,0.0000
8,HOLIDAY,14,0.0000,0.0000,0.0000,0.0000,0.0000,0.0000,0.0000,0.0000,0.0000,0.0000
8,HOLIDAY,15,0.0000,0.0000,0.0000,0.0000,0.0000,0.0000,0.0000,0.0000,0.0000,0.0000
8,HOLIDAY,16,0.0000,0.0000,0.0000,0.0000,0.0000,0.0000,0.0000,0.0000,0.0000,0.0000
8,HOLIDAY,17,0.0000,0.0000,0.0000,0.0000,0.0000,0.0000,0.0000,0.0000,0.0000,0.0000
8,HOLIDAY,18,0.0000,0.0000,0.0000,0.0000,0.0000,0.0000,0.0000,0.0000,0.0000,0.0000
8,HOLIDAY,19,0.0000,0.0000,0.0000,0.0000,0.0000,0.0000,0.0000,0.0000,0.0000,0.0000
8,HOLIDAY,20,0.0000,0.0000,0.0000,0.0000,0.0000,0.0000,0.0000,0.0000,0.0000,0.0000
8,HOLIDAY,21,0.0000,0.0000,0.0000,0.0000,0.0000,0.0000,0.0000,0.0000,0.0000,0.0000
8,HOLIDAY,22,0.0000,0.0000,0.0000,0.0000,0.0000,0.0000,0.0000,0.0000,0.0000,0.0000
8,HOLIDAY,23,0.0000,0.0000,0.0000,0.0000,0.0000,0.0000,0.0000,0.0000,0.0000,0.0000
9,WEEKDAY,0,0.2005,0.1956,0.0499,0.1180,0.9112,0.4979,0.1780,0.0099,0.0661,0.0345
9,WEEKDAY,1,0.0788,0.1625,0.0447,0.1353,0.9029,0.3682,0.1607,0.0094,0.0579,0.0345
9,WEEKDAY,2,0.0563,0.1542,0.0283,0.1713,0.8986,0.3682,0.1298,0.0085,0.0337,0.0345
9,WEEKDAY,3,0.0479,0.1519,0.0245,0.2261,0.8988,0.3682,0.1201,0.0086,0.0171,0.0345
9,WEEKDAY,4,0.0513,0.1575,0.0390,0.3378,0.9148,0.3682,0.1499,0.0115,0.0206,0.0345
9,WEEKDAY,5,0.2190,0.1797,0.0646,0.5521,0.9226,0.2991,0.2224,0.0186,0.0336,0.0416
9,WEEKDAY,6,0.2832,0.2137,0.0842,0.8249,0.9384,0.0560,0.3149,0.0306,0.0515,0.0870
9,WEEKDAY,7,0.5153,0.2611,0.0885,1.2218,0.9611,0.0000,0.4175,0.0457,0.0722,0.1560
9,WEEKDAY,8,0.7886,0.3525,0.0913,1.6523,1.0039,0.0000,0.5875,0.0629,0.1016,0.2446
9,WEEKDAY,9,1.2689,0.3964,0.0984,2.3069,1.0406,0.0000,0.7390,0.0765,0.1421,0.3447
9,WEEKDAY,10,1.7018,0.4188,0.1064,2.7779,1.0665,0.0000,0.9350,0.0902,0.1728,0.4006
9,WEEKDAY,11,2.0847,0.4465,0.1122,2.6490,1.0912,0.0000,0.9751,0.0916,0.1897,0.4119
9,WEEKDAY,12,2.3118,0.4564,0.1137,2.3998,1.0991,0.0000,0.9868,0.0924,0.2033,0.4126
9,WEEKDAY,13,2.3079,0.4535,0.1166,2.2361,1.1142,0.0000,0.9986,0.0923,0.2138,0.4126
9,WEEKDAY,14,2.4111,0.4522,0.1221,2.1153,1.1150,0.0000,1.0127,0.0931,0.2217,0.4126
9,WEEKDAY,15,2.4804,0.4526,0.1250,2.2523,1.0981,0.0560,1.0351,0.0931,0.2265,0.4126
9,WEEKDAY,16,2.4934,0.4548,0.1233,2.6026,1.0881,0.1011,1.0206,0.0918,0.2240,0.4126
9,WEEKDAY,17,2.3036,0.4525,0.1107,2.6104,1.0608,0.1935,1.0007,0.0851,0.2114,0.4083
9,WEEKDAY,18,1.7989,0.4230,0.0910,2.2170,1.0418,0.4183,0.9571,0.0751,0.1884,0.3718
9,WEEKDAY,19,1.3607,0.3840,0.0709,1.7982,1.0208,0.5430,0.8816,0.0608,0.1516,0.2735
9,WEEKDAY,20,1.0317,0.3534,0.0559,1.1581,0.9890,0.5430,0.6708,0.0425,0.1142,0.1548
9,WEEKDAY,21,0.6708,0.2801,0.0488,0.5840,0.9679,0.5031,0.3949,0.0220,0.0854,0.0669
9,WEEKDAY,22,0.3707,0.2331,0.0487,0.2704,0.9388,0.4979,0.2650,0.0137,0.0712,0.0377
9,WEEKDAY,23,0.2554,0.2166,0.0497,0.1213,0.9228,0.4979,0.2224,0.0105,0.0675,0.0345
9,SATURDAY,0,0.1755,0.1954,0.0499,0.1499,0.9134,0.4979,0.2042,0.0101,0.0665,0.0345
9,SATURDAY,1,0.0804,0.1671,0.0447,0.1079,0.9034,0.3682,0.1672,0.0095,0.0580,0.0345
9,SATURDAY,2,0.0534,0.1549,0.0277,0.1328,0.8976,0.3682,0.1241,0.0085,0.0337,0.0345
9,SATURDAY,3,0.0452,0.1507,0.0200,0.2014,0.8969,0.3682,0.1110,0.0082,0.0168,0.0345
9,SATURDAY,4,0.0521,0.1715,0.0273,0.3238,0.9137,0.3682,0.1473,0.0105,0.0199,0.0345
9,SATURDAY,5,0.0997,0.1777,0.0456,0.5569,0.9229,0.2991,0.2283,0.0169,0.0323,0.0416
9,SATURDAY,6,0.2691,0.2173,0.0694,0.8441,0.9390,0.0560,0.3215,0.0283,0.0501,0.0870
9,SATURDAY,7,0.5029,0.2626,0.0871,1.2497,0.9623,0.0000,0.4234,0.0448,0.0723,0.1560
9,SATURDAY,8,0.8153,0.3715,0.0910,1.6855,1.0065,0.0000,0.6016,0.0631,0.1029,0.2446
9,SATURDAY,9,1.1780,0.4008,0.0974,2.3476,1.0445,0.0000,0.7468,0.0767,0.1438,0.3447
9,SATURDAY,10,1.5616,0.4140,0.1064,2.8031,1.0717,0.0000,0.9549,0.0905,0.1748,0.4006
9,SATURDAY,11,1.8787,0.4327,0.1124,2.7175,1.0965,0.0000,0.9966,0.0918,0.1918,0.4119
9,SATURDAY,12,2.0951,0.4464,0.1137,2.4269,1.1034,0.0000,0.9985,0.0924,0.2048,0.4126
9,SATURDAY,13,2.1281,0.4458,0.1190,2.2482,1.1178,0.0000,1.0032,0.0921,0.2148,0.4126
9,SATURDAY,14,2.1487,0.4384,0.1212,2.0573,1.1167,0.0000,1.0068,0.0924,0.2221,0.4126
9,SATURDAY,15,2.1974,0.4388,0.1109,2.1822,1.0991,0.0560,1.0193,0.0913,0.2257,0.4126
9,SATURDAY,16,2.1593,0.4350,0.0976,2.5868,1.0896,0.1011,1.0090,0.0891,0.2226,0.4126
9,SATURDAY,17,1.9814,0.4346,0.0840,2.6510,1.0625,0.1935,0.9959,0.0822,0.2101,0.4083
9,SATURDAY,18,1.6829,0.4219,0.0696,2.3233,1.0442,0.4183,0.9612,0.0729,0.1876,0.3718
9,SATURDAY,19,1.2887,0.3892,0.0573,1.8809,1.0236,0.5430,0.8997,0.0609,0.1517,0.2735
9,SATURDAY,20,0.9837,0.3605,0.0493,1.2380,0.9928,0.5430,0.7125,0.0461,0.1157,0.1548
9,SATURDAY,21,0.6518,0.2846,0.0479,0.6952,0.9719,0.5031,0.4672,0.0276,0.0878,0.0669
9,SATURDAY,22,0.3863,0.2476,0.0487,0.3728,0.9424,0.4979,0.3356,0.0175,0.0728,0.0377
9,SATURDAY,23,0.1975,0.1584,0.0496,0.1741,0.9262,0.4979,0.1797,0.0115,0.0682,0.0345
9,SUNDAY,0,0.1622,0.1395,0.0499,0.0683,0.9086,0.4979,0.1568,0.0097,0.0658,0.0345
9,SUNDAY,1,0.0592,0.1090,0.0447,0.0873,0.9012,0.3682,0.1498,0.0094,0.0578,0.0345
9,SUNDAY,2,0.0454,0.1051,0.0277,0.1292,0.8968,0.3682,0.1196,0.0084,0.0336,0.0345
9,SUNDAY,3,0.0392,0.1000,0.0200,0.1813,0.8961,0.3682,0.1031,0.0081,0.0160,0.0345
9,SUNDAY,4,0.0393,0.1056,0.0273,0.2652,0.9111,0.3682,0.1271,0.0100,0.0181,0.0345
9,SUNDAY,5,0.0518,0.1017,0.0456,0.4131,0.9170,0.2991,0.1920,0.0156,0.0293,0.0399
9,SUNDAY,6,0.2305,0.1560,0.0694,0.5949,0.9294,0.0560,0.2677,0.0270,0.0441,0.0747
9,SUNDAY,7,0.4866,0.2105,0.0871,0.9719,0.9466,0.0000,0.3585,0.0439,0.0602,0.1296
9,SUNDAY,8,0.7508,0.2976,0.0910,1.2989,0.9829,0.0000,0.5158,0.0615,0.0765,0.2083
9,SUNDAY,9,1.1438,0.3286,0.0974,1.8993,1.0124,0.0000,0.6246,0.0750,0.0944,0.3048
9,SUNDAY,10,1.5348,0.3462,0.1064,2.3495,1.0365,0.0000,0.7426,0.0810,0.1108,0.3605
9,SUNDAY,11,1.9008,0.3679,0.1124,2.2806,1.0603,0.0000,0.8008,0.0826,0.1238,0.3721
9,SUNDAY,12,2.1458,0.3842,0.1137,2.0757,1.0676,0.0000,0.8059,0.0834,0.1370,0.3728
9,SUNDAY,13,2.1661,0.3874,0.1190,1.9069,1.0812,0.0000,0.8125,0.0839,0.1474,0.3728
9,SUNDAY,14,2.2583,0.3888,0.1212,1.6227,1.0802,0.0000,0.8172,0.0842,0.1549,0.3728
9,SUNDAY,15,2.2874,0.3883,0.1109,1.7083,1.0630,0.0560,0.8355,0.0830,0.1586,0.3728
9,SUNDAY,16,2.2054,0.3821,0.0976,2.0894,1.0546,0.1011,0.8280,0.0799,0.1561,0.3728
9,SUNDAY,17,2.0380,0.3796,0.0840,2.1383,1.0298,0.1935,0.8048,0.0729,0.1467,0.3690
9,SUNDAY,18,1.7021,0.3627,0.0696,1.8629,1.0142,0.4183,0.7690,0.0627,0.1325,0.3361
9,SUNDAY,19,1.2688,0.3254,0.0573,1.5131,0.9974,0.5430,0.6933,0.0486,0.1129,0.2478
9,SUNDAY,20,0.9366,0.2924,0.0493,0.9593,0.9706,0.5430,0.4820,0.0328,0.0937,0.1412
9,SUNDAY,21,0.5911,0.2235,0.0479,0.4638,0.9543,0.5031,0.3225,0.0196,0.0785,0.0642
9,SUNDAY,22,0.3327,0.1772,0.0487,0.1985,0.9297,0.4979,0.2330,0.0124,0.0697,0.0387
9,SUNDAY,23,0.2436,0.2109,0.0496,0.0802,0.9179,0.4979,0.1756,0.0102,0.0670,0.0348
9,HOLIDAY,0,0.4174,0.2366,0.0499,0.0854,0.9100,0.4979,0.1555,0.0097,0.0658,0.0345
9,HOLIDAY,1,0.1964,0.2146,0.0447,0.1271,0.9024,0.3682,0.1504,0.0094,0.0578,0.0345
9,HOLIDAY,2,0.1210,0.1700,0.0283,0.1713,0.8985,0.3682,0.1258,0.0085,0.0337,0.0345
9,HOLIDAY,3,0.0838,0.1570,0.0245,0.2256,0.8988,0.3682,0.1167,0.0086,0.0170,0.0345
9,HOLIDAY,4,0.0930,0.1749,0.0390,0.3335,0.9148,0.3682,0.1456,0.0115,0.0205,0.0345
9,HOLIDAY,5,0.2630,0.1820,0.0646,0.5370,0.9225,0.2991,0.2163,0.0186,0.0332,0.0416
9,HOLIDAY,6,0.3973,0.2357,0.0842,0.7855,0.9378,0.0560,0.3067,0.0306,0.0497,0.0870
9,HOLIDAY,7,0.7192,0.2988,0.0885,1.1496,0.9582,0.0000,0.4018,0.0456,0.0683,0.1560
9,HOLIDAY,8,1.0803,0.3385,0.0913,1.5353,0.9955,0.0000,0.5355,0.0623,0.0954,0.2446
9,HOLIDAY,9,1.6525,0.3746,0.0984,2.0783,1.0243,0.0000,0.6804,0.0754,0.1340,0.3447
9,HOLIDAY,10,2.1991,0.4070,0.1064,2.3593,1.0421,0.0000,0.8209,0.0884,0.1629,0.4006
9,HOLIDAY,11,2.7102,0.4440,0.1122,2.1823,1.0630,0.0000,0.8482,0.0895,0.1792,0.4119
9,HOLIDAY,12,3.0364,0.4584,0.1137,1.9784,1.0704,0.0000,0.8798,0.0903,0.1929,0.4126
9,HOLIDAY,13,3.0526,0.4622,0.1166,1.8613,1.0878,0.0000,0.8915,0.0904,0.2037,0.4126
9,HOLIDAY,14,3.2097,0.4635,0.1221,1.9463,1.0946,0.0000,0.9067,0.0917,0.2127,0.4126
9,HOLIDAY,15,3.2413,0.4625,0.1250,2.0946,1.0810,0.0560,0.9448,0.0920,0.2180,0.4126
9,HOLIDAY,16,3.2468,0.4627,0.1233,2.3185,1.0728,0.1011,0.9398,0.0910,0.2160,0.4126
9,HOLIDAY,17,3.0741,0.4612,0.1107,2.3839,1.0474,0.1935,0.9286,0.0845,0.2042,0.4083
9,HOLIDAY,18,2.6202,0.4314,0.0910,2.0218,1.0302,0.4183,0.8925,0.0746,0.1825,0.3718
9,HOLIDAY,19,1.9116,0.3900,0.0709,1.5873,1.0112,0.5430,0.8202,0.0600,0.1477,0.2735
9,HOLIDAY,20,1.5063,0.3508,0.0559,1.0249,0.9813,0.5430,0.6414,0.0412,0.1118,0.1548
9,HOLIDAY,21,1.1508,0.3066,0.0488,0.5508,0.9620,0.5031,0.3611,0.0204,0.0841,0.0669
9,HOLIDAY,22,0.7159,0.2554,0.0487,0.2182,0.9347,0.4979,0.2269,0.0126,0.0705,0.0377
9,HOLIDAY,23,0.5207,0.2460,0.0496,0.0854,0.9207,0.4979,0.1796,0.0102,0.0670,0.0345
10,WEEKDAY,0,0.0718,0.1641,0.0520,0.1176,0.9056,0.4979,0.1820,0.0099,0.0663,0.0345
10,WEEKDAY,1,0.0301,0.1444,0.0475,0.1305,0.8968,0.3907,0.1628,0.0095,0.0593,0.0345
10,WEEKDAY,2,0.0212,0.1306,0.0323,0.1645,0.8919,0.3682,0.1348,0.0087,0.0379,0.0345
10,WEEKDAY,3,0.0205,0.1358,0.0257,0.2166,0.8915,0.3682,0.1218,0.0086,0.0199,0.0345
10,WEEKDAY,4,0.0239,0.1368,0.0370,0.3183,0.9048,0.3682,0.1448,0.0110,0.0200,0.0345
10,WEEKDAY,5,0.1303,0.1475,0.0609,0.5148,0.9139,0.3111,0.2099,0.0173,0.0314,0.0404
10,WEEKDAY,6,0.1776,0.1789,0.0819,0.7775,0.9261,0.2798,0.2989,0.0285,0.0484,0.0791
10,WEEKDAY,7,0.2916,0.2232,0.0890,1.1534,0.9475,0.0480,0.4000,0.0431,0.0688,0.1440
10,WEEKDAY,8,0.4609,0.2997,0.0921,1.5792,0.9866,0.0000,0.5593,0.0599,0.0967,0.2292
10,WEEKDAY,9,0.7702,0.3514,0.0987,2.1986,1.0246,0.0000,0.7135,0.0742,0.1353,0.3273
10,WEEKDAY,10,1.1047,0.3917,0.1069,2.7083,1.0533,0.0000,0.9041,0.0879,0.1677,0.3909
10,WEEKDAY,11,1.3976,0.4127,0.1133,2.6838,1.0781,0.0000,0.9713,0.0914,0.1870,0.4099
10,WEEKDAY,12,1.5729,0.4234,0.1158,2.4535,1.0881,0.0000,0.9869,0.0923,0.2012,0.4124
10,WEEKDAY,13,1.5858,0.4203,0.1187,2.2742,1.1019,0.0000,0.9987,0.0924,0.2122,0.4126
10,WEEKDAY,14,1.6556,0.4169,0.1239,2.1375,1.1053,0.0000,1.0124,0.0930,0.2206,0.4126
10,WEEKDAY,15,1.6959,0.4141,0.1274,2.2309,1.0918,0.0462,1.0329,0.0931,0.2259,0.4126
10,WEEKDAY,16,1.6283,0.4110,0.1266,2.5512,1.0799,0.0932,1.0250,0.0921,0.2246,0.4126
10,WEEKDAY,17,1.4564,0.4076,0.1158,2.6153,1.0552,0.1774,1.0060,0.0863,0.2138,0.4090
10,WEEKDAY,18,1.1512,0.3921,0.0970,2.2898,1.0355,0.3792,0.9665,0.0768,0.1926,0.3782
10,WEEKDAY,19,0.8667,0.3615,0.0767,1.8760,1.0156,0.5213,0.8967,0.0633,0.1581,0.2906
10,WEEKDAY,20,0.6224,0.3367,0.0606,1.2710,0.9865,0.5430,0.7078,0.0457,0.1207,0.1755
10,WEEKDAY,21,0.3627,0.2590,0.0521,0.6816,0.9642,0.5100,0.4424,0.0254,0.0904,0.0822
10,WEEKDAY,22,0.1779,0.2084,0.0508,0.3224,0.9362,0.4988,0.2861,0.0149,0.0736,0.0428
10,WEEKDAY,23,0.1014,0.1874,0.0516,0.1444,0.9183,0.4979,0.2286,0.0109,0.0681,0.0351
10,SATURDAY,0,0.0772,0.1745,0.0520,0.1499,0.9058,0.4979,0.2042,0.0101,0.0665,0.0345
10,SATURDAY,1,0.0356,0.1376,0.0466,0.1079,0.8960,0.3682,0.1672,0.0095,0.0580,0.0345
10,SATURDAY,2,0.0212,0.1474,0.0287,0.1328,0.8902,0.3682,0.1241,0.0085,0.0337,0.0345
10,SATURDAY,3,0.0204,0.1265,0.0205,0.2014,0.8896,0.3682,0.1110,0.0082,0.0168,0.0345
10,SATURDAY,4,0.0255,0.1526,0.0278,0.3238,0.9065,0.3682,0.1473,0.0105,0.0199,0.0345
10,SATURDAY,5,0.0550,0.1532,0.0463,0.5569,0.9156,0.2991,0.2283,0.0169,0.0323,0.0416
10,SATURDAY,6,0.1559,0.1719,0.0704,0.8441,0.9290,0.2758,0.3215,0.0283,0.0501,0.0870
10,SATURDAY,7,0.2654,0.2326,0.0883,1.2497,0.9526,0.0000,0.4234,0.0448,0.0723,0.1560
10,SATURDAY,8,0.5191,0.3261,0.0924,1.6855,0.9963,0.0000,0.6016,0.0631,0.1029,0.2446
10,SATURDAY,9,0.8361,0.3700,0.0989,2.3476,1.0344,0.0000,0.7468,0.0767,0.1438,0.3447
10,SATURDAY,10,1.1696,0.4005,0.1083,2.8031,1.0624,0.0000,0.9549,0.0905,0.1748,0.4006
10,SATURDAY,11,1.4222,0.4129,0.1146,2.7175,1.0867,0.0000,0.9966,0.0918,0.1918,0.4119
10,SATURDAY,12,1.6631,0.4253,0.1161,2.4269,1.0928,0.0000,0.9985,0.0924,0.2048,0.4126
10,SATURDAY,13,1.6934,0.4256,0.1217,2.2482,1.1075,0.0000,1.0032,0.0921,0.2148,0.4126
10,SATURDAY,14,1.7584,0.4193,0.1240,2.0573,1.1067,0.0000,1.0068,0.0924,0.2221,0.4126
10,SATURDAY,15,1.8246,0.4198,0.1137,2.1822,1.0895,0.0560,1.0193,0.0913,0.2257,0.4126
10,SATURDAY,16,1.7309,0.4142,0.1004,2.5868,1.0791,0.1011,1.0090,0.0891,0.2226,0.4126
10,SATURDAY,17,1.5534,0.4133,0.0866,2.6510,1.0518,0.1935,0.9959,0.0822,0.2101,0.4083
10,SATURDAY,18,1.2831,0.4027,0.0721,2.3233,1.0345,0.4183,0.9612,0.0729,0.1876,0.3718
10,SATURDAY,19,0.9895,0.3729,0.0595,1.8809,1.0147,0.5430,0.8997,0.0609,0.1517,0.2735
10,SATURDAY,20,0.7311,0.3492,0.0513,1.2380,0.9847,0.5430,0.7125,0.0461,0.1157,0.1548
10,SATURDAY,21,0.4387,0.2582,0.0499,0.6952,0.9646,0.5031,0.4672,0.0276,0.0878,0.0669
10,SATURDAY,22,0.2418,0.2310,0.0508,0.3728,0.9347,0.4979,0.3356,0.0175,0.0728,0.0377
10,SATURDAY,23,0.1064,0.1362,0.0517,0.1741,0.9188,0.4979,0.1797,0.0115,0.0682,0.0345
10,SUNDAY,0,0.0695,0.1203,0.0519,0.0713,0.9032,0.4979,0.1620,0.0098,0.0661,0.0345
10,SUNDAY,1,0.0316,0.0920,0.0479,0.0826,0.8956,0.4006,0.1508,0.0095,0.0598,0.0345
10,SUNDAY,2,0.0226,0.0899,0.0332,0.1187,0.8905,0.3682,0.1265,0.0087,0.0396,0.0345
10,SUNDAY,3,0.0188,0.0913,0.0226,0.1683,0.8890,0.3682,0.1065,0.0082,0.0204,0.0345
10,SUNDAY,4,0.0191,0.0799,0.0260,0.2442,0.9002,0.3682,0.1204,0.0095,0.0176,0.0345
10,SUNDAY,5,0.0278,0.0842,0.0416,0.3761,0.9082,0.3164,0.1751,0.0142,0.0265,0.0386
10,SUNDAY,6,0.1138,0.1143,0.0644,0.5494,0.9169,0.2816,0.2481,0.0242,0.0404,0.0661
10,SUNDAY,7,0.2654,0.1821,0.0838,0.8776,0.9325,0.0689,0.3353,0.0397,0.0562,0.1158
10,SUNDAY,8,0.4790,0.2512,0.0913,1.2172,0.9638,0.0000,0.4759,0.0571,0.0720,0.1865
10,SUNDAY,9,0.7612,0.3025,0.0973,1.7492,0.9949,0.0000,0.5967,0.0716,0.0890,0.2745
10,SUNDAY,10,1.1148,0.3294,0.1060,2.2316,1.0209,0.0000,0.7124,0.0795,0.1052,0.3371
10,SUNDAY,11,1.4147,0.3442,0.1130,2.2907,1.0447,0.0000,0.7856,0.0822,0.1189,0.3585
10,SUNDAY,12,1.6705,0.3594,0.1157,2.1224,1.0554,0.0000,0.8039,0.0832,0.1320,0.3617
10,SUNDAY,13,1.7136,0.3641,0.1203,1.9455,1.0674,0.0000,0.8101,0.0838,0.1431,0.3619
10,SUNDAY,14,1.8064,0.3644,0.1234,1.6902,1.0704,0.0000,0.8153,0.0841,0.1514,0.3619
10,SUNDAY,15,1.8555,0.3634,0.1163,1.6833,1.0576,0.0420,0.8302,0.0833,0.1560,0.3619
10,SUNDAY,16,1.7505,0.3560,0.1037,1.9906,1.0463,0.0898,0.8291,0.0807,0.1550,0.3619
10,SUNDAY,17,1.5875,0.3519,0.0901,2.1225,1.0251,0.1704,0.8097,0.0746,0.1472,0.3587
10,SUNDAY,18,1.3287,0.3424,0.0757,1.9282,1.0079,0.3621,0.7763,0.0652,0.1339,0.3308
10,SUNDAY,19,1.0003,0.3129,0.0626,1.5970,0.9921,0.5118,0.7087,0.0520,0.1153,0.2526
10,SUNDAY,20,0.7245,0.2826,0.0533,1.0968,0.9685,0.5430,0.5308,0.0366,0.0963,0.1512
10,SUNDAY,21,0.4320,0.2181,0.0502,0.5877,0.9506,0.5131,0.3591,0.0228,0.0809,0.0726
10,SUNDAY,22,0.2250,0.1623,0.0505,0.2648,0.9280,0.4992,0.2536,0.0142,0.0714,0.0409
10,SUNDAY,23,0.1437,0.1828,0.0515,0.1097,0.9131,0.4979,0.1896,0.0107,0.0676,0.0349
10,HOLIDAY,0,0.0000,0.0000,0.0000,0.0000,0.0000,0.0000,0.0000,0.0000,0.0000,0.0000
10,HOLIDAY,1,0.0000,0.0000,0.0000,0.0000,0.0000,0.0000,0.0000,0.0000,0.0000,0.0000
10,HOLIDAY,2,0.0000,0.0000,0.0000,0.0000,0.0000,0.0000,0.0000,0.0000,0.0000,0.0000
10,HOLIDAY,3,0.0000,0.0000,0.0000,0.0000,0.0000,0.0000,0.0000,0.0000,0.0000,0.0000
10,HOLIDAY,4,0.0000,0.0000,0.0000,0.0000,0.0000,0.0000,0.0000,0.0000,0.0000,0.0000
10,HOLIDAY,5,0.0000,0.0000,0.0000,0.0000,0.0000,0.0000,0.0000,0.0000,0.0000,0.0000
10,HOLIDAY,6,0.0000,0.0000,0.0000,0.0000,0.0000,0.0000,0.0000,0.0000,0.0000,0.0000
10,HOLIDAY,7,0.0000,0.0000,0.0000,0.0000,0.0000,0.0000,0.0000,0.0000,0.0000,0.0000
10,HOLIDAY,8,0.0000,0.0000,0.0000,0.0000,0.0000,0.0000,0.0000,0.0000,0.0000,0.0000
10,HOLIDAY,9,0.0000,0.0000,0.0000,0.0000,0.0000,0.0000,0.0000,0.0000,0.0000,0.0000
10,HOLIDAY,10,0.0000,0.0000,0.0000,0.0000,0.0000,0.0000,0.0000,0.0000,0.0000,0.0000
10,HOLIDAY,11,0.0000,0.0000,0.0000,0.0000,0.0000,0.0000,0.0000,0.0000,0.0000,0.0000
10,HOLIDAY,12,0.0000,0.0000,0.0000,0.0000,0.0000,0.0000,0.0000,0.0000,0.0000,0.0000
10,HOLIDAY,13,0.0000,0.0000,0.0000,0.0000,0.0000,0.0000,0.0000,0.0000,0.0000,0.0000
10,HOLIDAY,14,0.0000,0.0000,0.0000,0.0000,0.0000,0.0000,0.0000,0.0000,0.0000,0.0000
10,HOLIDAY,15,0.0000,0.0000,0.0000,0.0000,0.0000,0.0000,0.0000,0.0000,0.0000,0.0000
10,HOLIDAY,16,0.0000,0.0000,0.0000,0.0000,0.0000,0.0000,0.0000,0.0000,0.0000,0.0000
10,HOLIDAY,17,0.0000,0.0000,0.0000,0.0000,0.0000,0.0000,0.0000,0.0000,0.0000,0.0000
10,HOLIDAY,18,0.0000,0.0000,0.0000,0.0000,0.0000,0.0000,0.0000,0.0000,0.0000,0.0000
10,HOLIDAY,19,0.0000,0.0000,0.0000,0.0000,0.0000,0.0000,0.0000,0.0000,0.0000,0.0000
10,HOLIDAY,20,0.0000,0.0000,0.0000,0.0000,0.0000,0.0000,0.0000,0.0000,0.0000,0.0000
10,HOLIDAY,21,0.0000,0.0000,0.0000,0.0000,0.0000,0.0000,0.0000,0.0000,0.0000,0.0000
10,HOLIDAY,22,0.0000,0.0000,0.0000,0.0000,0.0000,0.0000,0.0000,0.0000,0.0000,0.0000
10,HOLIDAY,23,0.0000,0.0000,0.0000,0.0000,0.0000,0.0000,0.0000,0.0000,0.0000,0.0000
11,WEEKDAY,0,0.0204,0.1466,0.0561,0.1234,0.9038,0.4979,0.2092,0.0106,0.0675,0.0345
11,WEEKDAY,1,0.0121,0.1202,0.0564,0.1197,0.8917,0.4979,0.1792,0.0099,0.0661,0.0345
11,WEEKDAY,2,0.0064,0.1205,0.0504,0.1357,0.8838,0.3682,0.1612,0.0094,0.0579,0.0345
11,WEEKDAY,3,0.0049,0.1206,0.0314,0.1713,0.8799,0.3682,0.1300,0.0085,0.0337,0.0345
11,WEEKDAY,4,0.0053,0.1192,0.0264,0.2261,0.8806,0.3682,0.1202,0.0086,0.0171,0.0345
11,WEEKDAY,5,0.0100,0.1317,0.0414,0.3375,0.8966,0.3682,0.1499,0.0115,0.0206,0.0345
11,WEEKDAY,6,0.0856,0.1474,0.0684,0.5511,0.9044,0.2991,0.2220,0.0186,0.0336,0.0416
11,WEEKDAY,7,0.1549,0.1737,0.0892,0.8225,0.9155,0.0560,0.3143,0.0306,0.0515,0.0870
11,WEEKDAY,8,0.2298,0.2141,0.0939,1.2189,0.9348,0.0000,0.4166,0.0457,0.0723,0.1560
11,WEEKDAY,9,0.3588,0.2808,0.0969,1.6502,0.9749,0.0000,0.5876,0.0628,0.1018,0.2446
11,WEEKDAY,10,0.5793,0.3201,0.1048,2.3093,1.0117,0.0000,0.7386,0.0765,0.1424,0.3447
11,WEEKDAY,11,0.8370,0.3735,0.1138,2.7895,1.0390,0.0000,0.9374,0.0902,0.1731,0.4006
11,WEEKDAY,12,1.0418,0.3893,0.1204,2.6628,1.0625,0.0000,0.9782,0.0916,0.1901,0.4119
11,WEEKDAY,13,1.1147,0.3946,0.1225,2.4119,1.0693,0.0000,0.9891,0.0924,0.2037,0.4126
11,WEEKDAY,14,1.0474,0.3861,0.1260,2.2460,1.0839,0.0000,1.0009,0.0923,0.2141,0.4126
11,WEEKDAY,15,1.0360,0.3799,0.1320,2.1137,1.0851,0.0000,1.0147,0.0931,0.2221,0.4126
11,WEEKDAY,16,0.9051,0.3693,0.1353,2.2509,1.0700,0.0560,1.0365,0.0931,0.2268,0.4126
11,WEEKDAY,17,0.8172,0.3671,0.1336,2.6115,1.0590,0.3209,1.0225,0.0918,0.2243,0.4126
11,WEEKDAY,18,0.7363,0.3690,0.1204,2.6217,1.0353,0.4133,1.0031,0.0852,0.2118,0.4083
11,WEEKDAY,19,0.5914,0.3612,0.0995,2.2296,1.0175,0.4183,0.9599,0.0751,0.1887,0.3718
11,WEEKDAY,20,0.4531,0.3307,0.0783,1.8122,0.9979,0.5430,0.8852,0.0610,0.1519,0.2735
11,WEEKDAY,21,0.2924,0.3142,0.0624,1.1687,0.9681,0.5430,0.6741,0.0429,0.1144,0.1548
11,WEEKDAY,22,0.1304,0.2122,0.0550,0.5912,0.9487,0.5031,0.3994,0.0224,0.0856,0.0669
11,WEEKDAY,23,0.0525,0.1825,0.0550,0.2753,0.9192,0.4979,0.2690,0.0140,0.0713,0.0377
11,SATURDAY,0,0.0215,0.1564,0.0561,0.1741,0.9067,0.4979,0.2522,0.0115,0.0682,0.0345
11,SATURDAY,1,0.0113,0.1215,0.0564,0.1499,0.8937,0.4979,0.2042,0.0101,0.0665,0.0345
11,SATURDAY,2,0.0028,0.1154,0.0504,0.1079,0.8843,0.3682,0.1672,0.0095,0.0580,0.0345
11,SATURDAY,3,0.0039,0.1221,0.0309,0.1328,0.8790,0.3682,0.1241,0.0085,0.0337,0.0345
11,SATURDAY,4,0.0022,0.1198,0.0217,0.2014,0.8786,0.3682,0.1110,0.0082,0.0168,0.0345
11,SATURDAY,5,0.0060,0.1366,0.0292,0.3238,0.8954,0.3682,0.1473,0.0105,0.0199,0.0345
11,SATURDAY,6,0.0253,0.1438,0.0485,0.5569,0.9047,0.2991,0.2283,0.0169,0.0323,0.0416
11,SATURDAY,7,0.0878,0.1734,0.0737,0.8441,0.9162,0.0560,0.3215,0.0283,0.0501,0.0870
11,SATURDAY,8,0.2139,0.2141,0.0924,1.2497,0.9360,0.0000,0.4234,0.0448,0.0723,0.1560
11,SATURDAY,9,0.3242,0.2883,0.0967,1.6855,0.9773,0.0000,0.6016,0.0631,0.1029,0.2446
11,SATURDAY,10,0.4994,0.3181,0.1037,2.3476,1.0151,0.0000,0.7468,0.0767,0.1438,0.3447
11,SATURDAY,11,0.6949,0.3757,0.1138,2.8031,1.0433,0.0000,0.9549,0.0905,0.1748,0.4006
11,SATURDAY,12,0.8240,0.3833,0.1207,2.7175,1.0667,0.0000,0.9966,0.0918,0.1918,0.4119
11,SATURDAY,13,0.8823,0.3841,0.1225,2.4269,1.0725,0.0000,0.9985,0.0924,0.2048,0.4126
11,SATURDAY,14,0.8150,0.3772,0.1285,2.2482,1.0864,0.0000,1.0032,0.0921,0.2148,0.4126
11,SATURDAY,15,0.7693,0.3704,0.1311,2.0573,1.0861,0.0000,1.0068,0.0924,0.2221,0.4126
11,SATURDAY,16,0.6399,0.3610,0.1205,2.1822,1.0704,0.0560,1.0193,0.0913,0.2257,0.4126
11,SATURDAY,17,0.5556,0.3583,0.1067,2.5868,1.0599,0.3209,1.0090,0.0891,0.2226,0.4126
11,SATURDAY,18,0.5265,0.3615,0.0924,2.6510,1.0365,0.4133,0.9959,0.0822,0.2101,0.4083
11,SATURDAY,19,0.4635,0.3589,0.0772,2.3233,1.0193,0.4183,0.9612,0.0729,0.1876,0.3718
11,SATURDAY,20,0.3782,0.3344,0.0640,1.8809,1.0002,0.5430,0.8997,0.0609,0.1517,0.2735
11,SATURDAY,21,0.2496,0.3217,0.0555,1.2380,0.9713,0.5430,0.7125,0.0461,0.1157,0.1548
11,SATURDAY,22,0.1151,0.2186,0.0540,0.6952,0.9522,0.5031,0.4672,0.0276,0.0878,0.0669
11,SATURDAY,23,0.0520,0.2005,0.0550,0.3728,0.9225,0.4979,0.3356,0.0175,0.0728,0.0377
11,SUNDAY,0,0.0100,0.0947,0.0561,0.0802,0.8981,0.4979,0.1797,0.0102,0.0670,0.0345
11,SUNDAY,1,0.0044,0.0669,0.0564,0.0683,0.8888,0.4979,0.1561,0.0097,0.0658,0.0345
11,SUNDAY,2,0.0043,0.0704,0.0504,0.0873,0.8821,0.3682,0.1491,0.0094,0.0578,0.0345
11,SUNDAY,3,0.0025,0.0680,0.0309,0.1292,0.8782,0.3682,0.1189,0.0084,0.0336,0.0345
11,SUNDAY,4,0.0023,0.0771,0.0217,0.1813,0.8779,0.3682,0.1024,0.0081,0.0160,0.0345
11,SUNDAY,5,0.0020,0.0788,0.0292,0.2652,0.8929,0.3682,0.1263,0.0100,0.0181,0.0345
11,SUNDAY,6,0.0067,0.0815,0.0485,0.4131,0.8988,0.2991,0.1913,0.0156,0.0293,0.0399
11,SUNDAY,7,0.0821,0.1180,0.0737,0.5949,0.9065,0.0560,0.2671,0.0270,0.0442,0.0748
11,SUNDAY,8,0.2081,0.1661,0.0924,0.9719,0.9203,0.0000,0.3580,0.0439,0.0602,0.1295
11,SUNDAY,9,0.3394,0.2241,0.0967,1.2989,0.9537,0.0000,0.5151,0.0615,0.0760,0.2054
11,SUNDAY,10,0.5138,0.2584,0.1037,1.8993,0.9830,0.0000,0.6239,0.0750,0.0933,0.2975
11,SUNDAY,11,0.7035,0.3116,0.1138,2.3423,1.0081,0.0000,0.7419,0.0810,0.1092,0.3503
11,SUNDAY,12,0.8373,0.3185,0.1207,2.2734,1.0305,0.0000,0.8001,0.0826,0.1221,0.3612
11,SUNDAY,13,0.9024,0.3218,0.1225,2.0721,1.0367,0.0000,0.8052,0.0834,0.1354,0.3619
11,SUNDAY,14,0.8670,0.3170,0.1285,1.9033,1.0498,0.0000,0.8118,0.0839,0.1457,0.3619
11,SUNDAY,15,0.8461,0.3109,0.1311,1.6191,1.0496,0.0000,0.8165,0.0842,0.1533,0.3619
11,SUNDAY,16,0.7165,0.3009,0.1205,1.7047,1.0343,0.0560,0.8348,0.0830,0.1569,0.3619
11,SUNDAY,17,0.6217,0.2968,0.1067,2.0858,1.0248,0.3209,0.8273,0.0799,0.1543,0.3619
11,SUNDAY,18,0.5825,0.2999,0.0924,2.1347,1.0035,0.4133,0.8038,0.0729,0.1448,0.3576
11,SUNDAY,19,0.4844,0.2946,0.0772,1.8594,0.9890,0.4183,0.7672,0.0627,0.1303,0.3219
11,SUNDAY,20,0.3827,0.2652,0.0640,1.5095,0.9736,0.5430,0.6892,0.0484,0.1103,0.2295
11,SUNDAY,21,0.2341,0.2481,0.0555,0.9593,0.9487,0.5430,0.4780,0.0327,0.0916,0.1251
11,SUNDAY,22,0.0879,0.1512,0.0540,0.4638,0.9344,0.5031,0.3195,0.0195,0.0774,0.0550
11,SUNDAY,23,0.0315,0.1206,0.0550,0.1985,0.9096,0.4979,0.2316,0.0124,0.0694,0.0362
11,HOLIDAY,0,0.0081,0.1260,0.0561,0.0752,0.8964,0.4979,0.1709,0.0101,0.0670,0.0345
11,HOLIDAY,1,0.0034,0.1193,0.0564,0.0727,0.8880,0.4979,0.1496,0.0097,0.0658,0.0345
11,HOLIDAY,2,0.0032,0.1155,0.0504,0.0923,0.8820,0.3682,0.1424,0.0094,0.0578,0.0345
11,HOLIDAY,3,0.0022,0.1265,0.0311,0.1124,0.8784,0.3682,0.1114,0.0085,0.0336,0.0345
11,HOLIDAY,4,0.0019,0.1154,0.0241,0.1426,0.8779,0.3682,0.0912,0.0083,0.0164,0.0345
11,HOLIDAY,5,0.0036,0.1357,0.0352,0.2141,0.8920,0.3682,0.1068,0.0103,0.0182,0.0345
11,HOLIDAY,6,0.0500,0.1407,0.0571,0.3696,0.8971,0.2991,0.1567,0.0150,0.0270,0.0389
11,HOLIDAY,7,0.0811,0.1549,0.0780,0.5845,0.9050,0.0560,0.2188,0.0224,0.0387,0.0669
11,HOLIDAY,8,0.1367,0.1735,0.0882,0.8562,0.9179,0.0000,0.2856,0.0316,0.0530,0.1085
11,HOLIDAY,9,0.2340,0.2309,0.0909,1.1649,0.9465,0.0000,0.3866,0.0406,0.0748,0.1591
11,HOLIDAY,10,0.3438,0.2406,0.0977,1.5496,0.9697,0.0000,0.4767,0.0476,0.1067,0.2132
11,HOLIDAY,11,0.4979,0.2727,0.1068,1.7611,0.9880,0.0000,0.6191,0.0587,0.1320,0.2427
11,HOLIDAY,12,0.6264,0.3019,0.1134,1.6989,1.0078,0.0000,0.6410,0.0596,0.1475,0.2485
11,HOLIDAY,13,0.6687,0.2916,0.1153,1.5817,1.0142,0.0000,0.6655,0.0603,0.1610,0.2489
11,HOLIDAY,14,0.6533,0.2880,0.1197,1.5259,1.0297,0.0000,0.6809,0.0601,0.1716,0.2489
11,HOLIDAY,15,0.6568,0.2834,0.1235,1.5958,1.0339,0.0000,0.6962,0.0609,0.1799,0.2489
11,HOLIDAY,16,0.5580,0.2774,0.1195,1.7146,1.0212,0.0560,0.7279,0.0605,0.1845,0.2489
11,HOLIDAY,17,0.4803,0.2745,0.1117,1.8226,1.0130,0.3209,0.7206,0.0598,0.1832,0.2489
11,HOLIDAY,18,0.4324,0.2735,0.0983,1.8079,0.9936,0.4133,0.7151,0.0557,0.1747,0.2467
11,HOLIDAY,19,0.3243,0.2689,0.0818,1.5280,0.9811,0.4183,0.6907,0.0497,0.1582,0.2281
11,HOLIDAY,20,0.2321,0.2527,0.0674,1.2100,0.9680,0.5430,0.6464,0.0414,0.1307,0.1760
11,HOLIDAY,21,0.1472,0.2441,0.0576,0.7803,0.9444,0.5430,0.5237,0.0301,0.1024,0.1095
11,HOLIDAY,22,0.0771,0.1844,0.0543,0.4233,0.9309,0.5031,0.3045,0.0160,0.0806,0.0567
11,HOLIDAY,23,0.0320,0.1620,0.0550,0.1868,0.9070,0.4979,0.2111,0.0116,0.0698,0.0369
12,WEEKDAY,0,0.0033,0.1350,0.0631,0.1194,0.8939,0.4979,0.2055,0.0105,0.0674,0.0345
12,WEEKDAY,1,0.0024,0.1291,0.0634,0.1152,0.8819,0.4979,0.1766,0.0098,0.0661,0.0345
12,WEEKDAY,2,0.0016,0.1285,0.0566,0.1316,0.8743,0.3682,0.1596,0.0094,0.0579,0.0345
12,WEEKDAY,3,0.0012,0.1266,0.0349,0.1658,0.8706,0.3682,0.1286,0.0085,0.0337,0.0345
12,WEEKDAY,4,0.0008,0.1281,0.0284,0.2188,0.8711,0.3682,0.1182,0.0086,0.0170,0.0345
12,WEEKDAY,5,0.0020,0.1396,0.0439,0.3288,0.8871,0.3682,0.1475,0.0115,0.0205,0.0345
12,WEEKDAY,6,0.0398,0.1516,0.0722,0.5421,0.8949,0.2991,0.2199,0.0185,0.0335,0.0416
12,WEEKDAY,7,0.1002,0.1741,0.0945,0.8153,0.9057,0.2071,0.3124,0.0305,0.0513,0.0870
12,WEEKDAY,8,0.1633,0.1851,0.1001,1.2128,0.9209,0.0000,0.4151,0.0457,0.0721,0.1560
12,WEEKDAY,9,0.2186,0.2570,0.1034,1.6420,0.9586,0.0000,0.5839,0.0629,0.1013,0.2446
12,WEEKDAY,10,0.3521,0.2860,0.1120,2.2914,0.9945,0.0000,0.7355,0.0765,0.1418,0.3447
12,WEEKDAY,11,0.4906,0.3393,0.1221,2.7540,1.0213,0.0000,0.9289,0.0902,0.1724,0.4006
12,WEEKDAY,12,0.5915,0.3534,0.1297,2.6240,1.0437,0.0000,0.9685,0.0915,0.1892,0.4119
12,WEEKDAY,13,0.6196,0.3578,0.1323,2.3793,1.0506,0.0000,0.9818,0.0924,0.2029,0.4126
12,WEEKDAY,14,0.5583,0.3524,0.1364,2.2208,1.0651,0.0000,0.9942,0.0923,0.2134,0.4126
12,WEEKDAY,15,0.5357,0.3490,0.1429,2.1107,1.0676,0.0000,1.0089,0.0931,0.2214,0.4126
12,WEEKDAY,16,0.4408,0.3390,0.1458,2.2480,1.0543,0.0560,1.0322,0.0930,0.2261,0.4126
12,WEEKDAY,17,0.3883,0.3381,0.1435,2.5912,1.0439,0.3209,1.0177,0.0917,0.2235,0.4126
12,WEEKDAY,18,0.3754,0.3431,0.1294,2.6002,1.0220,0.4133,0.9977,0.0850,0.2110,0.4083
12,WEEKDAY,19,0.3121,0.3401,0.1075,2.2074,1.0042,0.4183,0.9541,0.0749,0.1880,0.3718
12,WEEKDAY,20,0.2387,0.3134,0.0854,1.7876,0.9855,0.5430,0.8786,0.0607,0.1514,0.2735
12,WEEKDAY,21,0.1602,0.3041,0.0691,1.1515,0.9562,0.5430,0.6693,0.0424,0.1141,0.1548
12,WEEKDAY,22,0.0673,0.2058,0.0617,0.5824,0.9376,0.5031,0.3932,0.0219,0.0854,0.0669
12,WEEKDAY,23,0.0192,0.1546,0.0618,0.2679,0.9089,0.4979,0.2632,0.0136,0.0712,0.0377
12,SATURDAY,0,0.0089,0.1442,0.0631,0.1741,0.8971,0.4979,0.2522,0.0115,0.0682,0.0345
12,SATURDAY,1,0.0042,0.1274,0.0634,0.1499,0.8842,0.4979,0.2042,0.0101,0.0665,0.0345
12,SATURDAY,2,0.0016,0.1279,0.0566,0.1079,0.8748,0.3682,0.1672,0.0095,0.0580,0.0345
12,SATURDAY,3,0.0015,0.1237,0.0343,0.1328,0.8698,0.3682,0.1241,0.0085,0.0337,0.0345
12,SATURDAY,4,0.0013,0.1266,0.0236,0.2014,0.8694,0.3682,0.1110,0.0082,0.0168,0.0345
12,SATURDAY,5,0.0029,0.1359,0.0315,0.3238,0.8863,0.3682,0.1473,0.0105,0.0199,0.0345
12,SATURDAY,6,0.0187,0.1434,0.0520,0.5569,0.8956,0.2991,0.2283,0.0169,0.0323,0.0416
12,SATURDAY,7,0.0612,0.1707,0.0788,0.8441,0.9067,0.2071,0.3215,0.0283,0.0501,0.0870
12,SATURDAY,8,0.1704,0.1859,0.0986,1.2497,0.9224,0.0000,0.4234,0.0448,0.0723,0.1560
12,SATURDAY,9,0.2377,0.2820,0.1032,1.6855,0.9617,0.0000,0.6016,0.0631,0.1029,0.2446
12,SATURDAY,10,0.3884,0.3062,0.1109,2.3476,0.9993,0.0000,0.7468,0.0767,0.1438,0.3447
12,SATURDAY,11,0.5512,0.3607,0.1221,2.8031,1.0277,0.0000,0.9549,0.0905,0.1748,0.4006
12,SATURDAY,12,0.6546,0.3739,0.1300,2.7175,1.0504,0.0000,0.9966,0.0918,0.1918,0.4119
12,SATURDAY,13,0.7079,0.3754,0.1323,2.4269,1.0563,0.0000,0.9985,0.0924,0.2048,0.4126
12,SATURDAY,14,0.6360,0.3651,0.1390,2.2482,1.0699,0.0000,1.0032,0.0921,0.2148,0.4126
12,SATURDAY,15,0.5634,0.3566,0.1420,2.0573,1.0702,0.0000,1.0068,0.0924,0.2221,0.4126
12,SATURDAY,16,0.4530,0.3471,0.1307,2.1822,1.0560,0.0560,1.0193,0.0913,0.2257,0.4126
12,SATURDAY,17,0.3995,0.3467,0.1161,2.5868,1.0461,0.3209,1.0090,0.0891,0.2226,0.4126
12,SATURDAY,18,0.3807,0.3516,0.1009,2.6510,1.0244,0.4133,0.9959,0.0822,0.2101,0.4083
12,SATURDAY,19,0.3489,0.3510,0.0847,2.3233,1.0071,0.4183,0.9612,0.0729,0.1876,0.3718
12,SATURDAY,20,0.2858,0.3278,0.0709,1.8809,0.9887,0.5430,0.8997,0.0609,0.1517,0.2735
12,SATURDAY,21,0.1887,0.3184,0.0620,1.2380,0.9603,0.5430,0.7125,0.0461,0.1157,0.1548
12,SATURDAY,22,0.0920,0.2170,0.0607,0.6952,0.9418,0.5031,0.4672,0.0276,0.0878,0.0669
12,SATURDAY,23,0.0360,0.1826,0.0618,0.3728,0.9127,0.4979,0.3356,0.0175,0.0728,0.0377
12,SUNDAY,0,0.0032,0.0768,0.0631,0.0802,0.8885,0.4979,0.1797,0.0102,0.0670,0.0345
12,SUNDAY,1,0.0018,0.0739,0.0634,0.0683,0.8793,0.4979,0.1561,0.0097,0.0658,0.0345
12,SUNDAY,2,0.0019,0.0764,0.0566,0.0873,0.8727,0.3682,0.1491,0.0094,0.0578,0.0345
12,SUNDAY,3,0.0016,0.0719,0.0343,0.1292,0.8690,0.3682,0.1189,0.0084,0.0336,0.0345
12,SUNDAY,4,0.0013,0.0763,0.0236,0.1813,0.8686,0.3682,0.1024,0.0081,0.0160,0.0345
12,SUNDAY,5,0.0010,0.0843,0.0315,0.2652,0.8837,0.3682,0.1263,0.0100,0.0181,0.0345
12,SUNDAY,6,0.0042,0.0865,0.0520,0.4131,0.8897,0.2991,0.1913,0.0156,0.0293,0.0399
12,SUNDAY,7,0.0523,0.1181,0.0788,0.5949,0.8971,0.2071,0.2671,0.0270,0.0442,0.0748
12,SUNDAY,8,0.1639,0.1341,0.0986,0.9719,0.9068,0.0000,0.3580,0.0439,0.0602,0.1295
12,SUNDAY,9,0.2318,0.2168,0.1032,1.2989,0.9382,0.0000,0.5151,0.0615,0.0760,0.2054
12,SUNDAY,10,0.3729,0.2377,0.1109,1.8993,0.9672,0.0000,0.6239,0.0750,0.0933,0.2975
12,SUNDAY,11,0.4915,0.3030,0.1221,2.3423,0.9925,0.0000,0.7419,0.0810,0.1092,0.3503
12,SUNDAY,12,0.5655,0.3071,0.1300,2.2734,1.0142,0.0000,0.8001,0.0826,0.1221,0.3612
12,SUNDAY,13,0.5879,0.3061,0.1323,2.0721,1.0204,0.0000,0.8052,0.0834,0.1354,0.3619
12,SUNDAY,14,0.5409,0.2985,0.1390,1.9033,1.0333,0.0000,0.8118,0.0839,0.1457,0.3619
12,SUNDAY,15,0.5125,0.2918,0.1420,1.6191,1.0338,0.0000,0.8165,0.0842,0.1533,0.3619
12,SUNDAY,16,0.4188,0.2826,0.1307,1.7047,1.0199,0.0560,0.8348,0.0830,0.1569,0.3619
12,SUNDAY,17,0.3684,0.2806,0.1161,2.0858,1.0110,0.3209,0.8273,0.0799,0.1543,0.3619
12,SUNDAY,18,0.3488,0.2848,0.1009,2.1347,0.9914,0.4133,0.8038,0.0729,0.1448,0.3576
12,SUNDAY,19,0.2963,0.2806,0.0847,1.8594,0.9769,0.4183,0.7672,0.0627,0.1303,0.3219
12,SUNDAY,20,0.2280,0.2538,0.0709,1.5095,0.9620,0.5430,0.6892,0.0484,0.1103,0.2295
12,SUNDAY,21,0.1528,0.2442,0.0620,0.9593,0.9376,0.5430,0.4780,0.0327,0.0916,0.1251
12,SUNDAY,22,0.0495,0.1450,0.0607,0.4638,0.9239,0.5031,0.3195,0.0195,0.0774,0.0550
12,SUNDAY,23,0.0151,0.1073,0.0618,0.1985,0.8997,0.4979,0.2316,0.0124,0.0694,0.0362
12,HOLIDAY,0,0.0014,0.1344,0.0178,0.0548,0.8696,0.4979,0.0759,0.0077,0.0124,0.0345
12,HOLIDAY,1,0.0014,0.1271,0.0178,0.0498,0.8653,0.4979,0.0566,0.0074,0.0121,0.0345
12,HOLIDAY,2,0.0010,0.1394,0.0178,0.0498,0.8632,0.3682,0.0566,0.0074,0.0121,0.0345
12,HOLIDAY,3,0.0009,0.1394,0.0182,0.0500,0.8629,0.3682,0.0570,0.0074,0.0121,0.0345
12,HOLIDAY,4,0.0007,0.1400,0.0216,0.0592,0.8640,0.3682,0.0597,0.0079,0.0129,0.0345
12,HOLIDAY,5,0.0000,0.1475,0.0311,0.0947,0.8777,0.3682,0.0658,0.0091,0.0159,0.0345
12,HOLIDAY,6,0.0000,0.1476,0.0493,0.2023,0.8796,0.2991,0.0883,0.0111,0.0207,0.0362
12,HOLIDAY,7,0.0000,0.1547,0.0716,0.3819,0.8832,0.2071,0.1137,0.0138,0.0276,0.0467
12,HOLIDAY,8,0.0033,0.1369,0.0884,0.5483,0.8870,0.0000,0.1422,0.0168,0.0374,0.0610
12,HOLIDAY,9,0.0342,0.1481,0.0901,0.7462,0.9064,0.0000,0.1808,0.0182,0.0537,0.0737
12,HOLIDAY,10,0.0761,0.1526,0.0925,0.9144,0.9209,0.0000,0.2408,0.0188,0.0776,0.0818
12,HOLIDAY,11,0.1165,0.1541,0.0959,1.0013,0.9325,0.0000,0.3324,0.0272,0.0928,0.0848
12,HOLIDAY,12,0.1385,0.1614,0.0952,1.0226,0.9471,0.0000,0.3340,0.0272,0.0969,0.0852
12,HOLIDAY,13,0.1352,0.1874,0.0910,0.9802,0.9497,0.0000,0.3342,0.0272,0.0974,0.0852
12,HOLIDAY,14,0.1333,0.1444,0.0923,0.9829,0.9615,0.0000,0.3342,0.0262,0.0974,0.0852
12,HOLIDAY,15,0.1073,0.1416,0.0909,1.0292,0.9620,0.0000,0.3340,0.0260,0.0971,0.0852
12,HOLIDAY,16,0.0624,0.1390,0.0768,1.0944,0.9493,0.0560,0.3310,0.0249,0.0957,0.0852
12,HOLIDAY,17,0.0419,0.1496,0.0608,1.0762,0.9431,0.3209,0.3188,0.0243,0.0933,0.0852
12,HOLIDAY,18,0.0415,0.1513,0.0458,1.0056,0.9288,0.4133,0.3178,0.0226,0.0881,0.0852
12,HOLIDAY,19,0.0388,0.1509,0.0329,0.8652,0.9216,0.4183,0.3051,0.0208,0.0773,0.0844
12,HOLIDAY,20,0.0350,0.1507,0.0241,0.7178,0.9162,0.5430,0.2899,0.0191,0.0578,0.0785
12,HOLIDAY,21,0.0289,0.1508,0.0186,0.4786,0.8996,0.5430,0.2655,0.0157,0.0376,0.0642
12,HOLIDAY,22,0.0175,0.1462,0.0178,0.2722,0.8928,0.5031,0.1417,0.0088,0.0223,0.0464
12,HOLIDAY,23,0.0026,0.1468,0.0178,0.1440,0.8750,0.4979,0.0980,0.0082,0.0145,0.0360
