Month,Daytype,Hour,Cooling,Ventilation,Water_Heating,Cooking,Refrigeration,Exterior_Lighting,Interior_Lighting,Office_Equipment,Miscellaneous,Motors
1,WEEKDAY,0,0.0000,0.0393,0.0178,0.0003,0.0670,0.0635,0.1369,0.0402,0.0166,0.0012
1,WEEKDAY,1,0.0000,0.0416,0.0175,0.0003,0.0669,0.0635,0.1319,0.0397,0.0147,0.0009
1,WEEKDAY,2,0.0000,0.0446,0.0175,0.0003,0.0669,0.0635,0.1297,0.0397,0.0135,0.0008
1,WEEKDAY,3,0.0000,0.0494,0.0181,0.0004,0.0670,0.0635,0.1370,0.0410,0.0148,0.0011
1,WEEKDAY,4,0.0000,0.0501,0.0208,0.0010,0.0678,0.0635,0.1793,0.0470,0.0250,0.0024
1,WEEKDAY,5,0.0000,0.0529,0.0253,0.0020,0.0696,0.0635,0.2262,0.0618,0.0382,0.0034
1,WEEKDAY,6,0.0000,0.0530,0.0343,0.0059,0.0720,0.0000,0.3379,0.0976,0.0573,0.0037
1,WEEKDAY,7,0.0000,0.0476,0.0519,0.0137,0.0755,0.0000,0.5401,0.1634,0.0863,0.0039
1,WEEKDAY,8,0.1207,0.0815,0.0650,0.0198,0.0795,0.0000,0.7986,0.2330,0.1143,0.0043
1,WEEKDAY,9,0.2124,0.1125,0.0674,0.0221,0.0825,0.0000,0.8291,0.2646,0.1252,0.0046
1,WEEKDAY,10,0.2470,0.1209,0.0670,0.0227,0.0840,0.0000,0.8324,0.2698,0.1267,0.0047
1,WEEKDAY,11,0.2545,0.1186,0.0679,0.0228,0.0844,0.0000,0.8324,0.2698,0.1268,0.0047
1,WEEKDAY,12,0.2752,0.1212,0.0678,0.0226,0.0848,0.0000,0.8324,0.2697,0.1268,0.0047
1,WEEKDAY,13,0.2861,0.1207,0.0662,0.0222,0.0848,0.0000,0.8320,0.2671,0.1268,0.0047
1,WEEKDAY,14,0.2845,0.1151,0.0665,0.0210,0.0850,0.0000,0.8227,0.2590,0.1268,0.0047
1,WEEKDAY,15,0.2650,0.1046,0.0638,0.0168,0.0838,0.0000,0.7640,0.2229,0.1242,0.0047
1,WEEKDAY,16,0.2197,0.0878,0.0467,0.0110,0.0782,0.0000,0.6237,0.1559,0.1083,0.0047
1,WEEKDAY,17,0.0565,0.0292,0.0336,0.0058,0.0746,0.0000,0.3872,0.1074,0.0884,0.0047
1,WEEKDAY,18,0.0042,0.0094,0.0263,0.0033,0.0719,0.1210,0.3033,0.0760,0.0704,0.0046
1,WEEKDAY,19,0.0002,0.0108,0.0226,0.0021,0.0699,0.1210,0.2441,0.0590,0.0528,0.0040
1,WEEKDAY,20,0.0000,0.0142,0.0187,0.0009,0.0680,0.1210,0.1692,0.0456,0.0286,0.0017
1,WEEKDAY,21,0.0000,0.0185,0.0179,0.0004,0.0674,0.1210,0.1394,0.0408,0.0186,0.0012
1,WEEKDAY,22,0.0000,0.0242,0.0192,0.0006,0.0678,0.0635,0.1555,0.0426,0.0255,0.0023
1,WEEKDAY,23,0.0000,0.0305,0.0183,0.0005,0.0672,0.0635,0.1474,0.0410,0.0214,0.0016
1,SATURDAY,0,0.0000,0.0232,0.0163,0.0000,0.0665,0.0635,0.0980,0.0371,0.0076,0.0000
1,SATURDAY,1,0.0000,0.0315,0.0165,0.0001,0.0666,0.0635,0.1050,0.0380,0.0100,0.0003
1,SATURDAY,2,0.0000,0.0370,0.0172,0.0007,0.0668,0.0635,0.1458,0.0435,0.0240,0.0024
1,SATURDAY,3,0.0000,0.0443,0.0183,0.0015,0.0671,0.0635,0.1836,0.0497,0.0362,0.0041
1,SATURDAY,4,0.0000,0.0469,0.0189,0.0018,0.0672,0.0635,0.1950,0.0522,0.0382,0.0046
1,SATURDAY,5,0.0000,0.0491,0.0197,0.0020,0.0676,0.0635,0.2037,0.0542,0.0382,0.0047
1,SATURDAY,6,0.0000,0.0511,0.0214,0.0024,0.0677,0.0000,0.2238,0.0564,0.0382,0.0047
1,SATURDAY,7,0.0000,0.0499,0.0268,0.0026,0.0678,0.0000,0.2470,0.0626,0.0382,0.0047
1,SATURDAY,8,0.0084,0.0324,0.0295,0.0026,0.0681,0.0000,0.2565,0.0683,0.0382,0.0047
1,SATURDAY,9,0.0384,0.0398,0.0297,0.0026,0.0688,0.0000,0.2577,0.0711,0.0382,0.0047
1,SATURDAY,10,0.0410,0.0370,0.0294,0.0026,0.0690,0.0000,0.2577,0.0717,0.0382,0.0047
1,SATURDAY,11,0.0527,0.0376,0.0291,0.0026,0.0692,0.0000,0.2577,0.0718,0.0382,0.0047
1,SATURDAY,12,0.0707,0.0411,0.0291,0.0026,0.0695,0.0000,0.2577,0.0718,0.0379,0.0047
1,SATURDAY,13,0.0652,0.0347,0.0292,0.0024,0.0695,0.0000,0.2577,0.0718,0.0375,0.0047
1,SATURDAY,14,0.0811,0.0375,0.0295,0.0023,0.0697,0.0000,0.2566,0.0712,0.0370,0.0047
1,SATURDAY,15,0.0701,0.0312,0.0275,0.0021,0.0695,0.0000,0.2473,0.0662,0.0355,0.0045
1,SATURDAY,16,0.0495,0.0224,0.0206,0.0016,0.0686,0.0000,0.2097,0.0535,0.0303,0.0038
1,SATURDAY,17,0.0279,0.0211,0.0176,0.0005,0.0680,0.0000,0.1256,0.0418,0.0140,0.0010
1,SATURDAY,18,0.0114,0.0164,0.0171,0.0007,0.0676,0.1210,0.1344,0.0443,0.0207,0.0019
1,SATURDAY,19,0.0087,0.0220,0.0165,0.0001,0.0673,0.1210,0.1052,0.0385,0.0103,0.0004
1,SATURDAY,20,0.0025,0.0227,0.0163,0.0000,0.0671,0.1210,0.0980,0.0371,0.0076,0.0000
1,SATURDAY,21,0.0000,0.0243,0.0163,0.0000,0.0668,0.1210,0.0980,0.0371,0.0076,0.0000
1,SATURDAY,22,0.0000,0.0266,0.0163,0.0000,0.0668,0.0635,0.0980,0.0371,0.0076,0.0000
1,SATURDAY,23,0.0000,0.0290,0.0163,0.0000,0.0665,0.0635,0.0980,0.0371,0.0076,0.0000
1,SUNDAY,0,0.0000,0.0352,0.0164,0.0000,0.0665,0.0635,0.0980,0.0371,0.0076,0.0001
1,SUNDAY,1,0.0000,0.0373,0.0166,0.0001,0.0666,0.0635,0.1050,0.0380,0.0100,0.0012
1,SUNDAY,2,0.0000,0.0409,0.0177,0.0006,0.0670,0.0635,0.1454,0.0434,0.0240,0.0038
1,SUNDAY,3,0.0000,0.0463,0.0180,0.0014,0.0671,0.0635,0.1823,0.0490,0.0362,0.0044
1,SUNDAY,4,0.0000,0.0485,0.0181,0.0016,0.0671,0.0635,0.1926,0.0507,0.0382,0.0046
1,SUNDAY,5,0.0000,0.0500,0.0182,0.0017,0.0674,0.0635,0.1975,0.0516,0.0382,0.0047
1,SUNDAY,6,0.0000,0.0520,0.0182,0.0017,0.0674,0.0000,0.2005,0.0517,0.0382,0.0047
1,SUNDAY,7,0.0000,0.0456,0.0181,0.0017,0.0674,0.0000,0.2031,0.0517,0.0382,0.0047
1,SUNDAY,8,0.0079,0.0286,0.0181,0.0017,0.0675,0.0000,0.2053,0.0517,0.0382,0.0047
1,SUNDAY,9,0.0290,0.0367,0.0181,0.0017,0.0680,0.0000,0.2057,0.0517,0.0382,0.0047
1,SUNDAY,10,0.0284,0.0344,0.0181,0.0017,0.0681,0.0000,0.2057,0.0517,0.0382,0.0047
1,SUNDAY,11,0.0246,0.0302,0.0182,0.0017,0.0682,0.0000,0.2057,0.0517,0.0382,0.0047
1,SUNDAY,12,0.0256,0.0275,0.0182,0.0017,0.0686,0.0000,0.2057,0.0517,0.0379,0.0047
1,SUNDAY,13,0.0384,0.0298,0.0182,0.0017,0.0686,0.0000,0.2057,0.0517,0.0375,0.0047
1,SUNDAY,14,0.0396,0.0269,0.0182,0.0017,0.0688,0.0000,0.2053,0.0517,0.0370,0.0047
1,SUNDAY,15,0.0172,0.0143,0.0182,0.0016,0.0688,0.0000,0.2031,0.0514,0.0355,0.0045
1,SUNDAY,16,0.0050,0.0140,0.0181,0.0013,0.0684,0.0000,0.1862,0.0491,0.0303,0.0044
1,SUNDAY,17,0.0022,0.0139,0.0178,0.0003,0.0681,0.0000,0.1197,0.0405,0.0140,0.0038
1,SUNDAY,18,0.0000,0.0102,0.0167,0.0006,0.0674,0.1210,0.1330,0.0441,0.0207,0.0014
1,SUNDAY,19,0.0000,0.0177,0.0164,0.0001,0.0672,0.1210,0.1050,0.0385,0.0103,0.0002
1,SUNDAY,20,0.0000,0.0205,0.0163,0.0000,0.0671,0.1210,0.0980,0.0371,0.0076,0.0000
1,SUNDAY,21,0.0000,0.0277,0.0163,0.0000,0.0668,0.1210,0.0980,0.0371,0.0076,0.0000
1,SUNDAY,22,0.0000,0.0301,0.0163,0.0000,0.0668,0.0635,0.0980,0.0371,0.0076,0.0000
1,SUNDAY,23,0.0000,0.0368,0.0163,0.0000,0.0665,0.0635,0.0980,0.0371,0.0076,0.0000
1,HOLIDAY,0,0.0000,0.0446,0.0163,0.0000,0.0665,0.0635,0.0980,0.0371,0.0076,0.0000
1,HOLIDAY,1,0.0000,0.0495,0.0165,0.0001,0.0666,0.0635,0.1050,0.0380,0.0087,0.0003
1,HOLIDAY,2,0.0000,0.0526,0.0172,0.0006,0.0668,0.0635,0.1454,0.0434,0.0151,0.0024
1,HOLIDAY,3,0.0000,0.0539,0.0179,0.0014,0.0670,0.0635,0.1823,0.0490,0.0206,0.0041
1,HOLIDAY,4,0.0000,0.0556,0.0181,0.0016,0.0671,0.0635,0.1926,0.0507,0.0215,0.0046
1,HOLIDAY,5,0.0000,0.0581,0.0182,0.0017,0.0674,0.0635,0.1975,0.0516,0.0215,0.0047
1,HOLIDAY,6,0.0000,0.0593,0.0182,0.0017,0.0674,0.0000,0.2005,0.0517,0.0215,0.0047
1,HOLIDAY,7,0.0000,0.0594,0.0181,0.0017,0.0674,0.0000,0.2031,0.0517,0.0215,0.0047
1,HOLIDAY,8,0.0000,0.0339,0.0181,0.0017,0.0675,0.0000,0.2053,0.0517,0.0215,0.0047
1,HOLIDAY,9,0.0000,0.0258,0.0181,0.0017,0.0680,0.0000,0.2057,0.0517,0.0215,0.0047
1,HOLIDAY,10,0.0000,0.0245,0.0181,0.0017,0.0681,0.0000,0.2057,0.0517,0.0215,0.0047
1,HOLIDAY,11,0.0000,0.0232,0.0182,0.0017,0.0682,0.0000,0.2057,0.0517,0.0215,0.0047
1,HOLIDAY,12,0.0000,0.0208,0.0182,0.0017,0.0686,0.0000,0.2057,0.0517,0.0214,0.0047
1,HOLIDAY,13,0.0000,0.0180,0.0182,0.0017,0.0686,0.0000,0.2057,0.0517,0.0212,0.0047
1,HOLIDAY,14,0.0000,0.0155,0.0182,0.0017,0.0688,0.0000,0.2053,0.0517,0.0210,0.0047
1,HOLIDAY,15,0.0000,0.0135,0.0182,0.0016,0.0688,0.0000,0.2031,0.0514,0.0203,0.0045
1,HOLIDAY,16,0.0000,0.0126,0.0179,0.0013,0.0683,0.0000,0.1862,0.0491,0.0179,0.0038
1,HOLIDAY,17,0.0000,0.0209,0.0167,0.0003,0.0678,0.0000,0.1197,0.0405,0.0105,0.0010
1,HOLIDAY,18,0.0000,0.0222,0.0170,0.0006,0.0675,0.1210,0.1330,0.0441,0.0195,0.0019
1,HOLIDAY,19,0.0000,0.0363,0.0165,0.0001,0.0672,0.1210,0.1050,0.0385,0.0382,0.0004
1,HOLIDAY,20,0.0000,0.0371,0.0163,0.0000,0.0671,0.1210,0.0980,0.0371,0.0135,0.0000
1,HOLIDAY,21,0.0000,0.0264,0.0163,0.0000,0.0668,0.1210,0.0980,0.0371,0.0076,0.0000
1,HOLIDAY,22,0.0000,0.0408,0.0163,0.0000,0.0668,0.0635,0.0980,0.0371,0.0076,0.0000
1,HOLIDAY,23,0.0000,0.0451,0.0163,0.0000,0.0665,0.0635,0.0980,0.0371,0.0076,0.0000
2,WEEKDAY,0,0.0000,0.0282,0.0183,0.0004,0.0671,0.0635,0.1395,0.0404,0.0174,0.0013
2,WEEKDAY,1,0.0000,0.0361,0.0179,0.0003,0.0670,0.0635,0.1342,0.0400,0.0154,0.0010
2,WEEKDAY,2,0.0000,0.0403,0.0179,0.0003,0.0670,0.0635,0.1318,0.0400,0.0141,0.0009
2,WEEKDAY,3,0.0000,0.0444,0.0185,0.0005,0.0671,0.0635,0.1385,0.0412,0.0153,0.0011
2,WEEKDAY,4,0.0000,0.0477,0.0210,0.0010,0.0679,0.0635,0.1786,0.0470,0.0249,0.0024
2,WEEKDAY,5,0.0000,0.0501,0.0256,0.0020,0.0696,0.0635,0.2244,0.0616,0.0377,0.0033
2,WEEKDAY,6,0.0000,0.0494,0.0348,0.0059,0.0720,0.0000,0.3355,0.0974,0.0566,0.0037
2,WEEKDAY,7,0.0030,0.0366,0.0527,0.0137,0.0756,0.0000,0.5370,0.1632,0.0854,0.0039
2,WEEKDAY,8,0.1600,0.0936,0.0662,0.0198,0.0796,0.0000,0.7960,0.2328,0.1134,0.0042
2,WEEKDAY,9,0.2455,0.1205,0.0687,0.0221,0.0825,0.0000,0.8269,0.2646,0.1244,0.0046
2,WEEKDAY,10,0.2717,0.1261,0.0683,0.0227,0.0840,0.0000,0.8303,0.2697,0.1259,0.0047
2,WEEKDAY,11,0.2885,0.1262,0.0692,0.0228,0.0844,0.0000,0.8304,0.2698,0.1260,0.0047
2,WEEKDAY,12,0.3046,0.1264,0.0691,0.0226,0.0848,0.0000,0.8304,0.2697,0.1260,0.0047
2,WEEKDAY,13,0.3141,0.1247,0.0674,0.0222,0.0848,0.0000,0.8299,0.2671,0.1260,0.0047
2,WEEKDAY,14,0.3347,0.1236,0.0678,0.0210,0.0850,0.0000,0.8206,0.2590,0.1260,0.0047
2,WEEKDAY,15,0.3533,0.1215,0.0650,0.0168,0.0838,0.0000,0.7620,0.2229,0.1234,0.0047
2,WEEKDAY,16,0.2663,0.1003,0.0476,0.0110,0.0782,0.0000,0.6220,0.1559,0.1075,0.0047
2,WEEKDAY,17,0.0864,0.0366,0.0342,0.0058,0.0747,0.0000,0.3858,0.1074,0.0878,0.0047
2,WEEKDAY,18,0.0191,0.0116,0.0267,0.0033,0.0719,0.1210,0.3021,0.0759,0.0699,0.0045
2,WEEKDAY,19,0.0097,0.0104,0.0229,0.0021,0.0700,0.1210,0.2432,0.0589,0.0525,0.0039
2,WEEKDAY,20,0.0021,0.0100,0.0191,0.0009,0.0681,0.1210,0.1700,0.0458,0.0287,0.0017
2,WEEKDAY,21,0.0000,0.0131,0.0183,0.0004,0.0675,0.1210,0.1405,0.0410,0.0189,0.0013
2,WEEKDAY,22,0.0000,0.0167,0.0195,0.0006,0.0679,0.0635,0.1557,0.0426,0.0254,0.0023
2,WEEKDAY,23,0.0000,0.0219,0.0187,0.0005,0.0673,0.0635,0.1493,0.0412,0.0218,0.0017
2,SATURDAY,0,0.0000,0.0349,0.0167,0.0000,0.0666,0.0635,0.0980,0.0371,0.0076,0.0000
2,SATURDAY,1,0.0000,0.0370,0.0168,0.0001,0.0666,0.0635,0.1050,0.0380,0.0100,0.0003
2,SATURDAY,2,0.0000,0.0390,0.0176,0.0007,0.0669,0.0635,0.1458,0.0435,0.0240,0.0024
2,SATURDAY,3,0.0000,0.0409,0.0186,0.0015,0.0672,0.0635,0.1836,0.0497,0.0362,0.0041
2,SATURDAY,4,0.0000,0.0453,0.0192,0.0018,0.0673,0.0635,0.1950,0.0522,0.0382,0.0046
2,SATURDAY,5,0.0000,0.0499,0.0200,0.0020,0.0677,0.0635,0.2037,0.0542,0.0382,0.0047
2,SATURDAY,6,0.0000,0.0482,0.0217,0.0024,0.0678,0.0000,0.2238,0.0564,0.0382,0.0047
2,SATURDAY,7,0.0000,0.0298,0.0272,0.0026,0.0680,0.0000,0.2470,0.0626,0.0382,0.0047
2,SATURDAY,8,0.0098,0.0275,0.0299,0.0026,0.0683,0.0000,0.2565,0.0683,0.0382,0.0047
2,SATURDAY,9,0.0205,0.0305,0.0300,0.0026,0.0689,0.0000,0.2577,0.0711,0.0382,0.0047
2,SATURDAY,10,0.0338,0.0358,0.0297,0.0026,0.0690,0.0000,0.2577,0.0717,0.0382,0.0047
2,SATURDAY,11,0.0267,0.0294,0.0295,0.0026,0.0692,0.0000,0.2577,0.0718,0.0382,0.0047
2,SATURDAY,12,0.0277,0.0260,0.0295,0.0026,0.0695,0.0000,0.2577,0.0718,0.0379,0.0047
2,SATURDAY,13,0.0398,0.0276,0.0296,0.0024,0.0695,0.0000,0.2577,0.0718,0.0375,0.0047
2,SATURDAY,14,0.0270,0.0188,0.0299,0.0023,0.0697,0.0000,0.2566,0.0712,0.0370,0.0047
2,SATURDAY,15,0.0175,0.0126,0.0278,0.0021,0.0695,0.0000,0.2473,0.0662,0.0355,0.0045
2,SATURDAY,16,0.0040,0.0065,0.0210,0.0016,0.0687,0.0000,0.2097,0.0535,0.0303,0.0038
2,SATURDAY,17,0.0024,0.0054,0.0179,0.0005,0.0681,0.0000,0.1256,0.0418,0.0140,0.0010
2,SATURDAY,18,0.0000,0.0115,0.0175,0.0007,0.0677,0.1210,0.1344,0.0443,0.0207,0.0019
2,SATURDAY,19,0.0000,0.0131,0.0168,0.0001,0.0674,0.1210,0.1052,0.0385,0.0103,0.0004
2,SATURDAY,20,0.0000,0.0148,0.0167,0.0000,0.0673,0.1210,0.0980,0.0371,0.0076,0.0000
2,SATURDAY,21,0.0000,0.0203,0.0167,0.0000,0.0669,0.1210,0.0980,0.0371,0.0076,0.0000
2,SATURDAY,22,0.0000,0.0321,0.0167,0.0000,0.0669,0.0635,0.0980,0.0371,0.0076,0.0000
2,SATURDAY,23,0.0000,0.0332,0.0167,0.0000,0.0666,0.0635,0.0980,0.0371,0.0076,0.0000
2,SUNDAY,0,0.0000,0.0418,0.0167,0.0000,0.0666,0.0635,0.0980,0.0371,0.0076,0.0001
2,SUNDAY,1,0.0000,0.0452,0.0169,0.0001,0.0667,0.0635,0.1050,0.0380,0.0100,0.0012
2,SUNDAY,2,0.0000,0.0462,0.0180,0.0006,0.0670,0.0635,0.1454,0.0434,0.0240,0.0038
2,SUNDAY,3,0.0000,0.0482,0.0183,0.0014,0.0671,0.0635,0.1823,0.0490,0.0362,0.0044
2,SUNDAY,4,0.0000,0.0498,0.0184,0.0016,0.0672,0.0635,0.1926,0.0507,0.0382,0.0046
2,SUNDAY,5,0.0000,0.0522,0.0185,0.0017,0.0675,0.0635,0.1975,0.0516,0.0382,0.0047
2,SUNDAY,6,0.0000,0.0539,0.0185,0.0017,0.0675,0.0000,0.2005,0.0517,0.0382,0.0047
2,SUNDAY,7,0.0000,0.0320,0.0184,0.0017,0.0675,0.0000,0.2031,0.0517,0.0382,0.0047
2,SUNDAY,8,0.0166,0.0313,0.0184,0.0017,0.0676,0.0000,0.2053,0.0517,0.0382,0.0047
2,SUNDAY,9,0.0453,0.0441,0.0184,0.0017,0.0681,0.0000,0.2057,0.0517,0.0382,0.0047
2,SUNDAY,10,0.0675,0.0607,0.0184,0.0017,0.0681,0.0000,0.2057,0.0517,0.0382,0.0047
2,SUNDAY,11,0.0486,0.0465,0.0184,0.0017,0.0682,0.0000,0.2057,0.0517,0.0382,0.0047
2,SUNDAY,12,0.0319,0.0319,0.0185,0.0017,0.0686,0.0000,0.2057,0.0517,0.0379,0.0047
2,SUNDAY,13,0.0566,0.0365,0.0185,0.0017,0.0686,0.0000,0.2057,0.0517,0.0375,0.0047
2,SUNDAY,14,0.0590,0.0398,0.0185,0.0017,0.0688,0.0000,0.2053,0.0517,0.0370,0.0047
2,SUNDAY,15,0.0321,0.0260,0.0185,0.0016,0.0688,0.0000,0.2031,0.0514,0.0355,0.0045
2,SUNDAY,16,0.0218,0.0212,0.0184,0.0013,0.0684,0.0000,0.1862,0.0491,0.0303,0.0044
2,SUNDAY,17,0.0057,0.0159,0.0181,0.0003,0.0682,0.0000,0.1197,0.0405,0.0140,0.0038
2,SUNDAY,18,0.0018,0.0163,0.0171,0.0006,0.0675,0.1210,0.1330,0.0441,0.0207,0.0014
2,SUNDAY,19,0.0000,0.0172,0.0167,0.0001,0.0673,0.1210,0.1050,0.0385,0.0103,0.0002
2,SUNDAY,20,0.0000,0.0190,0.0167,0.0000,0.0673,0.1210,0.0980,0.0371,0.0076,0.0000
2,SUNDAY,21,0.0000,0.0232,0.0167,0.0000,0.0669,0.1210,0.0980,0.0371,0.0076,0.0000
2,SUNDAY,22,0.0000,0.0314,0.0167,0.0000,0.0669,0.0635,0.0980,0.0371,0.0076,0.0000
2,SUNDAY,23,0.0000,0.0361,0.0167,0.0000,0.0666,0.0635,0.0980,0.0371,0.0076,0.0000
2,HOLIDAY,0,0.0000,0.0000,0.0000,0.0000,0.0000,0.0000,0.0000,0.0000,0.0000,0.0000
2,HOLIDAY,1,0.0000,0.0000,0.0000,0.0000,0.0000,0.0000,0.0000,0.0000,0.0000,0.0000
2,HOLIDAY,2,0.0000,0.0000,0.0000,0.0000,0.0000,0.0000,0.0000,0.0000,0.0000,0.0000
2,HOLIDAY,3,0.0000,0.0000,0.0000,0.0000,0.0000,0.0000,0.0000,0.0000,0.0000,0.0000
2,HOLIDAY,4,0.0000,0.0000,0.0000,0.0000,0.0000,0.0000,0.0000,0.0000,0.0000,0.0000
2,HOLIDAY,5,0.0000,0.0000,0.0000,0.0000,0.0000,0.0000,0.0000,0.0000,0.0000,0.0000
2,HOLIDAY,6,0.0000,0.0000,0.0000,0.0000,0.0000,0.0000,0.0000,0.0000,0.0000,0.0000
2,HOLIDAY,7,0.0000,0.0000,0.0000,0.0000,0.0000,0.0000,0.0000,0.0000,0.0000,0.0000
2,HOLIDAY,8,0.0000,0.0000,0.0000,0.0000,0.0000,0.0000,0.0000,0.0000,0.0000,0.0000
2,HOLIDAY,9,0.0000,0.0000,0.0000,0.0000,0.0000,0.0000,0.0000,0.0000,0.0000,0.0000
2,HOLIDAY,10,0.0000,0.0000,0.0000,0.0000,0.0000,0.0000,0.0000,0.0000,0.0000,0.0000
2,HOLIDAY,11,0.0000,0.0000,0.0000,0.0000,0.0000,0.0000,0.0000,0.0000,0.0000,0.0000
2,HOLIDAY,12,0.0000,0.0000,0.0000,0.0000,0.0000,0.0000,0.0000,0.0000,0.0000,0.0000
2,HOLIDAY,13,0.0000,0.0000,0.0000,0.0000,0.0000,0.0000,0.0000,0.0000,0.0000,0.0000
2,HOLIDAY,14,0.0000,0.0000,0.0000,0.0000,0.0000,0.0000,0.0000,0.0000,0.0000,0.0000
2,HOLIDAY,15,0.0000,0.0000,0.0000,0.0000,0.0000,0.0000,0.0000,0.0000,0.0000,0.0000
2,HOLIDAY,16,0.0000,0.0000,0.0000,0.0000,0.0000,0.0000,0.0000,0.0000,0.0000,0.0000
2,HOLIDAY,17,0.0000,0.0000,0.0000,0.0000,0.0000,0.0000,0.0000,0.0000,0.0000,0.0000
2,HOLIDAY,18,0.0000,0.0000,0.0000,0.0000,0.0000,0.0000,0.0000,0.0000,0.0000,0.0000
2,HOLIDAY,19,0.0000,0.0000,0.0000,0.0000,0.0000,0.0000,0.0000,0.0000,0.0000,0.0000
2,HOLIDAY,20,0.0000,0.0000,0.0000,0.0000,0.0000,0.0000,0.0000,0.0000,0.0000,0.0000
2,HOLIDAY,21,0.0000,0.0000,0.0000,0.0000,0.0000,0.0000,0.0000,0.0000,0.0000,0.0000
2,HOLIDAY,22,0.0000,0.0000,0.0000,0.0000,0.0000,0.0000,0.0000,0.0000,0.0000,0.0000
2,HOLIDAY,23,0.0000,0.0000,0.0000,0.0000,0.0000,0.0000,0.0000,0.0000,0.0000,0.0000
3,WEEKDAY,0,0.0000,0.0191,0.0185,0.0004,0.0672,0.0635,0.1423,0.0407,0.0180,0.0014
3,WEEKDAY,1,0.0000,0.0268,0.0182,0.0004,0.0671,0.0635,0.1377,0.0404,0.0163,0.0011
3,WEEKDAY,2,0.0000,0.0327,0.0181,0.0004,0.0671,0.0635,0.1357,0.0405,0.0152,0.0011
3,WEEKDAY,3,0.0000,0.0351,0.0188,0.0005,0.0673,0.0635,0.1422,0.0418,0.0164,0.0013
3,WEEKDAY,4,0.0000,0.0397,0.0213,0.0011,0.0680,0.0635,0.1806,0.0473,0.0256,0.0025
3,WEEKDAY,5,0.0000,0.0443,0.0258,0.0020,0.0697,0.0635,0.2256,0.0618,0.0381,0.0034
3,WEEKDAY,6,0.0000,0.0342,0.0350,0.0059,0.0721,0.0000,0.3365,0.0975,0.0569,0.0037
3,WEEKDAY,7,0.0168,0.0355,0.0529,0.0137,0.0758,0.0000,0.5379,0.1633,0.0857,0.0039
3,WEEKDAY,8,0.1826,0.0949,0.0663,0.0198,0.0797,0.0000,0.7964,0.2329,0.1135,0.0043
3,WEEKDAY,9,0.2640,0.1189,0.0688,0.0221,0.0826,0.0000,0.8270,0.2646,0.1244,0.0046
3,WEEKDAY,10,0.2913,0.1235,0.0684,0.0227,0.0840,0.0000,0.8303,0.2697,0.1259,0.0047
3,WEEKDAY,11,0.3011,0.1215,0.0692,0.0228,0.0845,0.0000,0.8304,0.2698,0.1260,0.0047
3,WEEKDAY,12,0.3158,0.1212,0.0691,0.0226,0.0848,0.0000,0.8304,0.2697,0.1260,0.0047
3,WEEKDAY,13,0.3217,0.1193,0.0675,0.0222,0.0848,0.0000,0.8299,0.2671,0.1260,0.0047
3,WEEKDAY,14,0.3539,0.1222,0.0678,0.0210,0.0850,0.0000,0.8206,0.2589,0.1260,0.0047
3,WEEKDAY,15,0.3913,0.1247,0.0651,0.0168,0.0838,0.0000,0.7620,0.2229,0.1234,0.0047
3,WEEKDAY,16,0.2889,0.1038,0.0476,0.0110,0.0782,0.0000,0.6219,0.1559,0.1075,0.0047
3,WEEKDAY,17,0.1052,0.0408,0.0343,0.0058,0.0748,0.0000,0.3855,0.1073,0.0878,0.0046
3,WEEKDAY,18,0.0268,0.0123,0.0268,0.0032,0.0720,0.1210,0.3012,0.0757,0.0699,0.0045
3,WEEKDAY,19,0.0086,0.0073,0.0230,0.0021,0.0701,0.1210,0.2417,0.0587,0.0522,0.0039
3,WEEKDAY,20,0.0037,0.0075,0.0191,0.0009,0.0682,0.1210,0.1688,0.0456,0.0283,0.0017
3,WEEKDAY,21,0.0016,0.0098,0.0182,0.0004,0.0675,0.1210,0.1391,0.0408,0.0184,0.0012
3,WEEKDAY,22,0.0003,0.0138,0.0194,0.0006,0.0679,0.0635,0.1539,0.0424,0.0247,0.0022
3,WEEKDAY,23,0.0000,0.0165,0.0188,0.0005,0.0674,0.0635,0.1507,0.0414,0.0219,0.0017
3,SATURDAY,0,0.0000,0.0279,0.0167,0.0000,0.0666,0.0635,0.0980,0.0371,0.0076,0.0000
3,SATURDAY,1,0.0000,0.0333,0.0168,0.0001,0.0667,0.0635,0.1050,0.0380,0.0100,0.0003
3,SATURDAY,2,0.0000,0.0378,0.0176,0.0007,0.0670,0.0635,0.1458,0.0435,0.0240,0.0024
3,SATURDAY,3,0.0000,0.0414,0.0186,0.0015,0.0672,0.0635,0.1836,0.0497,0.0362,0.0041
3,SATURDAY,4,0.0000,0.0444,0.0193,0.0018,0.0673,0.0635,0.1950,0.0522,0.0382,0.0046
3,SATURDAY,5,0.0000,0.0430,0.0201,0.0020,0.0678,0.0635,0.2037,0.0542,0.0382,0.0047
3,SATURDAY,6,0.0000,0.0439,0.0218,0.0024,0.0679,0.0000,0.2238,0.0564,0.0382,0.0047
3,SATURDAY,7,0.0000,0.0217,0.0274,0.0026,0.0681,0.0000,0.2470,0.0626,0.0382,0.0047
3,SATURDAY,8,0.0097,0.0251,0.0301,0.0026,0.0684,0.0000,0.2565,0.0683,0.0382,0.0047
3,SATURDAY,9,0.0325,0.0339,0.0302,0.0026,0.0689,0.0000,0.2577,0.0711,0.0382,0.0047
3,SATURDAY,10,0.0474,0.0375,0.0299,0.0026,0.0691,0.0000,0.2577,0.0717,0.0382,0.0047
3,SATURDAY,11,0.0484,0.0345,0.0297,0.0026,0.0692,0.0000,0.2577,0.0718,0.0382,0.0047
3,SATURDAY,12,0.0509,0.0313,0.0297,0.0026,0.0695,0.0000,0.2577,0.0718,0.0379,0.0047
3,SATURDAY,13,0.0535,0.0285,0.0298,0.0024,0.0695,0.0000,0.2577,0.0718,0.0375,0.0047
3,SATURDAY,14,0.0515,0.0250,0.0301,0.0023,0.0697,0.0000,0.2566,0.0712,0.0370,0.0047
3,SATURDAY,15,0.0439,0.0201,0.0280,0.0021,0.0695,0.0000,0.2473,0.0662,0.0355,0.0045
3,SATURDAY,16,0.0243,0.0121,0.0210,0.0016,0.0687,0.0000,0.2097,0.0535,0.0303,0.0038
3,SATURDAY,17,0.0091,0.0075,0.0179,0.0005,0.0682,0.0000,0.1256,0.0418,0.0140,0.0010
3,SATURDAY,18,0.0041,0.0104,0.0175,0.0007,0.0678,0.1210,0.1344,0.0443,0.0207,0.0019
3,SATURDAY,19,0.0010,0.0111,0.0168,0.0001,0.0674,0.1210,0.1052,0.0385,0.0103,0.0004
3,SATURDAY,20,0.0000,0.0144,0.0167,0.0000,0.0673,0.1210,0.0980,0.0371,0.0076,0.0000
3,SATURDAY,21,0.0000,0.0209,0.0167,0.0000,0.0670,0.1210,0.0980,0.0371,0.0076,0.0000
3,SATURDAY,22,0.0000,0.0237,0.0167,0.0000,0.0670,0.0635,0.0980,0.0371,0.0076,0.0000
3,SATURDAY,23,0.0000,0.0280,0.0167,0.0000,0.0666,0.0635,0.0980,0.0371,0.0076,0.0000
3,SUNDAY,0,0.0000,0.0323,0.0167,0.0000,0.0667,0.0635,0.0980,0.0371,0.0076,0.0001
3,SUNDAY,1,0.0000,0.0341,0.0170,0.0001,0.0668,0.0635,0.1050,0.0380,0.0100,0.0012
3,SUNDAY,2,0.0000,0.0405,0.0181,0.0006,0.0671,0.0635,0.1454,0.0434,0.0240,0.0038
3,SUNDAY,3,0.0000,0.0447,0.0184,0.0014,0.0672,0.0635,0.1823,0.0490,0.0362,0.0044
3,SUNDAY,4,0.0000,0.0457,0.0185,0.0016,0.0672,0.0635,0.1926,0.0507,0.0382,0.0046
3,SUNDAY,5,0.0000,0.0476,0.0185,0.0017,0.0676,0.0635,0.1975,0.0516,0.0382,0.0047
3,SUNDAY,6,0.0000,0.0481,0.0185,0.0017,0.0676,0.0000,0.2005,0.0517,0.0382,0.0047
3,SUNDAY,7,0.0000,0.0246,0.0185,0.0017,0.0677,0.0000,0.2031,0.0517,0.0382,0.0047
3,SUNDAY,8,0.0328,0.0369,0.0185,0.0017,0.0678,0.0000,0.2053,0.0517,0.0382,0.0047
3,SUNDAY,9,0.0455,0.0399,0.0185,0.0017,0.0681,0.0000,0.2057,0.0517,0.0382,0.0047
3,SUNDAY,10,0.0502,0.0394,0.0185,0.0017,0.0682,0.0000,0.2057,0.0517,0.0382,0.0047
3,SUNDAY,11,0.0460,0.0342,0.0185,0.0017,0.0683,0.0000,0.2057,0.0517,0.0382,0.0047
3,SUNDAY,12,0.0456,0.0310,0.0185,0.0017,0.0686,0.0000,0.2057,0.0517,0.0379,0.0047
3,SUNDAY,13,0.0496,0.0288,0.0186,0.0017,0.0686,0.0000,0.2057,0.0517,0.0375,0.0047
3,SUNDAY,14,0.0534,0.0266,0.0186,0.0017,0.0688,0.0000,0.2053,0.0517,0.0370,0.0047
3,SUNDAY,15,0.0383,0.0183,0.0185,0.0016,0.0688,0.0000,0.2031,0.0514,0.0355,0.0045
3,SUNDAY,16,0.0263,0.0127,0.0184,0.0013,0.0685,0.0000,0.1862,0.0491,0.0303,0.0044
3,SUNDAY,17,0.0129,0.0099,0.0182,0.0003,0.0683,0.0000,0.1197,0.0405,0.0140,0.0038
3,SUNDAY,18,0.0046,0.0100,0.0171,0.0006,0.0676,0.1210,0.1330,0.0441,0.0207,0.0014
3,SUNDAY,19,0.0013,0.0136,0.0167,0.0001,0.0674,0.1210,0.1050,0.0385,0.0103,0.0002
3,SUNDAY,20,0.0000,0.0194,0.0167,0.0000,0.0673,0.1210,0.0980,0.0371,0.0076,0.0000
3,SUNDAY,21,0.0000,0.0224,0.0167,0.0000,0.0670,0.1210,0.0980,0.0371,0.0076,0.0000
3,SUNDAY,22,0.0000,0.0246,0.0167,0.0000,0.0670,0.0635,0.0980,0.0371,0.0076,0.0000
3,SUNDAY,23,0.0000,0.0301,0.0167,0.0000,0.0666,0.0635,0.0980,0.0371,0.0076,0.0000
3,HOLIDAY,0,0.0000,0.0000,0.0000,0.0000,0.0000,0.0000,0.0000,0.0000,0.0000,0.0000
3,HOLIDAY,1,0.0000,0.0000,0.0000,0.0000,0.0000,0.0000,0.0000,0.0000,0.0000,0.0000
3,HOLIDAY,2,0.0000,0.0000,0.0000,0.0000,0.0000,0.0000,0.0000,0.0000,0.0000,0.0000
3,HOLIDAY,3,0.0000,0.0000,0.0000,0.0000,0.0000,0.0000,0.0000,0.0000,0.0000,0.0000
3,HOLIDAY,4,0.0000,0.0000,0.0000,0.0000,0.0000,0.0000,0.0000,0.0000,0.0000,0.0000
3,HOLIDAY,5,0.0000,0.0000,0.0000,0.0000,0.0000,0.0000,0.0000,0.0000,0.0000,0.0000
3,HOLIDAY,6,0.0000,0.0000,0.0000,0.0000,0.0000,0.0000,0.0000,0.0000,0.0000,0.0000
3,HOLIDAY,7,0.0000,0.0000,0.0000,0.0000,0.0000,0.0000,0.0000,0.0000,0.0000,0.0000
3,HOLIDAY,8,0.0000,0.0000,0.0000,0.0000,0.0000,0.0000,0.0000,0.0000,0.0000,0.0000
3,HOLIDAY,9,0.0000,0.0000,0.0000,0.0000,0.0000,0.0000,0.0000,0.0000,0.0000,0.0000
3,HOLIDAY,10,0.0000,0.0000,0.0000,0.0000,0.0000,0.0000,0.0000,0.0000,0.0000,0.0000
3,HOLIDAY,11,0.0000,0.0000,0.0000,0.0000,0.0000,0.0000,0.0000,0.0000,0.0000,0.0000
3,HOLIDAY,12,0.0000,0.0000,0.0000,0.0000,0.0000,0.0000,0.0000,0.0000,0.0000,0.0000
3,HOLIDAY,13,0.0000,0.0000,0.0000,0.0000,0.0000,0.0000,0.0000,0.0000,0.0000,0.0000
3,HOLIDAY,14,0.0000,0.0000,0.0000,0.0000,0.0000,0.0000,0.0000,0.0000,0.0000,0.0000
3,HOLIDAY,15,0.0000,0.0000,0.0000,0.0000,0.0000,0.0000,0.0000,0.0000,0.0000,0.0000
3,HOLIDAY,16,0.0000,0.0000,0.0000,0.0000,0.0000,0.0000,0.0000,0.0000,0.0000,0.0000
3,HOLIDAY,17,0.0000,0.0000,0.0000,0.0000,0.0000,0.0000,0.0000,0.0000,0.0000,0.0000
3,HOLIDAY,18,0.0000,0.0000,0.0000,0.0000,0.0000,0.0000,0.0000,0.0000,0.0000,0.0000
3,HOLIDAY,19,0.0000,0.0000,0.0000,0.0000,0.0000,0.0000,0.0000,0.0000,0.0000,0.0000
3,HOLIDAY,20,0.0000,0.0000,0.0000,0.0000,0.0000,0.0000,0.0000,0.0000,0.0000,0.0000
3,HOLIDAY,21,0.0000,0.0000,0.0000,0.0000,0.0000,0.0000,0.0000,0.0000,0.0000,0.0000
3,HOLIDAY,22,0.0000,0.0000,0.0000,0.0000,0.0000,0.0000,0.0000,0.0000,0.0000,0.0000
3,HOLIDAY,23,0.0000,0.0000,0.0000,0.0000,0.0000,0.0000,0.0000,0.0000,0.0000,0.0000
4,WEEKDAY,0,0.0008,0.0130,0.0169,0.0003,0.0672,0.0635,0.1343,0.0400,0.0157,0.0010
4,WEEKDAY,1,0.0002,0.0181,0.0167,0.0003,0.0672,0.0635,0.1307,0.0398,0.0140,0.0009
4,WEEKDAY,2,0.0000,0.0231,0.0172,0.0004,0.0673,0.0635,0.1350,0.0407,0.0145,0.0010
4,WEEKDAY,3,0.0000,0.0232,0.0192,0.0009,0.0679,0.0635,0.1669,0.0453,0.0220,0.0020
4,WEEKDAY,4,0.0000,0.0277,0.0230,0.0017,0.0694,0.0635,0.2111,0.0579,0.0340,0.0030
4,WEEKDAY,5,0.0000,0.0284,0.0306,0.0050,0.0717,0.0144,0.3073,0.0888,0.0515,0.0035
4,WEEKDAY,6,0.0040,0.0271,0.0456,0.0119,0.0752,0.0000,0.4887,0.1479,0.0782,0.0037
4,WEEKDAY,7,0.1269,0.0683,0.0592,0.0184,0.0791,0.0000,0.7362,0.2168,0.1067,0.0041
4,WEEKDAY,8,0.2141,0.0943,0.0639,0.0215,0.0822,0.0000,0.8197,0.2573,0.1218,0.0045
4,WEEKDAY,9,0.2642,0.1085,0.0642,0.0225,0.0840,0.0000,0.8295,0.2686,0.1256,0.0047
4,WEEKDAY,10,0.2954,0.1156,0.0647,0.0227,0.0846,0.0000,0.8304,0.2698,0.1260,0.0047
4,WEEKDAY,11,0.3074,0.1155,0.0648,0.0226,0.0850,0.0000,0.8304,0.2697,0.1260,0.0047
4,WEEKDAY,12,0.3358,0.1197,0.0636,0.0223,0.0850,0.0000,0.8300,0.2677,0.1260,0.0047
4,WEEKDAY,13,0.3957,0.1284,0.0635,0.0212,0.0851,0.0000,0.8227,0.2608,0.1260,0.0047
4,WEEKDAY,14,0.4640,0.1372,0.0615,0.0177,0.0843,0.0000,0.7753,0.2311,0.1240,0.0047
4,WEEKDAY,15,0.3234,0.1134,0.0483,0.0123,0.0797,0.0000,0.6539,0.1711,0.1111,0.0047
4,WEEKDAY,16,0.1853,0.0663,0.0350,0.0070,0.0758,0.0000,0.4397,0.1184,0.0923,0.0047
4,WEEKDAY,17,0.0877,0.0316,0.0268,0.0039,0.0729,0.0935,0.3216,0.0831,0.0740,0.0046
4,WEEKDAY,18,0.0398,0.0156,0.0225,0.0024,0.0707,0.1210,0.2576,0.0629,0.0566,0.0041
4,WEEKDAY,19,0.0234,0.0118,0.0189,0.0012,0.0689,0.1210,0.1890,0.0491,0.0347,0.0023
4,WEEKDAY,20,0.0132,0.0095,0.0175,0.0005,0.0680,0.1210,0.1497,0.0424,0.0219,0.0015
4,WEEKDAY,21,0.0071,0.0097,0.0182,0.0006,0.0681,0.0766,0.1540,0.0424,0.0245,0.0021
4,WEEKDAY,22,0.0045,0.0112,0.0178,0.0005,0.0677,0.0635,0.1513,0.0417,0.0230,0.0019
4,WEEKDAY,23,0.0022,0.0141,0.0167,0.0004,0.0674,0.0635,0.1300,0.0406,0.0186,0.0014
4,SATURDAY,0,0.0000,0.0256,0.0157,0.0001,0.0668,0.0635,0.1033,0.0378,0.0094,0.0003
4,SATURDAY,1,0.0000,0.0264,0.0163,0.0005,0.0671,0.0635,0.1356,0.0422,0.0205,0.0019
4,SATURDAY,2,0.0000,0.0268,0.0172,0.0013,0.0673,0.0635,0.1741,0.0481,0.0332,0.0037
4,SATURDAY,3,0.0000,0.0335,0.0179,0.0017,0.0675,0.0635,0.1921,0.0515,0.0377,0.0044
4,SATURDAY,4,0.0000,0.0395,0.0187,0.0019,0.0678,0.0635,0.2015,0.0537,0.0382,0.0046
4,SATURDAY,5,0.0000,0.0374,0.0201,0.0023,0.0680,0.0159,0.2188,0.0559,0.0382,0.0047
4,SATURDAY,6,0.0000,0.0262,0.0245,0.0025,0.0683,0.0000,0.2412,0.0610,0.0382,0.0047
4,SATURDAY,7,0.0000,0.0239,0.0278,0.0026,0.0686,0.0000,0.2542,0.0669,0.0382,0.0047
4,SATURDAY,8,0.0000,0.0167,0.0285,0.0026,0.0691,0.0000,0.2574,0.0704,0.0382,0.0047
4,SATURDAY,9,0.0467,0.0344,0.0283,0.0026,0.0693,0.0000,0.2577,0.0716,0.0382,0.0047
4,SATURDAY,10,0.0663,0.0386,0.0281,0.0026,0.0694,0.0000,0.2577,0.0718,0.0382,0.0047
4,SATURDAY,11,0.0591,0.0320,0.0280,0.0026,0.0697,0.0000,0.2577,0.0718,0.0380,0.0047
4,SATURDAY,12,0.0684,0.0309,0.0281,0.0024,0.0697,0.0000,0.2577,0.0718,0.0376,0.0047
4,SATURDAY,13,0.0816,0.0336,0.0284,0.0023,0.0699,0.0000,0.2569,0.0713,0.0372,0.0047
4,SATURDAY,14,0.0775,0.0299,0.0269,0.0021,0.0698,0.0000,0.2496,0.0675,0.0359,0.0046
4,SATURDAY,15,0.0796,0.0303,0.0214,0.0018,0.0691,0.0000,0.2191,0.0567,0.0316,0.0040
4,SATURDAY,16,0.0578,0.0230,0.0175,0.0008,0.0685,0.0000,0.1466,0.0448,0.0181,0.0017
4,SATURDAY,17,0.0423,0.0174,0.0165,0.0006,0.0681,0.0907,0.1322,0.0437,0.0191,0.0016
4,SATURDAY,18,0.0220,0.0137,0.0159,0.0003,0.0677,0.1210,0.1125,0.0399,0.0129,0.0007
4,SATURDAY,19,0.0151,0.0185,0.0156,0.0000,0.0675,0.1210,0.0998,0.0375,0.0083,0.0001
4,SATURDAY,20,0.0090,0.0214,0.0156,0.0000,0.0673,0.1210,0.0980,0.0371,0.0076,0.0000
4,SATURDAY,21,0.0032,0.0214,0.0156,0.0000,0.0671,0.0779,0.0980,0.0371,0.0076,0.0000
4,SATURDAY,22,0.0011,0.0219,0.0156,0.0000,0.0669,0.0635,0.0980,0.0371,0.0076,0.0000
4,SATURDAY,23,0.0000,0.0229,0.0156,0.0000,0.0668,0.0635,0.0980,0.0371,0.0076,0.0000
4,SUNDAY,0,0.0000,0.0246,0.0159,0.0001,0.0669,0.0635,0.1050,0.0380,0.0100,0.0012
4,SUNDAY,1,0.0000,0.0255,0.0169,0.0006,0.0672,0.0635,0.1454,0.0434,0.0240,0.0038
4,SUNDAY,2,0.0000,0.0283,0.0172,0.0014,0.0673,0.0635,0.1823,0.0490,0.0362,0.0044
4,SUNDAY,3,0.0000,0.0325,0.0173,0.0016,0.0674,0.0635,0.1926,0.0507,0.0382,0.0046
4,SUNDAY,4,0.0000,0.0349,0.0174,0.0017,0.0677,0.0635,0.1975,0.0516,0.0382,0.0047
4,SUNDAY,5,0.0000,0.0379,0.0174,0.0017,0.0678,0.0000,0.2005,0.0517,0.0382,0.0047
4,SUNDAY,6,0.0000,0.0192,0.0173,0.0017,0.0680,0.0000,0.2031,0.0517,0.0382,0.0047
4,SUNDAY,7,0.0085,0.0209,0.0173,0.0017,0.0680,0.0000,0.2053,0.0517,0.0382,0.0047
4,SUNDAY,8,0.0355,0.0316,0.0173,0.0017,0.0684,0.0000,0.2057,0.0517,0.0382,0.0047
4,SUNDAY,9,0.0648,0.0420,0.0173,0.0017,0.0685,0.0000,0.2057,0.0517,0.0382,0.0047
4,SUNDAY,10,0.0864,0.0461,0.0173,0.0017,0.0685,0.0000,0.2057,0.0517,0.0382,0.0047
4,SUNDAY,11,0.0614,0.0306,0.0174,0.0017,0.0688,0.0000,0.2057,0.0517,0.0379,0.0047
4,SUNDAY,12,0.0831,0.0347,0.0174,0.0017,0.0688,0.0000,0.2057,0.0517,0.0375,0.0047
4,SUNDAY,13,0.0971,0.0361,0.0174,0.0017,0.0691,0.0000,0.2053,0.0517,0.0370,0.0047
4,SUNDAY,14,0.1018,0.0359,0.0174,0.0016,0.0690,0.0000,0.2031,0.0514,0.0355,0.0045
4,SUNDAY,15,0.0902,0.0310,0.0173,0.0013,0.0687,0.0000,0.1862,0.0491,0.0303,0.0044
4,SUNDAY,16,0.0737,0.0238,0.0170,0.0003,0.0685,0.0000,0.1197,0.0405,0.0140,0.0038
4,SUNDAY,17,0.0413,0.0128,0.0160,0.0006,0.0678,0.1210,0.1330,0.0441,0.0207,0.0014
4,SUNDAY,18,0.0242,0.0073,0.0156,0.0001,0.0675,0.1210,0.1050,0.0385,0.0103,0.0002
4,SUNDAY,19,0.0168,0.0065,0.0156,0.0000,0.0675,0.1210,0.0980,0.0371,0.0076,0.0000
4,SUNDAY,20,0.0082,0.0051,0.0156,0.0000,0.0672,0.1210,0.0980,0.0371,0.0076,0.0000
4,SUNDAY,21,0.0041,0.0045,0.0156,0.0000,0.0671,0.0635,0.0980,0.0371,0.0076,0.0000
4,SUNDAY,22,0.0023,0.0058,0.0156,0.0000,0.0668,0.0635,0.0980,0.0371,0.0076,0.0000
4,SUNDAY,23,0.0000,0.0075,0.0189,0.0000,0.0668,0.0635,0.1649,0.0371,0.0076,0.0001
4,HOLIDAY,0,0.0000,0.0000,0.0000,0.0000,0.0000,0.0000,0.0000,0.0000,0.0000,0.0000
4,HOLIDAY,1,0.0000,0.0000,0.0000,0.0000,0.0000,0.0000,0.0000,0.0000,0.0000,0.0000
4,HOLIDAY,2,0.0000,0.0000,0.0000,0.0000,0.0000,0.0000,0.0000,0.0000,0.0000,0.0000
4,HOLIDAY,3,0.0000,0.0000,0.0000,0.0000,0.0000,0.0000,0.0000,0.0000,0.0000,0.0000
4,HOLIDAY,4,0.0000,0.0000,0.0000,0.0000,0.0000,0.0000,0.0000,0.0000,0.0000,0.0000
4,HOLIDAY,5,0.0000,0.0000,0.0000,0.0000,0.0000,0.0000,0.0000,0.0000,0.0000,0.0000
4,HOLIDAY,6,0.0000,0.0000,0.0000,0.0000,0.0000,0.0000,0.0000,0.0000,0.0000,0.0000
4,HOLIDAY,7,0.0000,0.0000,0.0000,0.0000,0.0000,0.0000,0.0000,0.0000,0.0000,0.0000
4,HOLIDAY,8,0.0000,0.0000,0.0000,0.0000,0.0000,0.0000,0.0000,0.0000,0.0000,0.0000
4,HOLIDAY,9,0.0000,0.0000,0.0000,0.0000,0.0000,0.0000,0.0000,0.0000,0.0000,0.0000
4,HOLIDAY,10,0.0000,0.0000,0.0000,0.0000,0.0000,0.0000,0.0000,0.0000,0.0000,0.0000
4,HOLIDAY,11,0.0000,0.0000,0.0000,0.0000,0.0000,0.0000,0.0000,0.0000,0.0000,0.0000
4,HOLIDAY,12,0.0000,0.0000,0.0000,0.0000,0.0000,0.0000,0.0000,0.0000,0.0000,0.0000
4,HOLIDAY,13,0.0000,0.0000,0.0000,0.0000,0.0000,0.0000,0.0000,0.0000,0.0000,0.0000
4,HOLIDAY,14,0.0000,0.0000,0.0000,0.0000,0.0000,0.0000,0.0000,0.0000,0.0000,0.0000
4,HOLIDAY,15,0.0000,0.0000,0.0000,0.0000,0.0000,0.0000,0.0000,0.0000,0.0000,0.0000
4,HOLIDAY,16,0.0000,0.0000,0.0000,0.0000,0.0000,0.0000,0.0000,0.0000,0.0000,0.0000
4,HOLIDAY,17,0.0000,0.0000,0.0000,0.0000,0.0000,0.0000,0.0000,0.0000,0.0000,0.0000
4,HOLIDAY,18,0.0000,0.0000,0.0000,0.0000,0.0000,0.0000,0.0000,0.0000,0.0000,0.0000
4,HOLIDAY,19,0.0000,0.0000,0.0000,0.0000,0.0000,0.0000,0.0000,0.0000,0.0000,0.0000
4,HOLIDAY,20,0.0000,0.0000,0.0000,0.0000,0.0000,0.0000,0.0000,0.0000,0.0000,0.0000
4,HOLIDAY,21,0.0000,0.0000,0.0000,0.0000,0.0000,0.0000,0.0000,0.0000,0.0000,0.0000
4,HOLIDAY,22,0.0000,0.0000,0.0000,0.0000,0.0000,0.0000,0.0000,0.0000,0.0000,0.0000
4,HOLIDAY,23,0.0000,0.0000,0.0000,0.0000,0.0000,0.0000,0.0000,0.0000,0.0000,0.0000
5,WEEKDAY,0,0.0043,0.0051,0.0170,0.0003,0.0674,0.0635,0.1339,0.0401,0.0150,0.0010
5,WEEKDAY,1,0.0020,0.0055,0.0170,0.0004,0.0675,0.0635,0.1346,0.0404,0.0147,0.0011
5,WEEKDAY,2,0.0010,0.0060,0.0177,0.0005,0.0676,0.0635,0.1435,0.0420,0.0164,0.0014
5,WEEKDAY,3,0.0004,0.0069,0.0202,0.0011,0.0684,0.0635,0.1846,0.0478,0.0262,0.0027
5,WEEKDAY,4,0.0002,0.0072,0.0245,0.0021,0.0702,0.0635,0.2307,0.0625,0.0391,0.0036
5,WEEKDAY,5,0.0001,0.0076,0.0330,0.0059,0.0727,0.0000,0.3412,0.0979,0.0580,0.0040
5,WEEKDAY,6,0.0330,0.0239,0.0495,0.0135,0.0763,0.0000,0.5408,0.1628,0.0865,0.0042
5,WEEKDAY,7,0.2189,0.0853,0.0618,0.0195,0.0801,0.0000,0.7894,0.2316,0.1135,0.0044
5,WEEKDAY,8,0.2897,0.1068,0.0640,0.0217,0.0830,0.0000,0.8183,0.2627,0.1239,0.0046
5,WEEKDAY,9,0.3325,0.1203,0.0636,0.0223,0.0844,0.0000,0.8213,0.2676,0.1252,0.0047
5,WEEKDAY,10,0.3653,0.1275,0.0644,0.0224,0.0847,0.0000,0.8213,0.2677,0.1253,0.0047
5,WEEKDAY,11,0.4060,0.1335,0.0643,0.0222,0.0851,0.0000,0.8213,0.2675,0.1252,0.0047
5,WEEKDAY,12,0.4846,0.1483,0.0628,0.0218,0.0850,0.0000,0.8209,0.2650,0.1252,0.0047
5,WEEKDAY,13,0.6770,0.1794,0.0631,0.0206,0.0853,0.0000,0.8116,0.2569,0.1252,0.0047
5,WEEKDAY,14,0.9185,0.2129,0.0605,0.0165,0.0841,0.0000,0.7532,0.2213,0.1226,0.0047
5,WEEKDAY,15,0.4331,0.1430,0.0444,0.0108,0.0785,0.0000,0.6133,0.1550,0.1066,0.0046
5,WEEKDAY,16,0.2509,0.0840,0.0321,0.0057,0.0750,0.0000,0.3806,0.1066,0.0866,0.0045
5,WEEKDAY,17,0.1761,0.0574,0.0251,0.0032,0.0723,0.1210,0.2981,0.0755,0.0691,0.0044
5,WEEKDAY,18,0.1132,0.0352,0.0215,0.0021,0.0703,0.1210,0.2376,0.0582,0.0523,0.0037
5,WEEKDAY,19,0.0648,0.0192,0.0177,0.0008,0.0684,0.1210,0.1629,0.0449,0.0270,0.0014
5,WEEKDAY,20,0.0379,0.0111,0.0169,0.0003,0.0678,0.1210,0.1335,0.0401,0.0168,0.0010
5,WEEKDAY,21,0.0224,0.0069,0.0181,0.0005,0.0682,0.0635,0.1497,0.0419,0.0235,0.0020
5,WEEKDAY,22,0.0121,0.0042,0.0174,0.0004,0.0676,0.0635,0.1451,0.0408,0.0203,0.0015
5,WEEKDAY,23,0.0078,0.0037,0.0167,0.0004,0.0675,0.0635,0.1274,0.0402,0.0162,0.0011
5,SATURDAY,0,0.0000,0.0010,0.0158,0.0001,0.0671,0.0635,0.1050,0.0380,0.0100,0.0003
5,SATURDAY,1,0.0000,0.0027,0.0166,0.0007,0.0674,0.0635,0.1458,0.0435,0.0240,0.0024
5,SATURDAY,2,0.0000,0.0029,0.0176,0.0015,0.0676,0.0635,0.1836,0.0497,0.0362,0.0041
5,SATURDAY,3,0.0000,0.0029,0.0182,0.0018,0.0677,0.0635,0.1950,0.0522,0.0382,0.0046
5,SATURDAY,4,0.0000,0.0040,0.0190,0.0020,0.0682,0.0635,0.2037,0.0542,0.0382,0.0047
5,SATURDAY,5,0.0000,0.0053,0.0207,0.0024,0.0683,0.0000,0.2238,0.0564,0.0382,0.0047
5,SATURDAY,6,0.0000,0.0074,0.0260,0.0026,0.0687,0.0000,0.2470,0.0626,0.0382,0.0047
5,SATURDAY,7,0.0111,0.0107,0.0286,0.0026,0.0689,0.0000,0.2565,0.0683,0.0382,0.0047
5,SATURDAY,8,0.0343,0.0184,0.0287,0.0026,0.0694,0.0000,0.2577,0.0711,0.0382,0.0047
5,SATURDAY,9,0.0404,0.0186,0.0284,0.0026,0.0696,0.0000,0.2577,0.0717,0.0382,0.0047
5,SATURDAY,10,0.0642,0.0262,0.0282,0.0026,0.0696,0.0000,0.2577,0.0718,0.0382,0.0047
5,SATURDAY,11,0.0655,0.0244,0.0282,0.0026,0.0699,0.0000,0.2577,0.0718,0.0379,0.0047
5,SATURDAY,12,0.0805,0.0279,0.0283,0.0024,0.0699,0.0000,0.2577,0.0718,0.0375,0.0047
5,SATURDAY,13,0.1206,0.0406,0.0286,0.0023,0.0701,0.0000,0.2566,0.0712,0.0370,0.0047
5,SATURDAY,14,0.1203,0.0393,0.0266,0.0021,0.0699,0.0000,0.2473,0.0662,0.0355,0.0045
5,SATURDAY,15,0.0963,0.0298,0.0199,0.0016,0.0691,0.0000,0.2097,0.0535,0.0303,0.0038
5,SATURDAY,16,0.0751,0.0229,0.0169,0.0005,0.0685,0.0000,0.1256,0.0418,0.0140,0.0010
5,SATURDAY,17,0.0425,0.0116,0.0164,0.0007,0.0682,0.1210,0.1344,0.0443,0.0207,0.0019
5,SATURDAY,18,0.0327,0.0089,0.0158,0.0001,0.0678,0.1210,0.1052,0.0385,0.0103,0.0004
5,SATURDAY,19,0.0170,0.0048,0.0157,0.0000,0.0677,0.1210,0.0980,0.0371,0.0076,0.0000
5,SATURDAY,20,0.0099,0.0033,0.0157,0.0000,0.0674,0.1210,0.0980,0.0371,0.0076,0.0000
5,SATURDAY,21,0.0037,0.0017,0.0157,0.0000,0.0673,0.0635,0.0980,0.0371,0.0076,0.0000
5,SATURDAY,22,0.0003,0.0013,0.0157,0.0000,0.0670,0.0635,0.0980,0.0371,0.0076,0.0000
5,SATURDAY,23,0.0000,0.0030,0.0157,0.0000,0.0670,0.0635,0.0980,0.0371,0.0076,0.0000
5,SUNDAY,0,0.0000,0.0041,0.0159,0.0001,0.0671,0.0635,0.1050,0.0380,0.0100,0.0012
5,SUNDAY,1,0.0000,0.0044,0.0170,0.0006,0.0675,0.0635,0.1454,0.0434,0.0240,0.0038
5,SUNDAY,2,0.0000,0.0044,0.0173,0.0014,0.0676,0.0635,0.1823,0.0490,0.0362,0.0044
5,SUNDAY,3,0.0000,0.0070,0.0174,0.0016,0.0676,0.0635,0.1926,0.0507,0.0382,0.0046
5,SUNDAY,4,0.0000,0.0108,0.0175,0.0017,0.0680,0.0635,0.1975,0.0516,0.0382,0.0047
5,SUNDAY,5,0.0000,0.0082,0.0175,0.0017,0.0681,0.0000,0.2005,0.0517,0.0382,0.0047
5,SUNDAY,6,0.0112,0.0129,0.0174,0.0017,0.0682,0.0000,0.2031,0.0517,0.0382,0.0047
5,SUNDAY,7,0.0322,0.0211,0.0174,0.0017,0.0682,0.0000,0.2053,0.0517,0.0382,0.0047
5,SUNDAY,8,0.0444,0.0246,0.0174,0.0017,0.0686,0.0000,0.2057,0.0517,0.0382,0.0047
5,SUNDAY,9,0.0632,0.0283,0.0174,0.0017,0.0687,0.0000,0.2057,0.0517,0.0382,0.0047
5,SUNDAY,10,0.0605,0.0240,0.0174,0.0017,0.0687,0.0000,0.2057,0.0517,0.0382,0.0047
5,SUNDAY,11,0.0623,0.0222,0.0175,0.0017,0.0690,0.0000,0.2057,0.0517,0.0379,0.0047
5,SUNDAY,12,0.0999,0.0334,0.0175,0.0017,0.0690,0.0000,0.2057,0.0517,0.0375,0.0047
5,SUNDAY,13,0.1123,0.0358,0.0175,0.0017,0.0693,0.0000,0.2053,0.0517,0.0370,0.0047
5,SUNDAY,14,0.1210,0.0381,0.0175,0.0016,0.0692,0.0000,0.2031,0.0514,0.0355,0.0045
5,SUNDAY,15,0.0959,0.0290,0.0174,0.0013,0.0688,0.0000,0.1862,0.0491,0.0303,0.0044
5,SUNDAY,16,0.1058,0.0324,0.0171,0.0003,0.0687,0.0000,0.1197,0.0405,0.0140,0.0038
5,SUNDAY,17,0.0833,0.0252,0.0160,0.0006,0.0679,0.1210,0.1330,0.0441,0.0207,0.0014
5,SUNDAY,18,0.0557,0.0165,0.0157,0.0001,0.0677,0.1210,0.1050,0.0385,0.0103,0.0002
5,SUNDAY,19,0.0284,0.0080,0.0157,0.0000,0.0677,0.1210,0.0980,0.0371,0.0076,0.0000
5,SUNDAY,20,0.0220,0.0065,0.0157,0.0000,0.0674,0.1210,0.0980,0.0371,0.0076,0.0000
5,SUNDAY,21,0.0161,0.0055,0.0157,0.0000,0.0673,0.0635,0.0980,0.0371,0.0076,0.0000
5,SUNDAY,22,0.0119,0.0060,0.0157,0.0000,0.0670,0.0635,0.0980,0.0371,0.0076,0.0000
5,SUNDAY,23,0.0058,0.0042,0.0182,0.0000,0.0670,0.0635,0.1482,0.0371,0.0076,0.0001
5,HOLIDAY,0,0.0000,0.0000,0.0000,0.0000,0.0000,0.0000,0.0000,0.0000,0.0000,0.0000
5,HOLIDAY,1,0.0000,0.0000,0.0000,0.0000,0.0000,0.0000,0.0000,0.0000,0.0000,0.0000
5,HOLIDAY,2,0.0000,0.0000,0.0000,0.0000,0.0000,0.0000,0.0000,0.0000,0.0000,0.0000
5,HOLIDAY,3,0.0000,0.0000,0.0000,0.0000,0.0000,0.0000,0.0000,0.0000,0.0000,0.0000
5,HOLIDAY,4,0.0000,0.0000,0.0000,0.0000,0.0000,0.0000,0.0000,0.0000,0.0000,0.0000
5,HOLIDAY,5,0.0000,0.0000,0.0000,0.0000,0.0000,0.0000,0.0000,0.0000,0.0000,0.0000
5,HOLIDAY,6,0.0000,0.0000,0.0000,0.0000,0.0000,0.0000,0.0000,0.0000,0.0000,0.0000
5,HOLIDAY,7,0.0000,0.0000,0.0000,0.0000,0.0000,0.0000,0.0000,0.0000,0.0000,0.0000
5,HOLIDAY,8,0.0000,0.0000,0.0000,0.0000,0.0000,0.0000,0.0000,0.0000,0.0000,0.0000
5,HOLIDAY,9,0.0000,0.0000,0.0000,0.0000,0.0000,0.0000,0.0000,0.0000,0.0000,0.0000
5,HOLIDAY,10,0.0000,0.0000,0.0000,0.0000,0.0000,0.0000,0.0000,0.0000,0.0000,0.0000
5,HOLIDAY,11,0.0000,0.0000,0.0000,0.0000,0.0000,0.0000,0.0000,0.0000,0.0000,0.0000
5,HOLIDAY,12,0.0000,0.0000,0.0000,0.0000,0.0000,0.0000,0.0000,0.0000,0.0000,0.0000
5,HOLIDAY,13,0.0000,0.0000,0.0000,0.0000,0.0000,0.0000,0.0000,0.0000,0.0000,0.0000
5,HOLIDAY,14,0.0000,0.0000,0.0000,0.0000,0.0000,0.0000,0.0000,0.0000,0.0000,0.0000
5,HOLIDAY,15,0.0000,0.0000,0.0000,0.0000,0.0000,0.0000,0.0000,0.0000,0.0000,0.0000
5,HOLIDAY,16,0.0000,0.0000,0.0000,0.0000,0.0000,0.0000,0.0000,0.0000,0.0000,0.0000
5,HOLIDAY,17,0.0000,0.0000,0.0000,0.0000,0.0000,0.0000,0.0000,0.0000,0.0000,0.0000
5,HOLIDAY,18,0.0000,0.0000,0.0000,0.0000,0.0000,0.0000,0.0000,0.0000,0.0000,0.0000
5,HOLIDAY,19,0.0000,0.0000,0.0000,0.0000,0.0000,0.0000,0.0000,0.0000,0.0000,0.0000
5,HOLIDAY,20,0.0000,0.0000,0.0000,0.0000,0.0000,0.0000,0.0000,0.0000,0.0000,0.0000
5,HOLIDAY,21,0.0000,0.0000,0.0000,0.0000,0.0000,0.0000,0.0000,0.0000,0.0000,0.0000
5,HOLIDAY,22,0.0000,0.0000,0.0000,0.0000,0.0000,0.0000,0.0000,0.0000,0.0000,0.0000
5,HOLIDAY,23,0.0000,0.0000,0.0000,0.0000,0.0000,0.0000,0.0000,0.0000,0.0000,0.0000
6,WEEKDAY,0,0.0286,0.0079,0.0163,0.0003,0.0676,0.0635,0.1342,0.0400,0.0154,0.0010
6,WEEKDAY,1,0.0188,0.0054,0.0162,0.0003,0.0676,0.0635,0.1318,0.0400,0.0141,0.0009
6,WEEKDAY,2,0.0128,0.0042,0.0168,0.0005,0.0677,0.0635,0.1385,0.0412,0.0153,0.0011
6,WEEKDAY,3,0.0098,0.0034,0.0192,0.0010,0.0685,0.0635,0.1786,0.0470,0.0249,0.0024
6,WEEKDAY,4,0.0085,0.0030,0.0233,0.0020,0.0702,0.0635,0.2244,0.0616,0.0377,0.0033
6,WEEKDAY,5,0.0079,0.0034,0.0316,0.0059,0.0727,0.0000,0.3355,0.0974,0.0566,0.0037
6,WEEKDAY,6,0.0939,0.0362,0.0477,0.0137,0.0764,0.0000,0.5370,0.1632,0.0854,0.0039
6,WEEKDAY,7,0.3004,0.1021,0.0598,0.0198,0.0803,0.0000,0.7960,0.2328,0.1134,0.0042
6,WEEKDAY,8,0.3915,0.1322,0.0621,0.0221,0.0833,0.0000,0.8269,0.2646,0.1244,0.0046
6,WEEKDAY,9,0.4836,0.1549,0.0617,0.0227,0.0847,0.0000,0.8303,0.2697,0.1259,0.0047
6,WEEKDAY,10,0.5809,0.1727,0.0625,0.0228,0.0851,0.0000,0.8304,0.2698,0.1260,0.0047
6,WEEKDAY,11,0.6886,0.1895,0.0624,0.0226,0.0854,0.0000,0.8304,0.2697,0.1260,0.0047
6,WEEKDAY,12,0.9126,0.2252,0.0609,0.0222,0.0854,0.0000,0.8299,0.2671,0.1260,0.0047
6,WEEKDAY,13,1.1977,0.2685,0.0612,0.0210,0.0856,0.0000,0.8206,0.2590,0.1260,0.0047
6,WEEKDAY,14,1.4388,0.3031,0.0587,0.0168,0.0845,0.0000,0.7620,0.2229,0.1234,0.0047
6,WEEKDAY,15,0.5667,0.1811,0.0431,0.0110,0.0788,0.0000,0.6220,0.1559,0.1075,0.0047
6,WEEKDAY,16,0.3599,0.1164,0.0311,0.0058,0.0753,0.0000,0.3858,0.1074,0.0878,0.0047
6,WEEKDAY,17,0.2915,0.0934,0.0244,0.0033,0.0726,0.1210,0.3021,0.0759,0.0699,0.0045
6,WEEKDAY,18,0.2213,0.0694,0.0210,0.0021,0.0706,0.1210,0.2432,0.0589,0.0525,0.0039
6,WEEKDAY,19,0.1649,0.0508,0.0174,0.0009,0.0687,0.1210,0.1700,0.0458,0.0287,0.0017
6,WEEKDAY,20,0.1083,0.0314,0.0166,0.0004,0.0681,0.1210,0.1405,0.0410,0.0189,0.0013
6,WEEKDAY,21,0.0801,0.0228,0.0177,0.0006,0.0685,0.0635,0.1557,0.0426,0.0254,0.0023
6,WEEKDAY,22,0.0608,0.0170,0.0170,0.0005,0.0679,0.0635,0.1493,0.0412,0.0218,0.0017
6,WEEKDAY,23,0.0327,0.0087,0.0159,0.0004,0.0677,0.0635,0.1261,0.0404,0.0174,0.0013
6,SATURDAY,0,0.0113,0.0033,0.0152,0.0001,0.0672,0.0635,0.1050,0.0380,0.0100,0.0003
6,SATURDAY,1,0.0090,0.0028,0.0159,0.0007,0.0675,0.0635,0.1458,0.0435,0.0240,0.0024
6,SATURDAY,2,0.0085,0.0026,0.0169,0.0015,0.0677,0.0635,0.1836,0.0497,0.0362,0.0041
6,SATURDAY,3,0.0086,0.0026,0.0175,0.0018,0.0679,0.0635,0.1950,0.0522,0.0382,0.0046
6,SATURDAY,4,0.0070,0.0023,0.0182,0.0020,0.0683,0.0635,0.2037,0.0542,0.0382,0.0047
6,SATURDAY,5,0.0058,0.0027,0.0197,0.0024,0.0684,0.0000,0.2238,0.0564,0.0382,0.0047
6,SATURDAY,6,0.0377,0.0162,0.0247,0.0026,0.0688,0.0000,0.2470,0.0626,0.0382,0.0047
6,SATURDAY,7,0.1053,0.0398,0.0271,0.0026,0.0690,0.0000,0.2565,0.0683,0.0382,0.0047
6,SATURDAY,8,0.1692,0.0617,0.0273,0.0026,0.0696,0.0000,0.2577,0.0711,0.0382,0.0047
6,SATURDAY,9,0.1970,0.0665,0.0270,0.0026,0.0698,0.0000,0.2577,0.0717,0.0382,0.0047
6,SATURDAY,10,0.2312,0.0726,0.0268,0.0026,0.0698,0.0000,0.2577,0.0718,0.0382,0.0047
6,SATURDAY,11,0.2444,0.0742,0.0268,0.0026,0.0701,0.0000,0.2577,0.0718,0.0379,0.0047
6,SATURDAY,12,0.2744,0.0840,0.0269,0.0024,0.0701,0.0000,0.2577,0.0718,0.0375,0.0047
6,SATURDAY,13,0.2865,0.0871,0.0272,0.0023,0.0703,0.0000,0.2566,0.0712,0.0370,0.0047
6,SATURDAY,14,0.2704,0.0818,0.0253,0.0021,0.0701,0.0000,0.2473,0.0662,0.0355,0.0045
6,SATURDAY,15,0.2596,0.0786,0.0190,0.0016,0.0693,0.0000,0.2097,0.0535,0.0303,0.0038
6,SATURDAY,16,0.2547,0.0785,0.0162,0.0005,0.0687,0.0000,0.1256,0.0418,0.0140,0.0010
6,SATURDAY,17,0.2156,0.0666,0.0158,0.0007,0.0683,0.1210,0.1344,0.0443,0.0207,0.0019
6,SATURDAY,18,0.1631,0.0497,0.0152,0.0001,0.0680,0.1210,0.1052,0.0385,0.0103,0.0004
6,SATURDAY,19,0.1036,0.0297,0.0151,0.0000,0.0679,0.1210,0.0980,0.0371,0.0076,0.0000
6,SATURDAY,20,0.0810,0.0227,0.0151,0.0000,0.0675,0.1210,0.0980,0.0371,0.0076,0.0000
6,SATURDAY,21,0.0570,0.0152,0.0151,0.0000,0.0675,0.0635,0.0980,0.0371,0.0076,0.0000
6,SATURDAY,22,0.0435,0.0117,0.0151,0.0000,0.0672,0.0635,0.0980,0.0371,0.0076,0.0000
6,SATURDAY,23,0.0305,0.0085,0.0151,0.0000,0.0672,0.0635,0.0980,0.0371,0.0076,0.0000
6,SUNDAY,0,0.0198,0.0058,0.0153,0.0001,0.0673,0.0635,0.1050,0.0380,0.0100,0.0012
6,SUNDAY,1,0.0153,0.0046,0.0164,0.0006,0.0676,0.0635,0.1454,0.0434,0.0240,0.0038
6,SUNDAY,2,0.0110,0.0034,0.0166,0.0014,0.0677,0.0635,0.1823,0.0490,0.0362,0.0044
6,SUNDAY,3,0.0106,0.0039,0.0167,0.0016,0.0678,0.0635,0.1926,0.0507,0.0382,0.0046
6,SUNDAY,4,0.0089,0.0036,0.0168,0.0017,0.0681,0.0635,0.1975,0.0516,0.0382,0.0047
6,SUNDAY,5,0.0070,0.0031,0.0168,0.0017,0.0682,0.0000,0.2005,0.0517,0.0382,0.0047
6,SUNDAY,6,0.0058,0.0028,0.0168,0.0017,0.0683,0.0000,0.2031,0.0517,0.0382,0.0047
6,SUNDAY,7,0.0634,0.0243,0.0167,0.0017,0.0683,0.0000,0.2053,0.0517,0.0382,0.0047
6,SUNDAY,8,0.1438,0.0529,0.0167,0.0017,0.0688,0.0000,0.2057,0.0517,0.0382,0.0047
6,SUNDAY,9,0.1825,0.0618,0.0167,0.0017,0.0689,0.0000,0.2057,0.0517,0.0382,0.0047
6,SUNDAY,10,0.2031,0.0648,0.0168,0.0017,0.0689,0.0000,0.2057,0.0517,0.0382,0.0047
6,SUNDAY,11,0.2057,0.0627,0.0168,0.0017,0.0692,0.0000,0.2057,0.0517,0.0379,0.0047
6,SUNDAY,12,0.2264,0.0684,0.0168,0.0017,0.0692,0.0000,0.2057,0.0517,0.0375,0.0047
6,SUNDAY,13,0.2641,0.0807,0.0168,0.0017,0.0695,0.0000,0.2053,0.0517,0.0370,0.0047
6,SUNDAY,14,0.2620,0.0793,0.0168,0.0016,0.0694,0.0000,0.2031,0.0514,0.0355,0.0045
6,SUNDAY,15,0.2484,0.0750,0.0167,0.0013,0.0690,0.0000,0.1862,0.0491,0.0303,0.0044
6,SUNDAY,16,0.2251,0.0679,0.0165,0.0003,0.0689,0.0000,0.1197,0.0405,0.0140,0.0038
6,SUNDAY,17,0.1932,0.0583,0.0154,0.0006,0.0681,0.1210,0.1330,0.0441,0.0207,0.0014
6,SUNDAY,18,0.1646,0.0500,0.0151,0.0001,0.0679,0.1210,0.1050,0.0385,0.0103,0.0002
6,SUNDAY,19,0.0992,0.0286,0.0151,0.0000,0.0678,0.1210,0.0980,0.0371,0.0076,0.0000
6,SUNDAY,20,0.0856,0.0250,0.0151,0.0000,0.0675,0.1210,0.0980,0.0371,0.0076,0.0000
6,SUNDAY,21,0.0668,0.0188,0.0151,0.0000,0.0675,0.0635,0.0980,0.0371,0.0076,0.0000
6,SUNDAY,22,0.0454,0.0123,0.0151,0.0000,0.0672,0.0635,0.0980,0.0371,0.0076,0.0000
6,SUNDAY,23,0.0355,0.0093,0.0180,0.0000,0.0672,0.0635,0.1649,0.0371,0.0076,0.0001
6,HOLIDAY,0,0.0000,0.0000,0.0000,0.0000,0.0000,0.0000,0.0000,0.0000,0.0000,0.0000
6,HOLIDAY,1,0.0000,0.0000,0.0000,0.0000,0.0000,0.0000,0.0000,0.0000,0.0000,0.0000
6,HOLIDAY,2,0.0000,0.0000,0.0000,0.0000,0.0000,0.0000,0.0000,0.0000,0.0000,0.0000
6,HOLIDAY,3,0.0000,0.0000,0.0000,0.0000,0.0000,0.0000,0.0000,0.0000,0.0000,0.0000
6,HOLIDAY,4,0.0000,0.0000,0.0000,0.0000,0.0000,0.0000,0.0000,0.0000,0.0000,0.0000
6,HOLIDAY,5,0.0000,0.0000,0.0000,0.0000,0.0000,0.0000,0.0000,0.0000,0.0000,0.0000
6,HOLIDAY,6,0.0000,0.0000,0.0000,0.0000,0.0000,0.0000,0.0000,0.0000,0.0000,0.0000
6,HOLIDAY,7,0.0000,0.0000,0.0000,0.0000,0.0000,0.0000,0.0000,0.0000,0.0000,0.0000
6,HOLIDAY,8,0.0000,0.0000,0.0000,0.0000,0.0000,0.0000,0.0000,0.0000,0.0000,0.0000
6,HOLIDAY,9,0.0000,0.0000,0.0000,0.0000,0.0000,0.0000,0.0000,0.0000,0.0000,0.0000
6,HOLIDAY,10,0.0000,0.0000,0.0000,0.0000,0.0000,0.0000,0.0000,0.0000,0.0000,0.0000
6,HOLIDAY,11,0.0000,0.0000,0.0000,0.0000,0.0000,0.0000,0.0000,0.0000,0.0000,0.0000
6,HOLIDAY,12,0.0000,0.0000,0.0000,0.0000,0.0000,0.0000,0.0000,0.0000,0.0000,0.0000
6,HOLIDAY,13,0.0000,0.0000,0.0000,0.0000,0.0000,0.0000,0.0000,0.0000,0.0000,0.0000
6,HOLIDAY,14,0.0000,0.0000,0.0000,0.0000,0.0000,0.0000,0.0000,0.0000,0.0000,0.0000
6,HOLIDAY,15,0.0000,0.0000,0.0000,0.0000,0.0000,0.0000,0.0000,0.0000,0.0000,0.0000
6,HOLIDAY,16,0.0000,0.0000,0.0000,0.0000,0.0000,0.0000,0.0000,0.0000,0.0000,0.0000
6,HOLIDAY,17,0.0000,0.0000,0.0000,0.0000,0.0000,0.0000,0.0000,0.0000,0.0000,0.0000
6,HOLIDAY,18,0.0000,0.0000,0.0000,0.0000,0.0000,0.0000,0.0000,0.0000,0.0000,0.0000
6,HOLIDAY,19,0.0000,0.0000,0.0000,0.0000,0.0000,0.0000,0.0000,0.0000,0.0000,0.0000
6,HOLIDAY,20,0.0000,0.0000,0.0000,0.0000,0.0000,0.0000,0.0000,0.0000,0.0000,0.0000
6,HOLIDAY,21,0.0000,0.0000,0.0000,0.0000,0.0000,0.0000,0.0000,0.0000,0.0000,0.0000
6,HOLIDAY,22,0.0000,0.0000,0.0000,0.0000,0.0000,0.0000,0.0000,0.0000,0.0000,0.0000
6,HOLIDAY,23,0.0000,0.0000,0.0000,0.0000,0.0000,0.0000,0.0000,0.0000,0.0000,0.0000
7,WEEKDAY,0,0.0988,0.0281,0.0149,0.0003,0.0679,0.0635,0.1331,0.0399,0.0152,0.0010
7,WEEKDAY,1,0.0681,0.0187,0.0148,0.0003,0.0678,0.0635,0.1301,0.0397,0.0137,0.0008
7,WEEKDAY,2,0.0493,0.0132,0.0154,0.0004,0.0680,0.0635,0.1365,0.0410,0.0147,0.0010
7,WEEKDAY,3,0.0400,0.0108,0.0176,0.0010,0.0687,0.0635,0.1760,0.0466,0.0242,0.0023
7,WEEKDAY,4,0.0325,0.0085,0.0214,0.0019,0.0705,0.0635,0.2215,0.0612,0.0369,0.0032
7,WEEKDAY,5,0.0562,0.0168,0.0290,0.0059,0.0729,0.0000,0.3326,0.0970,0.0558,0.0035
7,WEEKDAY,6,0.1968,0.0653,0.0438,0.0136,0.0766,0.0000,0.5345,0.1628,0.0847,0.0038
7,WEEKDAY,7,0.4283,0.1403,0.0549,0.0198,0.0806,0.0000,0.7951,0.2326,0.1130,0.0042
7,WEEKDAY,8,0.5837,0.1783,0.0571,0.0220,0.0836,0.0000,0.8268,0.2645,0.1243,0.0046
7,WEEKDAY,9,0.8223,0.2223,0.0567,0.0227,0.0851,0.0000,0.8303,0.2697,0.1259,0.0047
7,WEEKDAY,10,1.0696,0.2583,0.0574,0.0228,0.0855,0.0000,0.8304,0.2698,0.1260,0.0047
7,WEEKDAY,11,1.2676,0.2866,0.0573,0.0226,0.0858,0.0000,0.8304,0.2697,0.1260,0.0047
7,WEEKDAY,12,1.5272,0.3257,0.0560,0.0222,0.0858,0.0000,0.8299,0.2671,0.1260,0.0047
7,WEEKDAY,13,1.8289,0.3704,0.0563,0.0210,0.0860,0.0000,0.8206,0.2590,0.1260,0.0047
7,WEEKDAY,14,2.0024,0.3975,0.0539,0.0168,0.0849,0.0000,0.7620,0.2229,0.1234,0.0047
7,WEEKDAY,15,0.7411,0.2260,0.0394,0.0110,0.0792,0.0000,0.6220,0.1559,0.1075,0.0047
7,WEEKDAY,16,0.5012,0.1545,0.0285,0.0058,0.0757,0.0000,0.3860,0.1074,0.0878,0.0047
7,WEEKDAY,17,0.4157,0.1292,0.0225,0.0033,0.0729,0.1210,0.3026,0.0760,0.0699,0.0046
7,WEEKDAY,18,0.3462,0.1081,0.0194,0.0021,0.0710,0.1210,0.2443,0.0590,0.0526,0.0040
7,WEEKDAY,19,0.2913,0.0923,0.0161,0.0009,0.0691,0.1210,0.1723,0.0461,0.0293,0.0018
7,WEEKDAY,20,0.2529,0.0783,0.0154,0.0004,0.0685,0.1210,0.1430,0.0413,0.0197,0.0014
7,WEEKDAY,21,0.2158,0.0657,0.0165,0.0006,0.0689,0.0635,0.1574,0.0428,0.0260,0.0024
7,WEEKDAY,22,0.1779,0.0533,0.0157,0.0005,0.0682,0.0635,0.1498,0.0413,0.0222,0.0017
7,WEEKDAY,23,0.1431,0.0422,0.0144,0.0004,0.0680,0.0635,0.1201,0.0405,0.0176,0.0013
7,SATURDAY,0,0.0584,0.0154,0.0139,0.0001,0.0675,0.0635,0.1050,0.0380,0.0100,0.0003
7,SATURDAY,1,0.0473,0.0125,0.0146,0.0007,0.0678,0.0635,0.1458,0.0435,0.0240,0.0024
7,SATURDAY,2,0.0441,0.0117,0.0155,0.0015,0.0680,0.0635,0.1836,0.0497,0.0362,0.0041
7,SATURDAY,3,0.0338,0.0091,0.0161,0.0018,0.0682,0.0635,0.1950,0.0522,0.0382,0.0046
7,SATURDAY,4,0.0315,0.0085,0.0168,0.0020,0.0686,0.0635,0.2037,0.0542,0.0382,0.0047
7,SATURDAY,5,0.0286,0.0077,0.0183,0.0024,0.0687,0.0000,0.2238,0.0564,0.0382,0.0047
7,SATURDAY,6,0.0743,0.0240,0.0231,0.0026,0.0690,0.0000,0.2470,0.0626,0.0382,0.0047
7,SATURDAY,7,0.1269,0.0417,0.0254,0.0026,0.0693,0.0000,0.2565,0.0683,0.0382,0.0047
7,SATURDAY,8,0.1830,0.0614,0.0256,0.0026,0.0700,0.0000,0.2577,0.0711,0.0382,0.0047
7,SATURDAY,9,0.2480,0.0817,0.0253,0.0026,0.0702,0.0000,0.2577,0.0717,0.0382,0.0047
7,SATURDAY,10,0.2735,0.0862,0.0251,0.0026,0.0702,0.0000,0.2577,0.0718,0.0382,0.0047
7,SATURDAY,11,0.2823,0.0868,0.0251,0.0026,0.0705,0.0000,0.2577,0.0718,0.0379,0.0047
7,SATURDAY,12,0.2949,0.0905,0.0252,0.0024,0.0705,0.0000,0.2577,0.0718,0.0375,0.0047
7,SATURDAY,13,0.3046,0.0927,0.0254,0.0023,0.0708,0.0000,0.2566,0.0712,0.0370,0.0047
7,SATURDAY,14,0.3070,0.0929,0.0236,0.0021,0.0706,0.0000,0.2473,0.0662,0.0355,0.0045
7,SATURDAY,15,0.2994,0.0912,0.0176,0.0016,0.0697,0.0000,0.2097,0.0535,0.0303,0.0038
7,SATURDAY,16,0.2778,0.0856,0.0149,0.0005,0.0691,0.0000,0.1256,0.0418,0.0140,0.0010
7,SATURDAY,17,0.2500,0.0778,0.0145,0.0007,0.0687,0.1210,0.1344,0.0443,0.0207,0.0019
7,SATURDAY,18,0.1910,0.0578,0.0139,0.0001,0.0684,0.1210,0.1052,0.0385,0.0103,0.0004
7,SATURDAY,19,0.0969,0.0252,0.0138,0.0000,0.0682,0.1210,0.0980,0.0371,0.0076,0.0000
7,SATURDAY,20,0.0889,0.0235,0.0138,0.0000,0.0679,0.1210,0.0980,0.0371,0.0076,0.0000
7,SATURDAY,21,0.1051,0.0302,0.0138,0.0000,0.0678,0.0635,0.0980,0.0371,0.0076,0.0000
7,SATURDAY,22,0.0658,0.0174,0.0138,0.0000,0.0675,0.0635,0.0980,0.0371,0.0076,0.0000
7,SATURDAY,23,0.0494,0.0131,0.0138,0.0000,0.0675,0.0635,0.0980,0.0371,0.0076,0.0000
7,SUNDAY,0,0.0327,0.0087,0.0141,0.0001,0.0676,0.0635,0.1050,0.0380,0.0100,0.0012
7,SUNDAY,1,0.0283,0.0075,0.0150,0.0006,0.0679,0.0635,0.1454,0.0434,0.0240,0.0038
7,SUNDAY,2,0.0255,0.0068,0.0153,0.0014,0.0680,0.0635,0.1823,0.0490,0.0362,0.0044
7,SUNDAY,3,0.0258,0.0069,0.0154,0.0016,0.0681,0.0635,0.1926,0.0507,0.0382,0.0046
7,SUNDAY,4,0.0244,0.0065,0.0155,0.0017,0.0684,0.0635,0.1975,0.0516,0.0382,0.0047
7,SUNDAY,5,0.0225,0.0060,0.0154,0.0017,0.0684,0.0000,0.2005,0.0517,0.0382,0.0047
7,SUNDAY,6,0.1057,0.0361,0.0154,0.0017,0.0686,0.0000,0.2031,0.0517,0.0382,0.0047
7,SUNDAY,7,0.1361,0.0470,0.0154,0.0017,0.0687,0.0000,0.2053,0.0517,0.0382,0.0047
7,SUNDAY,8,0.1975,0.0673,0.0154,0.0017,0.0692,0.0000,0.2057,0.0517,0.0382,0.0047
7,SUNDAY,9,0.2393,0.0782,0.0154,0.0017,0.0693,0.0000,0.2057,0.0517,0.0382,0.0047
7,SUNDAY,10,0.2812,0.0882,0.0154,0.0017,0.0693,0.0000,0.2057,0.0517,0.0382,0.0047
7,SUNDAY,11,0.2802,0.0868,0.0154,0.0017,0.0696,0.0000,0.2057,0.0517,0.0379,0.0047
7,SUNDAY,12,0.2957,0.0908,0.0155,0.0017,0.0696,0.0000,0.2057,0.0517,0.0375,0.0047
7,SUNDAY,13,0.3177,0.0961,0.0155,0.0017,0.0699,0.0000,0.2053,0.0517,0.0370,0.0047
7,SUNDAY,14,0.3210,0.0971,0.0154,0.0016,0.0699,0.0000,0.2031,0.0514,0.0355,0.0045
7,SUNDAY,15,0.3226,0.0976,0.0154,0.0013,0.0694,0.0000,0.1862,0.0491,0.0303,0.0044
7,SUNDAY,16,0.3045,0.0931,0.0151,0.0003,0.0693,0.0000,0.1197,0.0405,0.0140,0.0038
7,SUNDAY,17,0.2745,0.0843,0.0142,0.0006,0.0685,0.1210,0.1330,0.0441,0.0207,0.0014
7,SUNDAY,18,0.2116,0.0647,0.0138,0.0001,0.0683,0.1210,0.1050,0.0385,0.0103,0.0002
7,SUNDAY,19,0.1595,0.0472,0.0138,0.0000,0.0682,0.1210,0.0980,0.0371,0.0076,0.0000
7,SUNDAY,20,0.1332,0.0386,0.0138,0.0000,0.0679,0.1210,0.0980,0.0371,0.0076,0.0000
7,SUNDAY,21,0.0800,0.0209,0.0138,0.0000,0.0678,0.0635,0.0980,0.0371,0.0076,0.0000
7,SUNDAY,22,0.0642,0.0168,0.0138,0.0000,0.0675,0.0635,0.0980,0.0371,0.0076,0.0000
7,SUNDAY,23,0.0832,0.0240,0.0169,0.0000,0.0675,0.0635,0.1649,0.0371,0.0076,0.0001
7,HOLIDAY,0,0.0493,0.0131,0.0139,0.0001,0.0675,0.0635,0.1050,0.0380,0.0087,0.0003
7,HOLIDAY,1,0.0292,0.0079,0.0146,0.0006,0.0678,0.0635,0.1454,0.0434,0.0151,0.0024
7,HOLIDAY,2,0.0293,0.0079,0.0152,0.0014,0.0680,0.0635,0.1823,0.0490,0.0206,0.0041
7,HOLIDAY,3,0.0288,0.0078,0.0154,0.0016,0.0681,0.0635,0.1926,0.0507,0.0215,0.0046
7,HOLIDAY,4,0.0272,0.0074,0.0155,0.0017,0.0684,0.0635,0.1975,0.0516,0.0215,0.0047
7,HOLIDAY,5,0.0247,0.0067,0.0154,0.0017,0.0684,0.0000,0.2005,0.0517,0.0215,0.0047
7,HOLIDAY,6,0.0231,0.0063,0.0154,0.0017,0.0686,0.0000,0.2031,0.0517,0.0215,0.0047
7,HOLIDAY,7,0.0666,0.0214,0.0154,0.0017,0.0687,0.0000,0.2053,0.0517,0.0215,0.0047
7,HOLIDAY,8,0.1324,0.0463,0.0154,0.0017,0.0692,0.0000,0.2057,0.0517,0.0215,0.0047
7,HOLIDAY,9,0.2005,0.0689,0.0154,0.0017,0.0693,0.0000,0.2057,0.0517,0.0215,0.0047
7,HOLIDAY,10,0.1958,0.0648,0.0154,0.0017,0.0693,0.0000,0.2057,0.0517,0.0215,0.0047
7,HOLIDAY,11,0.1899,0.0625,0.0154,0.0017,0.0696,0.0000,0.2057,0.0517,0.0214,0.0047
7,HOLIDAY,12,0.1984,0.0644,0.0155,0.0017,0.0696,0.0000,0.2057,0.0517,0.0212,0.0047
7,HOLIDAY,13,0.2015,0.0650,0.0155,0.0017,0.0699,0.0000,0.2053,0.0517,0.0210,0.0047
7,HOLIDAY,14,0.2164,0.0682,0.0154,0.0016,0.0699,0.0000,0.2031,0.0514,0.0203,0.0045
7,HOLIDAY,15,0.2210,0.0693,0.0152,0.0013,0.0693,0.0000,0.1862,0.0491,0.0179,0.0038
7,HOLIDAY,16,0.2166,0.0675,0.0142,0.0003,0.0689,0.0000,0.1197,0.0405,0.0105,0.0010
7,HOLIDAY,17,0.1973,0.0616,0.0144,0.0006,0.0686,0.1210,0.1330,0.0441,0.0195,0.0019
7,HOLIDAY,18,0.0855,0.0222,0.0139,0.0001,0.0683,0.1210,0.1050,0.0385,0.0382,0.0004
7,HOLIDAY,19,0.0815,0.0216,0.0138,0.0000,0.0682,0.1210,0.0980,0.0371,0.0135,0.0000
7,HOLIDAY,20,0.0715,0.0189,0.0138,0.0000,0.0679,0.1210,0.0980,0.0371,0.0076,0.0000
7,HOLIDAY,21,0.0572,0.0151,0.0138,0.0000,0.0678,0.0635,0.0980,0.0371,0.0076,0.0000
7,HOLIDAY,22,0.0309,0.0083,0.0138,0.0000,0.0675,0.0635,0.0980,0.0371,0.0076,0.0000
7,HOLIDAY,23,0.0297,0.0078,0.0179,0.0000,0.0675,0.0635,0.1991,0.0371,0.0076,0.0000
8,WEEKDAY,0,0.1550,0.0461,0.0148,0.0004,0.0679,0.0635,0.1364,0.0403,0.0159,0.0011
8,WEEKDAY,1,0.1174,0.0339,0.0147,0.0004,0.0678,0.0635,0.1345,0.0403,0.0148,0.0010
8,WEEKDAY,2,0.0812,0.0224,0.0153,0.0005,0.0680,0.0635,0.1413,0.0416,0.0161,0.0013
8,WEEKDAY,3,0.0838,0.0244,0.0174,0.0011,0.0687,0.0635,0.1809,0.0473,0.0256,0.0025
8,WEEKDAY,4,0.0553,0.0147,0.0211,0.0020,0.0705,0.0635,0.2266,0.0619,0.0384,0.0034
8,WEEKDAY,5,0.0690,0.0197,0.0286,0.0059,0.0729,0.0000,0.3383,0.0976,0.0575,0.0037
8,WEEKDAY,6,0.2619,0.0865,0.0432,0.0137,0.0766,0.0000,0.5411,0.1634,0.0867,0.0039
8,WEEKDAY,7,0.5428,0.1788,0.0541,0.0198,0.0806,0.0000,0.7999,0.2330,0.1148,0.0043
8,WEEKDAY,8,0.8266,0.2275,0.0561,0.0221,0.0837,0.0000,0.8305,0.2646,0.1258,0.0046
8,WEEKDAY,9,1.1127,0.2734,0.0558,0.0227,0.0852,0.0000,0.8338,0.2698,0.1273,0.0047
8,WEEKDAY,10,1.3773,0.3101,0.0564,0.0228,0.0855,0.0000,0.8338,0.2698,0.1273,0.0047
8,WEEKDAY,11,1.5864,0.3399,0.0563,0.0226,0.0858,0.0000,0.8338,0.2697,0.1273,0.0047
8,WEEKDAY,12,1.8723,0.3836,0.0550,0.0222,0.0858,0.0000,0.8334,0.2671,0.1273,0.0047
8,WEEKDAY,13,2.1405,0.4242,0.0553,0.0210,0.0860,0.0000,0.8241,0.2589,0.1273,0.0047
8,WEEKDAY,14,2.2913,0.4487,0.0530,0.0168,0.0849,0.0000,0.7653,0.2229,0.1247,0.0047
8,WEEKDAY,15,0.8184,0.2458,0.0388,0.0110,0.0792,0.0000,0.6248,0.1559,0.1088,0.0047
8,WEEKDAY,16,0.5585,0.1719,0.0280,0.0058,0.0757,0.0000,0.3875,0.1073,0.0889,0.0046
8,WEEKDAY,17,0.4629,0.1423,0.0219,0.0032,0.0729,0.1210,0.3027,0.0758,0.0706,0.0045
8,WEEKDAY,18,0.3805,0.1190,0.0188,0.0021,0.0709,0.1210,0.2427,0.0587,0.0527,0.0039
8,WEEKDAY,19,0.3271,0.1035,0.0155,0.0009,0.0690,0.1210,0.1686,0.0456,0.0284,0.0016
8,WEEKDAY,20,0.2928,0.0916,0.0149,0.0004,0.0684,0.1210,0.1387,0.0407,0.0184,0.0012
8,WEEKDAY,21,0.2615,0.0808,0.0159,0.0006,0.0687,0.0635,0.1540,0.0424,0.0248,0.0022
8,WEEKDAY,22,0.2303,0.0701,0.0153,0.0005,0.0682,0.0635,0.1497,0.0412,0.0217,0.0017
8,WEEKDAY,23,0.1845,0.0552,0.0145,0.0004,0.0680,0.0635,0.1281,0.0406,0.0176,0.0013
8,SATURDAY,0,0.1720,0.0511,0.0137,0.0001,0.0675,0.0635,0.1050,0.0380,0.0100,0.0003
8,SATURDAY,1,0.1281,0.0370,0.0143,0.0007,0.0677,0.0635,0.1458,0.0435,0.0240,0.0024
8,SATURDAY,2,0.1056,0.0298,0.0152,0.0015,0.0680,0.0635,0.1836,0.0497,0.0362,0.0041
8,SATURDAY,3,0.0854,0.0243,0.0157,0.0018,0.0681,0.0635,0.1950,0.0522,0.0382,0.0046
8,SATURDAY,4,0.0629,0.0172,0.0164,0.0020,0.0685,0.0635,0.2037,0.0542,0.0382,0.0047
8,SATURDAY,5,0.0592,0.0161,0.0179,0.0024,0.0686,0.0000,0.2238,0.0564,0.0382,0.0047
8,SATURDAY,6,0.2471,0.0843,0.0224,0.0026,0.0690,0.0000,0.2470,0.0626,0.0382,0.0047
8,SATURDAY,7,0.3405,0.1120,0.0247,0.0026,0.0693,0.0000,0.2565,0.0683,0.0382,0.0047
8,SATURDAY,8,0.3889,0.1212,0.0248,0.0026,0.0700,0.0000,0.2577,0.0711,0.0382,0.0047
8,SATURDAY,9,0.4531,0.1349,0.0245,0.0026,0.0702,0.0000,0.2577,0.0717,0.0382,0.0047
8,SATURDAY,10,0.5142,0.1464,0.0244,0.0026,0.0703,0.0000,0.2577,0.0718,0.0382,0.0047
8,SATURDAY,11,0.5244,0.1492,0.0243,0.0026,0.0706,0.0000,0.2577,0.0718,0.0379,0.0047
8,SATURDAY,12,0.5417,0.1543,0.0245,0.0024,0.0705,0.0000,0.2577,0.0718,0.0375,0.0047
8,SATURDAY,13,0.5497,0.1578,0.0247,0.0023,0.0708,0.0000,0.2566,0.0712,0.0370,0.0047
8,SATURDAY,14,0.5275,0.1526,0.0230,0.0021,0.0705,0.0000,0.2473,0.0662,0.0355,0.0045
8,SATURDAY,15,0.5092,0.1475,0.0172,0.0016,0.0697,0.0000,0.2097,0.0535,0.0303,0.0038
8,SATURDAY,16,0.4665,0.1362,0.0146,0.0005,0.0691,0.0000,0.1256,0.0418,0.0140,0.0010
8,SATURDAY,17,0.4205,0.1247,0.0143,0.0007,0.0687,0.1210,0.1344,0.0443,0.0207,0.0019
8,SATURDAY,18,0.3644,0.1096,0.0137,0.0001,0.0683,0.1210,0.1052,0.0385,0.0103,0.0004
8,SATURDAY,19,0.3152,0.0964,0.0136,0.0000,0.0682,0.1210,0.0980,0.0371,0.0076,0.0000
8,SATURDAY,20,0.2770,0.0838,0.0136,0.0000,0.0678,0.1210,0.0980,0.0371,0.0076,0.0000
8,SATURDAY,21,0.2351,0.0703,0.0136,0.0000,0.0678,0.0635,0.0980,0.0371,0.0076,0.0000
8,SATURDAY,22,0.2198,0.0660,0.0136,0.0000,0.0674,0.0635,0.0980,0.0371,0.0076,0.0000
8,SATURDAY,23,0.1858,0.0561,0.0136,0.0000,0.0674,0.0635,0.0980,0.0371,0.0076,0.0000
8,SUNDAY,0,0.1487,0.0440,0.0138,0.0001,0.0675,0.0635,0.1050,0.0380,0.0100,0.0012
8,SUNDAY,1,0.0934,0.0254,0.0147,0.0006,0.0679,0.0635,0.1454,0.0434,0.0240,0.0038
8,SUNDAY,2,0.0686,0.0177,0.0150,0.0014,0.0679,0.0635,0.1823,0.0490,0.0362,0.0044
8,SUNDAY,3,0.0908,0.0258,0.0151,0.0016,0.0680,0.0635,0.1926,0.0507,0.0382,0.0046
8,SUNDAY,4,0.0591,0.0153,0.0151,0.0017,0.0683,0.0635,0.1975,0.0516,0.0382,0.0047
8,SUNDAY,5,0.0538,0.0139,0.0151,0.0017,0.0684,0.0000,0.2005,0.0517,0.0382,0.0047
8,SUNDAY,6,0.2195,0.0758,0.0151,0.0017,0.0685,0.0000,0.2031,0.0517,0.0382,0.0047
8,SUNDAY,7,0.3015,0.1003,0.0151,0.0017,0.0686,0.0000,0.2053,0.0517,0.0382,0.0047
8,SUNDAY,8,0.3526,0.1122,0.0151,0.0017,0.0692,0.0000,0.2057,0.0517,0.0382,0.0047
8,SUNDAY,9,0.3977,0.1241,0.0151,0.0017,0.0693,0.0000,0.2057,0.0517,0.0382,0.0047
8,SUNDAY,10,0.4541,0.1336,0.0151,0.0017,0.0693,0.0000,0.2057,0.0517,0.0382,0.0047
8,SUNDAY,11,0.4456,0.1311,0.0151,0.0017,0.0696,0.0000,0.2057,0.0517,0.0379,0.0047
8,SUNDAY,12,0.4658,0.1362,0.0151,0.0017,0.0696,0.0000,0.2057,0.0517,0.0375,0.0047
8,SUNDAY,13,0.4798,0.1402,0.0152,0.0017,0.0699,0.0000,0.2053,0.0517,0.0370,0.0047
8,SUNDAY,14,0.4828,0.1406,0.0151,0.0016,0.0698,0.0000,0.2031,0.0514,0.0355,0.0045
8,SUNDAY,15,0.4569,0.1347,0.0151,0.0013,0.0694,0.0000,0.1862,0.0491,0.0303,0.0044
8,SUNDAY,16,0.4274,0.1271,0.0148,0.0003,0.0692,0.0000,0.1197,0.0405,0.0140,0.0038
8,SUNDAY,17,0.3862,0.1156,0.0139,0.0006,0.0684,0.1210,0.1330,0.0441,0.0207,0.0014
8,SUNDAY,18,0.3257,0.0987,0.0136,0.0001,0.0682,0.1210,0.1050,0.0385,0.0103,0.0002
8,SUNDAY,19,0.2629,0.0791,0.0136,0.0000,0.0682,0.1210,0.0980,0.0371,0.0076,0.0000
8,SUNDAY,20,0.2506,0.0770,0.0136,0.0000,0.0678,0.1210,0.0980,0.0371,0.0076,0.0000
8,SUNDAY,21,0.1893,0.0563,0.0136,0.0000,0.0678,0.0635,0.0980,0.0371,0.0076,0.0000
8,SUNDAY,22,0.1851,0.0551,0.0136,0.0000,0.0674,0.0635,0.0980,0.0371,0.0076,0.0000
8,SUNDAY,23,0.1792,0.0539,0.0164,0.0000,0.0674,0.0635,0.1649,0.0371,0.0076,0.0001
8,HOLIDAY,0,0.0000,0.0000,0.0000,0.0000,0.0000,0.0000,0.0000,0.0000,0.0000,0.0000
8,HOLIDAY,1,0.0000,0.0000,0.0000,0.0000,0.0000,0.0000,0.0000,0.0000,0.0000,0.0000
8,HOLIDAY,2,0.0000,0.0000,0.0000,0.0000,0.0000,0.0000,0.0000,0.0000,0.0000,0.0000
8,HOLIDAY,3,0.0000,0.0000,0.0000,0.0000,0.0000,0.0000,0.0000,0.0000,0.0000,0.0000
8,HOLIDAY,4,0.0000,0.0000,0.0000,0.0000,0.0000,0.0000,0.0000,0.0000,0.0000,0.0000
8,HOLIDAY,5,0.0000,0.0000,0.0000,0.0000,0.0000,0.0000,0.0000,0.0000,0.0000,0.0000
8,HOLIDAY,6,0.0000,0.0000,0.0000,0.0000,0.0000,0.0000,0.0000,0.0000,0.0000,0.0000
8,HOLIDAY,7,0.0000,0.0000,0.0000,0.0000,0.0000,0.0000,0.0000,0.0000,0.0000,0.0000
8,HOLIDAY,8,0.0000,0.0000,0.0000,0.0000,0.0000,0.0000,0.0000,0.0000,0.0000,0.0000
8,HOLIDAY,9,0.0000,0.0000,0.0000,0.0000,0.0000,0.0000,0.0000,0.0000,0.0000,0.0000
8,HOLIDAY,10,0.0000,0.0000,0.0000,0.0000,0.0000,0.0000,0.0000,0.0000,0.0000,0.0000
8,HOLIDAY,11,0.0000,0.0000,0.0000,0.0000,0.0000,0.0000,0.0000,0.0000,0.0000,0.0000
8,HOLIDAY,12,0.0000,0.0000,0.0000,0.0000,0.0000,0.0000,0.0000,0.0000,0.0000,0.0000
8,HOLIDAY,13,0.0000,0.0000,0.0000,0.0000,0.0000,0.0000,0.0000,0.0000,0.0000,0.0000
8,HOLIDAY,14,0.0000,0.0000,0.0000,0.0000,0.0000,0.0000,0.0000,0.0000,0.0000,0.0000
8,HOLIDAY,15,0.0000,0.0000,0.0000,0.0000,0.0000,0.0000,0.0000,0.0000,0.0000,0.0000
8,HOLIDAY,16,0.0000,0.0000,0.0000,0.0000,0.0000,0.0000,0.0000,0.0000,0.0000,0.0000
8,HOLIDAY,17,0.0000,0.0000,0.0000,0.0000,0.0000,0.0000,0.0000,0.0000,0.0000,0.0000
8,HOLIDAY,18,0.0000,0.0000,0.0000,0.0000,0.0000,0.0000,0.0000,0.0000,0.0000,0.0000
8,HOLIDAY,19,0.0000,0.0000,0.0000,0.0000,0.0000,0.0000,0.0000,0.0000,0.0000,0.0000
8,HOLIDAY,20,0.0000,0.0000,0.0000,0.0000,0.0000,0.0000,0.0000,0.0000,0.0000,0.0000
8,HOLIDAY,21,0.0000,0.0000,0.0000,0.0000,0.0000,0.0000,0.0000,0.0000,0.0000,0.0000
8,HOLIDAY,22,0.0000,0.0000,0.0000,0.0000,0.0000,0.0000,0.0000,0.0000,0.0000,0.0000
8,HOLIDAY,23,0.0000,0.0000,0.0000,0.0000,0.0000,0.0000,0.0000,0.0000,0.0000,0.0000
9,WEEKDAY,0,0.1268,0.0381,0.0147,0.0003,0.0679,0.0635,0.1342,0.0400,0.0154,0.0010
9,WEEKDAY,1,0.0868,0.0248,0.0147,0.0003,0.0678,0.0635,0.1318,0.0400,0.0141,0.0009
9,WEEKDAY,2,0.0573,0.0156,0.0152,0.0005,0.0680,0.0635,0.1385,0.0412,0.0153,0.0011
9,WEEKDAY,3,0.0482,0.0131,0.0175,0.0010,0.0687,0.0635,0.1786,0.0470,0.0249,0.0024
9,WEEKDAY,4,0.0381,0.0102,0.0212,0.0020,0.0705,0.0635,0.2246,0.0616,0.0378,0.0033
9,WEEKDAY,5,0.0466,0.0133,0.0286,0.0059,0.0729,0.0000,0.3364,0.0974,0.0569,0.0037
9,WEEKDAY,6,0.1802,0.0605,0.0432,0.0137,0.0766,0.0000,0.5394,0.1632,0.0862,0.0039
9,WEEKDAY,7,0.4614,0.1512,0.0541,0.0198,0.0806,0.0000,0.7993,0.2328,0.1145,0.0042
9,WEEKDAY,8,0.5948,0.1865,0.0562,0.0221,0.0836,0.0000,0.8304,0.2646,0.1257,0.0046
9,WEEKDAY,9,0.7548,0.2153,0.0558,0.0227,0.0851,0.0000,0.8338,0.2697,0.1273,0.0047
9,WEEKDAY,10,0.9652,0.2482,0.0565,0.0228,0.0855,0.0000,0.8338,0.2698,0.1273,0.0047
9,WEEKDAY,11,1.2345,0.2873,0.0564,0.0226,0.0859,0.0000,0.8338,0.2697,0.1273,0.0047
9,WEEKDAY,12,1.6003,0.3412,0.0551,0.0222,0.0858,0.0000,0.8334,0.2671,0.1273,0.0047
9,WEEKDAY,13,1.9226,0.3895,0.0554,0.0210,0.0860,0.0000,0.8241,0.2590,0.1273,0.0047
9,WEEKDAY,14,2.0460,0.4078,0.0530,0.0168,0.0849,0.0000,0.7653,0.2229,0.1247,0.0047
9,WEEKDAY,15,0.7375,0.2270,0.0387,0.0110,0.0792,0.0000,0.6248,0.1559,0.1088,0.0047
9,WEEKDAY,16,0.4869,0.1525,0.0281,0.0058,0.0757,0.0000,0.3878,0.1074,0.0889,0.0047
9,WEEKDAY,17,0.3902,0.1218,0.0221,0.0033,0.0728,0.1210,0.3033,0.0759,0.0706,0.0045
9,WEEKDAY,18,0.3241,0.1030,0.0190,0.0021,0.0710,0.1210,0.2439,0.0589,0.0529,0.0039
9,WEEKDAY,19,0.2817,0.0891,0.0157,0.0009,0.0691,0.1210,0.1704,0.0458,0.0289,0.0017
9,WEEKDAY,20,0.2504,0.0781,0.0150,0.0004,0.0685,0.1210,0.1406,0.0410,0.0190,0.0013
9,WEEKDAY,21,0.2125,0.0650,0.0161,0.0006,0.0688,0.0635,0.1557,0.0426,0.0254,0.0023
9,WEEKDAY,22,0.1725,0.0524,0.0154,0.0005,0.0682,0.0635,0.1493,0.0412,0.0218,0.0017
9,WEEKDAY,23,0.1350,0.0403,0.0144,0.0004,0.0680,0.0635,0.1261,0.0404,0.0174,0.0013
9,SATURDAY,0,0.0428,0.0113,0.0137,0.0001,0.0675,0.0635,0.1050,0.0380,0.0100,0.0003
9,SATURDAY,1,0.0322,0.0086,0.0144,0.0007,0.0678,0.0635,0.1458,0.0435,0.0240,0.0024
9,SATURDAY,2,0.0304,0.0080,0.0153,0.0015,0.0680,0.0635,0.1836,0.0497,0.0362,0.0041
9,SATURDAY,3,0.0250,0.0067,0.0158,0.0018,0.0681,0.0635,0.1950,0.0522,0.0382,0.0046
9,SATURDAY,4,0.0223,0.0060,0.0166,0.0020,0.0685,0.0635,0.2037,0.0542,0.0382,0.0047
9,SATURDAY,5,0.0190,0.0051,0.0181,0.0024,0.0686,0.0000,0.2238,0.0564,0.0382,0.0047
9,SATURDAY,6,0.1086,0.0377,0.0228,0.0026,0.0690,0.0000,0.2470,0.0626,0.0382,0.0047
9,SATURDAY,7,0.2166,0.0755,0.0252,0.0026,0.0693,0.0000,0.2565,0.0683,0.0382,0.0047
9,SATURDAY,8,0.2678,0.0931,0.0253,0.0026,0.0700,0.0000,0.2577,0.0711,0.0382,0.0047
9,SATURDAY,9,0.2887,0.0955,0.0251,0.0026,0.0702,0.0000,0.2577,0.0717,0.0382,0.0047
9,SATURDAY,10,0.3289,0.1044,0.0249,0.0026,0.0703,0.0000,0.2577,0.0718,0.0382,0.0047
9,SATURDAY,11,0.3473,0.1063,0.0248,0.0026,0.0706,0.0000,0.2577,0.0718,0.0379,0.0047
9,SATURDAY,12,0.3715,0.1130,0.0250,0.0024,0.0705,0.0000,0.2577,0.0718,0.0375,0.0047
9,SATURDAY,13,0.3822,0.1172,0.0252,0.0023,0.0708,0.0000,0.2566,0.0712,0.0370,0.0047
9,SATURDAY,14,0.3765,0.1148,0.0234,0.0021,0.0705,0.0000,0.2473,0.0662,0.0355,0.0045
9,SATURDAY,15,0.3542,0.1078,0.0174,0.0016,0.0697,0.0000,0.2097,0.0535,0.0303,0.0038
9,SATURDAY,16,0.3179,0.0971,0.0146,0.0005,0.0690,0.0000,0.1256,0.0418,0.0140,0.0010
9,SATURDAY,17,0.2682,0.0826,0.0143,0.0007,0.0686,0.1210,0.1344,0.0443,0.0207,0.0019
9,SATURDAY,18,0.2074,0.0642,0.0137,0.0001,0.0683,0.1210,0.1052,0.0385,0.0103,0.0004
9,SATURDAY,19,0.1729,0.0521,0.0136,0.0000,0.0682,0.1210,0.0980,0.0371,0.0076,0.0000
9,SATURDAY,20,0.1302,0.0380,0.0136,0.0000,0.0679,0.1210,0.0980,0.0371,0.0076,0.0000
9,SATURDAY,21,0.1023,0.0294,0.0136,0.0000,0.0678,0.0635,0.0980,0.0371,0.0076,0.0000
9,SATURDAY,22,0.0742,0.0211,0.0136,0.0000,0.0675,0.0635,0.0980,0.0371,0.0076,0.0000
9,SATURDAY,23,0.0458,0.0120,0.0136,0.0000,0.0675,0.0635,0.0980,0.0371,0.0076,0.0000
9,SUNDAY,0,0.0787,0.0232,0.0138,0.0001,0.0676,0.0635,0.1050,0.0380,0.0100,0.0012
9,SUNDAY,1,0.0666,0.0196,0.0148,0.0006,0.0679,0.0635,0.1454,0.0434,0.0240,0.0038
9,SUNDAY,2,0.0520,0.0146,0.0151,0.0014,0.0680,0.0635,0.1823,0.0490,0.0362,0.0044
9,SUNDAY,3,0.0379,0.0100,0.0151,0.0016,0.0680,0.0635,0.1926,0.0507,0.0382,0.0046
9,SUNDAY,4,0.0345,0.0091,0.0152,0.0017,0.0683,0.0635,0.1975,0.0516,0.0382,0.0047
9,SUNDAY,5,0.0304,0.0082,0.0152,0.0017,0.0684,0.0000,0.2005,0.0517,0.0382,0.0047
9,SUNDAY,6,0.0831,0.0279,0.0152,0.0017,0.0685,0.0000,0.2031,0.0517,0.0382,0.0047
9,SUNDAY,7,0.2246,0.0779,0.0151,0.0017,0.0686,0.0000,0.2053,0.0517,0.0382,0.0047
9,SUNDAY,8,0.2819,0.0945,0.0152,0.0017,0.0692,0.0000,0.2057,0.0517,0.0382,0.0047
9,SUNDAY,9,0.3628,0.1129,0.0152,0.0017,0.0693,0.0000,0.2057,0.0517,0.0382,0.0047
9,SUNDAY,10,0.3931,0.1166,0.0152,0.0017,0.0693,0.0000,0.2057,0.0517,0.0382,0.0047
9,SUNDAY,11,0.4197,0.1225,0.0152,0.0017,0.0696,0.0000,0.2057,0.0517,0.0379,0.0047
9,SUNDAY,12,0.4403,0.1296,0.0152,0.0017,0.0696,0.0000,0.2057,0.0517,0.0375,0.0047
9,SUNDAY,13,0.4544,0.1333,0.0152,0.0017,0.0699,0.0000,0.2053,0.0517,0.0370,0.0047
9,SUNDAY,14,0.4515,0.1328,0.0152,0.0016,0.0698,0.0000,0.2031,0.0514,0.0355,0.0045
9,SUNDAY,15,0.4350,0.1285,0.0151,0.0013,0.0694,0.0000,0.1862,0.0491,0.0303,0.0044
9,SUNDAY,16,0.3956,0.1174,0.0149,0.0003,0.0692,0.0000,0.1197,0.0405,0.0140,0.0038
9,SUNDAY,17,0.3433,0.1023,0.0139,0.0006,0.0684,0.1210,0.1330,0.0441,0.0207,0.0014
9,SUNDAY,18,0.2943,0.0907,0.0136,0.0001,0.0682,0.1210,0.1050,0.0385,0.0103,0.0002
9,SUNDAY,19,0.2476,0.0753,0.0136,0.0000,0.0682,0.1210,0.0980,0.0371,0.0076,0.0000
9,SUNDAY,20,0.2019,0.0608,0.0136,0.0000,0.0679,0.1210,0.0980,0.0371,0.0076,0.0000
9,SUNDAY,21,0.1780,0.0536,0.0136,0.0000,0.0678,0.0635,0.0980,0.0371,0.0076,0.0000
9,SUNDAY,22,0.1355,0.0397,0.0136,0.0000,0.0675,0.0635,0.0980,0.0371,0.0076,0.0000
9,SUNDAY,23,0.1455,0.0441,0.0160,0.0000,0.0675,0.0635,0.1515,0.0371,0.0076,0.0001
9,HOLIDAY,0,0.2405,0.0779,0.0137,0.0001,0.0675,0.0635,0.1050,0.0380,0.0087,0.0003
9,HOLIDAY,1,0.2259,0.0705,0.0143,0.0006,0.0678,0.0635,0.1454,0.0434,0.0151,0.0024
9,HOLIDAY,2,0.1599,0.0465,0.0150,0.0014,0.0679,0.0635,0.1823,0.0490,0.0206,0.0041
9,HOLIDAY,3,0.2048,0.0641,0.0151,0.0016,0.0680,0.0635,0.1927,0.0507,0.0215,0.0046
9,HOLIDAY,4,0.0990,0.0263,0.0152,0.0017,0.0683,0.0635,0.1978,0.0516,0.0217,0.0047
9,HOLIDAY,5,0.0930,0.0248,0.0153,0.0018,0.0684,0.0000,0.2021,0.0517,0.0222,0.0047
9,HOLIDAY,6,0.2234,0.0742,0.0154,0.0018,0.0685,0.0000,0.2076,0.0517,0.0231,0.0047
9,HOLIDAY,7,0.3280,0.1031,0.0155,0.0018,0.0686,0.0000,0.2115,0.0517,0.0239,0.0047
9,HOLIDAY,8,0.4208,0.1237,0.0155,0.0018,0.0692,0.0000,0.2122,0.0517,0.0241,0.0047
9,HOLIDAY,9,0.5234,0.1454,0.0155,0.0018,0.0693,0.0000,0.2123,0.0517,0.0242,0.0047
9,HOLIDAY,10,0.5992,0.1608,0.0156,0.0018,0.0693,0.0000,0.2123,0.0517,0.0241,0.0047
9,HOLIDAY,11,0.6158,0.1681,0.0156,0.0018,0.0696,0.0000,0.2123,0.0517,0.0240,0.0047
9,HOLIDAY,12,0.6572,0.1797,0.0156,0.0018,0.0696,0.0000,0.2123,0.0517,0.0239,0.0047
9,HOLIDAY,13,0.6438,0.1807,0.0156,0.0018,0.0699,0.0000,0.2118,0.0517,0.0236,0.0047
9,HOLIDAY,14,0.6437,0.1767,0.0156,0.0017,0.0698,0.0000,0.2093,0.0514,0.0229,0.0045
9,HOLIDAY,15,0.5905,0.1680,0.0153,0.0014,0.0693,0.0000,0.1916,0.0491,0.0205,0.0038
9,HOLIDAY,16,0.5383,0.1563,0.0142,0.0004,0.0688,0.0000,0.1233,0.0405,0.0126,0.0010
9,HOLIDAY,17,0.4767,0.1400,0.0143,0.0006,0.0685,0.1210,0.1353,0.0441,0.0209,0.0019
9,HOLIDAY,18,0.4152,0.1244,0.0137,0.0001,0.0683,0.1210,0.1063,0.0385,0.0391,0.0004
9,HOLIDAY,19,0.3609,0.1103,0.0136,0.0000,0.0682,0.1210,0.0987,0.0371,0.0140,0.0000
9,HOLIDAY,20,0.3226,0.1002,0.0136,0.0000,0.0679,0.1210,0.0983,0.0371,0.0078,0.0000
9,HOLIDAY,21,0.2936,0.0910,0.0136,0.0000,0.0678,0.0635,0.0981,0.0371,0.0077,0.0000
9,HOLIDAY,22,0.2699,0.0848,0.0136,0.0000,0.0675,0.0635,0.0980,0.0371,0.0076,0.0000
9,HOLIDAY,23,0.2583,0.0814,0.0136,0.0000,0.0675,0.0635,0.1111,0.0371,0.0076,0.0000
10,WEEKDAY,0,0.0120,0.0049,0.0144,0.0003,0.0675,0.0635,0.1324,0.0398,0.0150,0.0010
10,WEEKDAY,1,0.0081,0.0047,0.0143,0.0003,0.0674,0.0635,0.1296,0.0397,0.0136,0.0008
10,WEEKDAY,2,0.0044,0.0046,0.0147,0.0004,0.0676,0.0635,0.1350,0.0407,0.0144,0.0010
10,WEEKDAY,3,0.0026,0.0051,0.0166,0.0009,0.0682,0.0635,0.1710,0.0458,0.0230,0.0021
10,WEEKDAY,4,0.0022,0.0058,0.0202,0.0018,0.0698,0.0635,0.2181,0.0592,0.0358,0.0032
10,WEEKDAY,5,0.0016,0.0063,0.0270,0.0053,0.0722,0.0110,0.3187,0.0914,0.0540,0.0037
10,WEEKDAY,6,0.0259,0.0192,0.0402,0.0124,0.0757,0.0000,0.5042,0.1520,0.0810,0.0039
10,WEEKDAY,7,0.2609,0.1042,0.0515,0.0187,0.0796,0.0000,0.7514,0.2209,0.1087,0.0042
10,WEEKDAY,8,0.3969,0.1489,0.0550,0.0217,0.0827,0.0000,0.8214,0.2591,0.1225,0.0045
10,WEEKDAY,9,0.4417,0.1601,0.0551,0.0225,0.0845,0.0000,0.8297,0.2688,0.1256,0.0047
10,WEEKDAY,10,0.4799,0.1645,0.0556,0.0227,0.0850,0.0000,0.8304,0.2698,0.1260,0.0047
10,WEEKDAY,11,0.5652,0.1747,0.0556,0.0226,0.0854,0.0000,0.8304,0.2697,0.1260,0.0047
10,WEEKDAY,12,0.7539,0.2048,0.0546,0.0222,0.0854,0.0000,0.8300,0.2676,0.1260,0.0047
10,WEEKDAY,13,1.1127,0.2583,0.0546,0.0212,0.0856,0.0000,0.8222,0.2604,0.1260,0.0047
10,WEEKDAY,14,1.2971,0.2857,0.0527,0.0175,0.0846,0.0000,0.7722,0.2292,0.1238,0.0047
10,WEEKDAY,15,0.6045,0.1850,0.0406,0.0120,0.0797,0.0000,0.6463,0.1676,0.1103,0.0047
10,WEEKDAY,16,0.3475,0.1141,0.0294,0.0067,0.0758,0.0000,0.4269,0.1158,0.0913,0.0047
10,WEEKDAY,17,0.2371,0.0771,0.0226,0.0037,0.0729,0.0999,0.3168,0.0814,0.0730,0.0046
10,WEEKDAY,18,0.1690,0.0545,0.0191,0.0023,0.0709,0.1210,0.2536,0.0619,0.0554,0.0040
10,WEEKDAY,19,0.1116,0.0353,0.0159,0.0011,0.0690,0.1210,0.1815,0.0479,0.0323,0.0020
10,WEEKDAY,20,0.0695,0.0214,0.0148,0.0005,0.0681,0.1210,0.1439,0.0416,0.0201,0.0013
10,WEEKDAY,21,0.0480,0.0150,0.0155,0.0005,0.0683,0.0735,0.1525,0.0422,0.0242,0.0021
10,WEEKDAY,22,0.0335,0.0106,0.0152,0.0005,0.0679,0.0635,0.1505,0.0415,0.0225,0.0018
10,WEEKDAY,23,0.0196,0.0065,0.0143,0.0004,0.0676,0.0635,0.1295,0.0403,0.0175,0.0012
10,SATURDAY,0,0.0061,0.0050,0.0135,0.0001,0.0671,0.0635,0.1050,0.0380,0.0100,0.0003
10,SATURDAY,1,0.0034,0.0043,0.0141,0.0007,0.0674,0.0635,0.1458,0.0435,0.0240,0.0024
10,SATURDAY,2,0.0025,0.0041,0.0150,0.0015,0.0677,0.0635,0.1836,0.0497,0.0362,0.0041
10,SATURDAY,3,0.0014,0.0048,0.0155,0.0018,0.0678,0.0635,0.1950,0.0522,0.0382,0.0046
10,SATURDAY,4,0.0001,0.0047,0.0162,0.0020,0.0682,0.0635,0.2037,0.0542,0.0382,0.0047
10,SATURDAY,5,0.0000,0.0051,0.0177,0.0024,0.0683,0.0000,0.2238,0.0564,0.0382,0.0047
10,SATURDAY,6,0.0000,0.0080,0.0223,0.0026,0.0687,0.0000,0.2470,0.0626,0.0382,0.0047
10,SATURDAY,7,0.0646,0.0338,0.0246,0.0026,0.0690,0.0000,0.2565,0.0683,0.0382,0.0047
10,SATURDAY,8,0.1327,0.0599,0.0247,0.0026,0.0696,0.0000,0.2577,0.0711,0.0382,0.0047
10,SATURDAY,9,0.1778,0.0740,0.0244,0.0026,0.0698,0.0000,0.2577,0.0717,0.0382,0.0047
10,SATURDAY,10,0.2011,0.0749,0.0242,0.0026,0.0699,0.0000,0.2577,0.0718,0.0382,0.0047
10,SATURDAY,11,0.2048,0.0701,0.0242,0.0026,0.0702,0.0000,0.2577,0.0718,0.0379,0.0047
10,SATURDAY,12,0.2356,0.0771,0.0244,0.0024,0.0701,0.0000,0.2577,0.0718,0.0375,0.0047
10,SATURDAY,13,0.2588,0.0830,0.0246,0.0023,0.0703,0.0000,0.2566,0.0712,0.0370,0.0047
10,SATURDAY,14,0.2597,0.0808,0.0228,0.0021,0.0701,0.0000,0.2473,0.0662,0.0355,0.0045
10,SATURDAY,15,0.2251,0.0711,0.0170,0.0016,0.0692,0.0000,0.2097,0.0535,0.0303,0.0038
10,SATURDAY,16,0.1860,0.0576,0.0144,0.0005,0.0686,0.0000,0.1256,0.0418,0.0140,0.0010
10,SATURDAY,17,0.1291,0.0402,0.0141,0.0007,0.0682,0.1210,0.1344,0.0443,0.0207,0.0019
10,SATURDAY,18,0.0872,0.0265,0.0135,0.0001,0.0679,0.1210,0.1052,0.0385,0.0103,0.0004
10,SATURDAY,19,0.0459,0.0129,0.0134,0.0000,0.0678,0.1210,0.0980,0.0371,0.0076,0.0000
10,SATURDAY,20,0.0378,0.0111,0.0134,0.0000,0.0674,0.1210,0.0980,0.0371,0.0076,0.0000
10,SATURDAY,21,0.0278,0.0088,0.0134,0.0000,0.0674,0.0635,0.0980,0.0371,0.0076,0.0000
10,SATURDAY,22,0.0164,0.0066,0.0134,0.0000,0.0671,0.0635,0.0980,0.0371,0.0076,0.0000
10,SATURDAY,23,0.0066,0.0047,0.0134,0.0000,0.0671,0.0635,0.0980,0.0371,0.0076,0.0000
10,SUNDAY,0,0.0026,0.0040,0.0136,0.0001,0.0672,0.0635,0.1032,0.0378,0.0094,0.0009
10,SUNDAY,1,0.0015,0.0042,0.0143,0.0005,0.0674,0.0635,0.1353,0.0421,0.0205,0.0031
10,SUNDAY,2,0.0009,0.0043,0.0147,0.0012,0.0676,0.0635,0.1731,0.0476,0.0332,0.0043
10,SUNDAY,3,0.0002,0.0042,0.0148,0.0016,0.0677,0.0635,0.1900,0.0503,0.0377,0.0045
10,SUNDAY,4,0.0000,0.0084,0.0149,0.0017,0.0679,0.0635,0.1962,0.0514,0.0382,0.0046
10,SUNDAY,5,0.0000,0.0069,0.0149,0.0017,0.0680,0.0159,0.1997,0.0517,0.0382,0.0047
10,SUNDAY,6,0.0000,0.0076,0.0149,0.0017,0.0681,0.0000,0.2024,0.0517,0.0382,0.0047
10,SUNDAY,7,0.0681,0.0376,0.0149,0.0017,0.0683,0.0000,0.2048,0.0517,0.0382,0.0047
10,SUNDAY,8,0.1652,0.0740,0.0149,0.0017,0.0687,0.0000,0.2056,0.0517,0.0382,0.0047
10,SUNDAY,9,0.2037,0.0825,0.0149,0.0017,0.0688,0.0000,0.2057,0.0517,0.0382,0.0047
10,SUNDAY,10,0.2247,0.0830,0.0149,0.0017,0.0689,0.0000,0.2057,0.0517,0.0382,0.0047
10,SUNDAY,11,0.2375,0.0795,0.0149,0.0017,0.0692,0.0000,0.2057,0.0517,0.0380,0.0047
10,SUNDAY,12,0.2632,0.0856,0.0149,0.0017,0.0692,0.0000,0.2057,0.0517,0.0376,0.0047
10,SUNDAY,13,0.2813,0.0890,0.0149,0.0017,0.0694,0.0000,0.2054,0.0517,0.0372,0.0047
10,SUNDAY,14,0.2787,0.0886,0.0149,0.0017,0.0694,0.0000,0.2036,0.0515,0.0359,0.0046
10,SUNDAY,15,0.2580,0.0816,0.0149,0.0014,0.0691,0.0000,0.1904,0.0497,0.0316,0.0044
10,SUNDAY,16,0.1999,0.0624,0.0147,0.0006,0.0688,0.0000,0.1363,0.0427,0.0181,0.0039
10,SUNDAY,17,0.1376,0.0415,0.0139,0.0005,0.0682,0.0907,0.1297,0.0432,0.0191,0.0020
10,SUNDAY,18,0.1149,0.0355,0.0135,0.0002,0.0679,0.1210,0.1120,0.0399,0.0129,0.0005
10,SUNDAY,19,0.0781,0.0243,0.0134,0.0000,0.0678,0.1210,0.0998,0.0375,0.0083,0.0000
10,SUNDAY,20,0.0597,0.0190,0.0134,0.0000,0.0675,0.1210,0.0980,0.0371,0.0076,0.0000
10,SUNDAY,21,0.0306,0.0091,0.0134,0.0000,0.0674,0.0779,0.0980,0.0371,0.0076,0.0000
10,SUNDAY,22,0.0238,0.0076,0.0134,0.0000,0.0672,0.0635,0.0980,0.0371,0.0076,0.0000
10,SUNDAY,23,0.0158,0.0056,0.0155,0.0000,0.0671,0.0635,0.1482,0.0371,0.0076,0.0001
10,HOLIDAY,0,0.0000,0.0000,0.0000,0.0000,0.0000,0.0000,0.0000,0.0000,0.0000,0.0000
10,HOLIDAY,1,0.0000,0.0000,0.0000,0.0000,0.0000,0.0000,0.0000,0.0000,0.0000,0.0000
10,HOLIDAY,2,0.0000,0.0000,0.0000,0.0000,0.0000,0.0000,0.0000,0.0000,0.0000,0.0000
10,HOLIDAY,3,0.0000,0.0000,0.0000,0.0000,0.0000,0.0000,0.0000,0.0000,0.0000,0.0000
10,HOLIDAY,4,0.0000,0.0000,0.0000,0.0000,0.0000,0.0000,0.0000,0.0000,0.0000,0.0000
10,HOLIDAY,5,0.0000,0.0000,0.0000,0.0000,0.0000,0.0000,0.0000,0.0000,0.0000,0.0000
10,HOLIDAY,6,0.0000,0.0000,0.0000,0.0000,0.0000,0.0000,0.0000,0.0000,0.0000,0.0000
10,HOLIDAY,7,0.0000,0.0000,0.0000,0.0000,0.0000,0.0000,0.0000,0.0000,0.0000,0.0000
10,HOLIDAY,8,0.0000,0.0000,0.0000,0.0000,0.0000,0.0000,0.0000,0.0000,0.0000,0.0000
10,HOLIDAY,9,0.0000,0.0000,0.0000,0.0000,0.0000,0.0000,0.0000,0.0000,0.0000,0.0000
10,HOLIDAY,10,0.0000,0.0000,0.0000,0.0000,0.0000,0.0000,0.0000,0.0000,0.0000,0.0000
10,HOLIDAY,11,0.0000,0.0000,0.0000,0.0000,0.0000,0.0000,0.0000,0.0000,0.0000,0.0000
10,HOLIDAY,12,0.0000,0.0000,0.0000,0.0000,0.0000,0.0000,0.0000,0.0000,0.0000,0.0000
10,HOLIDAY,13,0.0000,0.0000,0.0000,0.0000,0.0000,0.0000,0.0000,0.0000,0.0000,0.0000
10,HOLIDAY,14,0.0000,0.0000,0.0000,0.0000,0.0000,0.0000,0.0000,0.0000,0.0000,0.0000
10,HOLIDAY,15,0.0000,0.0000,0.0000,0.0000,0.0000,0.0000,0.0000,0.0000,0.0000,0.0000
10,HOLIDAY,16,0.0000,0.0000,0.0000,0.0000,0.0000,0.0000,0.0000,0.0000,0.0000,0.0000
10,HOLIDAY,17,0.0000,0.0000,0.0000,0.0000,0.0000,0.0000,0.0000,0.0000,0.0000,0.0000
10,HOLIDAY,18,0.0000,0.0000,0.0000,0.0000,0.0000,0.0000,0.0000,0.0000,0.0000,0.0000
10,HOLIDAY,19,0.0000,0.0000,0.0000,0.0000,0.0000,0.0000,0.0000,0.0000,0.0000,0.0000
10,HOLIDAY,20,0.0000,0.0000,0.0000,0.0000,0.0000,0.0000,0.0000,0.0000,0.0000,0.0000
10,HOLIDAY,21,0.0000,0.0000,0.0000,0.0000,0.0000,0.0000,0.0000,0.0000,0.0000,0.0000
10,HOLIDAY,22,0.0000,0.0000,0.0000,0.0000,0.0000,0.0000,0.0000,0.0000,0.0000,0.0000
10,HOLIDAY,23,0.0000,0.0000,0.0000,0.0000,0.0000,0.0000,0.0000,0.0000,0.0000,0.0000
11,WEEKDAY,0,0.0000,0.0137,0.0163,0.0004,0.0672,0.0635,0.1388,0.0404,0.0173,0.0013
11,WEEKDAY,1,0.0000,0.0170,0.0160,0.0003,0.0671,0.0635,0.1340,0.0401,0.0154,0.0010
11,WEEKDAY,2,0.0000,0.0211,0.0159,0.0004,0.0671,0.0635,0.1336,0.0403,0.0145,0.0010
11,WEEKDAY,3,0.0000,0.0287,0.0165,0.0005,0.0672,0.0635,0.1415,0.0418,0.0158,0.0013
11,WEEKDAY,4,0.0000,0.0319,0.0188,0.0011,0.0679,0.0635,0.1791,0.0472,0.0248,0.0025
11,WEEKDAY,5,0.0000,0.0355,0.0227,0.0020,0.0696,0.0635,0.2235,0.0616,0.0371,0.0034
11,WEEKDAY,6,0.0000,0.0332,0.0307,0.0058,0.0720,0.0000,0.3336,0.0969,0.0558,0.0037
11,WEEKDAY,7,0.0093,0.0284,0.0462,0.0134,0.0756,0.0000,0.5340,0.1618,0.0846,0.0039
11,WEEKDAY,8,0.1863,0.0957,0.0578,0.0194,0.0797,0.0000,0.7856,0.2308,0.1125,0.0042
11,WEEKDAY,9,0.2644,0.1196,0.0600,0.0216,0.0826,0.0000,0.8165,0.2622,0.1236,0.0046
11,WEEKDAY,10,0.2931,0.1240,0.0597,0.0222,0.0841,0.0000,0.8199,0.2673,0.1251,0.0047
11,WEEKDAY,11,0.3170,0.1279,0.0604,0.0223,0.0846,0.0000,0.8200,0.2674,0.1251,0.0047
11,WEEKDAY,12,0.3392,0.1299,0.0603,0.0221,0.0849,0.0000,0.8200,0.2672,0.1251,0.0047
11,WEEKDAY,13,0.3493,0.1287,0.0589,0.0218,0.0849,0.0000,0.8195,0.2647,0.1251,0.0047
11,WEEKDAY,14,0.3854,0.1302,0.0592,0.0206,0.0850,0.0000,0.8102,0.2566,0.1251,0.0047
11,WEEKDAY,15,0.3585,0.1211,0.0568,0.0164,0.0839,0.0000,0.7518,0.2210,0.1225,0.0047
11,WEEKDAY,16,0.2939,0.1030,0.0417,0.0108,0.0782,0.0000,0.6120,0.1548,0.1065,0.0046
11,WEEKDAY,17,0.1164,0.0439,0.0301,0.0057,0.0746,0.0000,0.3800,0.1065,0.0865,0.0045
11,WEEKDAY,18,0.0288,0.0114,0.0237,0.0032,0.0719,0.1210,0.2979,0.0755,0.0690,0.0044
11,WEEKDAY,19,0.0102,0.0056,0.0204,0.0021,0.0700,0.1210,0.2385,0.0584,0.0526,0.0038
11,WEEKDAY,20,0.0037,0.0046,0.0170,0.0009,0.0682,0.1210,0.1681,0.0456,0.0285,0.0017
11,WEEKDAY,21,0.0012,0.0065,0.0162,0.0004,0.0676,0.1210,0.1392,0.0409,0.0186,0.0012
11,WEEKDAY,22,0.0004,0.0088,0.0173,0.0006,0.0679,0.0635,0.1529,0.0423,0.0245,0.0022
11,WEEKDAY,23,0.0000,0.0111,0.0166,0.0005,0.0673,0.0635,0.1478,0.0412,0.0214,0.0017
11,SATURDAY,0,0.0000,0.0202,0.0147,0.0000,0.0666,0.0635,0.0980,0.0371,0.0076,0.0000
11,SATURDAY,1,0.0000,0.0226,0.0148,0.0001,0.0667,0.0635,0.1050,0.0380,0.0100,0.0003
11,SATURDAY,2,0.0000,0.0283,0.0156,0.0007,0.0670,0.0635,0.1458,0.0435,0.0240,0.0024
11,SATURDAY,3,0.0000,0.0316,0.0166,0.0015,0.0672,0.0635,0.1836,0.0497,0.0362,0.0041
11,SATURDAY,4,0.0000,0.0370,0.0172,0.0018,0.0673,0.0635,0.1950,0.0522,0.0382,0.0046
11,SATURDAY,5,0.0000,0.0359,0.0179,0.0020,0.0678,0.0635,0.2037,0.0542,0.0382,0.0047
11,SATURDAY,6,0.0000,0.0428,0.0195,0.0024,0.0678,0.0000,0.2238,0.0564,0.0382,0.0047
11,SATURDAY,7,0.0000,0.0196,0.0246,0.0026,0.0681,0.0000,0.2470,0.0626,0.0382,0.0047
11,SATURDAY,8,0.0089,0.0227,0.0271,0.0026,0.0685,0.0000,0.2565,0.0683,0.0382,0.0047
11,SATURDAY,9,0.0308,0.0300,0.0272,0.0026,0.0691,0.0000,0.2577,0.0711,0.0382,0.0047
11,SATURDAY,10,0.0491,0.0349,0.0269,0.0026,0.0693,0.0000,0.2577,0.0717,0.0382,0.0047
11,SATURDAY,11,0.0440,0.0304,0.0267,0.0026,0.0695,0.0000,0.2577,0.0718,0.0382,0.0047
11,SATURDAY,12,0.0653,0.0350,0.0267,0.0026,0.0698,0.0000,0.2577,0.0718,0.0379,0.0047
11,SATURDAY,13,0.0585,0.0290,0.0268,0.0024,0.0697,0.0000,0.2577,0.0718,0.0375,0.0047
11,SATURDAY,14,0.0344,0.0164,0.0271,0.0023,0.0699,0.0000,0.2566,0.0712,0.0370,0.0047
11,SATURDAY,15,0.0362,0.0158,0.0252,0.0021,0.0697,0.0000,0.2473,0.0662,0.0355,0.0045
11,SATURDAY,16,0.0132,0.0075,0.0188,0.0016,0.0688,0.0000,0.2097,0.0535,0.0303,0.0038
11,SATURDAY,17,0.0051,0.0038,0.0159,0.0005,0.0681,0.0000,0.1256,0.0418,0.0140,0.0010
11,SATURDAY,18,0.0035,0.0052,0.0155,0.0007,0.0678,0.1210,0.1344,0.0443,0.0207,0.0019
11,SATURDAY,19,0.0020,0.0077,0.0148,0.0001,0.0674,0.1210,0.1052,0.0385,0.0103,0.0004
11,SATURDAY,20,0.0000,0.0107,0.0147,0.0000,0.0673,0.1210,0.0980,0.0371,0.0076,0.0000
11,SATURDAY,21,0.0000,0.0151,0.0147,0.0000,0.0670,0.1210,0.0980,0.0371,0.0076,0.0000
11,SATURDAY,22,0.0000,0.0214,0.0147,0.0000,0.0670,0.0635,0.0980,0.0371,0.0076,0.0000
11,SATURDAY,23,0.0000,0.0273,0.0147,0.0000,0.0666,0.0635,0.0980,0.0371,0.0076,0.0000
11,SUNDAY,0,0.0000,0.0305,0.0147,0.0000,0.0667,0.0635,0.0980,0.0371,0.0076,0.0001
11,SUNDAY,1,0.0000,0.0334,0.0150,0.0001,0.0668,0.0635,0.1050,0.0380,0.0100,0.0012
11,SUNDAY,2,0.0000,0.0338,0.0160,0.0006,0.0671,0.0635,0.1454,0.0434,0.0240,0.0038
11,SUNDAY,3,0.0000,0.0413,0.0163,0.0014,0.0672,0.0635,0.1823,0.0490,0.0362,0.0044
11,SUNDAY,4,0.0000,0.0433,0.0164,0.0016,0.0672,0.0635,0.1926,0.0507,0.0382,0.0046
11,SUNDAY,5,0.0000,0.0454,0.0165,0.0017,0.0676,0.0635,0.1975,0.0516,0.0382,0.0047
11,SUNDAY,6,0.0000,0.0467,0.0165,0.0017,0.0676,0.0000,0.2005,0.0517,0.0382,0.0047
11,SUNDAY,7,0.0000,0.0205,0.0164,0.0017,0.0676,0.0000,0.2031,0.0517,0.0382,0.0047
11,SUNDAY,8,0.0294,0.0331,0.0164,0.0017,0.0678,0.0000,0.2053,0.0517,0.0382,0.0047
11,SUNDAY,9,0.0521,0.0435,0.0164,0.0017,0.0683,0.0000,0.2057,0.0517,0.0382,0.0047
11,SUNDAY,10,0.0332,0.0328,0.0164,0.0017,0.0684,0.0000,0.2057,0.0517,0.0382,0.0047
11,SUNDAY,11,0.0271,0.0258,0.0164,0.0017,0.0685,0.0000,0.2057,0.0517,0.0382,0.0047
11,SUNDAY,12,0.0600,0.0373,0.0165,0.0017,0.0688,0.0000,0.2057,0.0517,0.0379,0.0047
11,SUNDAY,13,0.0665,0.0351,0.0165,0.0017,0.0688,0.0000,0.2057,0.0517,0.0375,0.0047
11,SUNDAY,14,0.0280,0.0156,0.0165,0.0017,0.0691,0.0000,0.2053,0.0517,0.0370,0.0047
11,SUNDAY,15,0.0062,0.0046,0.0165,0.0016,0.0690,0.0000,0.2031,0.0514,0.0355,0.0045
11,SUNDAY,16,0.0059,0.0043,0.0164,0.0013,0.0685,0.0000,0.1862,0.0491,0.0303,0.0044
11,SUNDAY,17,0.0020,0.0039,0.0161,0.0003,0.0683,0.0000,0.1197,0.0405,0.0140,0.0038
11,SUNDAY,18,0.0000,0.0042,0.0151,0.0006,0.0675,0.1210,0.1330,0.0441,0.0207,0.0014
11,SUNDAY,19,0.0000,0.0058,0.0147,0.0001,0.0674,0.1210,0.1050,0.0385,0.0103,0.0002
11,SUNDAY,20,0.0000,0.0082,0.0147,0.0000,0.0673,0.1210,0.0980,0.0371,0.0076,0.0000
11,SUNDAY,21,0.0000,0.0107,0.0147,0.0000,0.0670,0.1210,0.0980,0.0371,0.0076,0.0000
11,SUNDAY,22,0.0000,0.0122,0.0147,0.0000,0.0670,0.0635,0.0980,0.0371,0.0076,0.0000
11,SUNDAY,23,0.0000,0.0213,0.0147,0.0000,0.0666,0.0635,0.0980,0.0371,0.0076,0.0000
11,HOLIDAY,0,0.0000,0.0150,0.0147,0.0000,0.0666,0.0635,0.0980,0.0371,0.0076,0.0000
11,HOLIDAY,1,0.0000,0.0161,0.0148,0.0001,0.0667,0.0635,0.1050,0.0380,0.0087,0.0003
11,HOLIDAY,2,0.0000,0.0312,0.0155,0.0006,0.0670,0.0635,0.1454,0.0434,0.0151,0.0024
11,HOLIDAY,3,0.0000,0.0383,0.0162,0.0014,0.0672,0.0635,0.1823,0.0490,0.0206,0.0041
11,HOLIDAY,4,0.0000,0.0384,0.0164,0.0016,0.0672,0.0635,0.1926,0.0507,0.0215,0.0046
11,HOLIDAY,5,0.0000,0.0393,0.0165,0.0017,0.0676,0.0635,0.1975,0.0516,0.0215,0.0047
11,HOLIDAY,6,0.0000,0.0404,0.0165,0.0017,0.0676,0.0000,0.2005,0.0517,0.0215,0.0047
11,HOLIDAY,7,0.0000,0.0190,0.0164,0.0017,0.0676,0.0000,0.2031,0.0517,0.0215,0.0047
11,HOLIDAY,8,0.0000,0.0193,0.0164,0.0017,0.0678,0.0000,0.2053,0.0517,0.0215,0.0047
11,HOLIDAY,9,0.0000,0.0186,0.0164,0.0017,0.0683,0.0000,0.2057,0.0517,0.0215,0.0047
11,HOLIDAY,10,0.0000,0.0170,0.0164,0.0017,0.0684,0.0000,0.2057,0.0517,0.0215,0.0047
11,HOLIDAY,11,0.0000,0.0148,0.0164,0.0017,0.0685,0.0000,0.2057,0.0517,0.0215,0.0047
11,HOLIDAY,12,0.0000,0.0121,0.0165,0.0017,0.0688,0.0000,0.2057,0.0517,0.0214,0.0047
11,HOLIDAY,13,0.0000,0.0094,0.0165,0.0017,0.0688,0.0000,0.2057,0.0517,0.0212,0.0047
11,HOLIDAY,14,0.0000,0.0069,0.0165,0.0017,0.0691,0.0000,0.2053,0.0517,0.0210,0.0047
11,HOLIDAY,15,0.0000,0.0041,0.0165,0.0016,0.0690,0.0000,0.2031,0.0514,0.0203,0.0045
11,HOLIDAY,16,0.0000,0.0004,0.0162,0.0013,0.0685,0.0000,0.1862,0.0491,0.0179,0.0038
11,HOLIDAY,17,0.0000,0.0019,0.0151,0.0003,0.0679,0.0000,0.1197,0.0405,0.0105,0.0010
11,HOLIDAY,18,0.0000,0.0029,0.0154,0.0006,0.0677,0.1210,0.1330,0.0441,0.0195,0.0019
11,HOLIDAY,19,0.0000,0.0073,0.0148,0.0001,0.0674,0.1210,0.1050,0.0385,0.0382,0.0004
11,HOLIDAY,20,0.0000,0.0093,0.0147,0.0000,0.0673,0.1210,0.0980,0.0371,0.0135,0.0000
11,HOLIDAY,21,0.0000,0.0105,0.0147,0.0000,0.0670,0.1210,0.0980,0.0371,0.0076,0.0000
11,HOLIDAY,22,0.0000,0.0119,0.0147,0.0000,0.0670,0.0635,0.0980,0.0371,0.0076,0.0000
11,HOLIDAY,23,0.0000,0.0133,0.0147,0.0000,0.0666,0.0635,0.0980,0.0371,0.0076,0.0000
12,WEEKDAY,0,0.0000,0.0387,0.0173,0.0004,0.0670,0.0635,0.1407,0.0406,0.0180,0.0013
12,WEEKDAY,1,0.0000,0.0466,0.0169,0.0003,0.0669,0.0635,0.1342,0.0400,0.0156,0.0010
12,WEEKDAY,2,0.0000,0.0499,0.0168,0.0003,0.0668,0.0635,0.1311,0.0399,0.0140,0.0009
12,WEEKDAY,3,0.0000,0.0523,0.0174,0.0004,0.0670,0.0635,0.1372,0.0411,0.0150,0.0011
12,WEEKDAY,4,0.0000,0.0545,0.0198,0.0010,0.0677,0.0635,0.1755,0.0466,0.0241,0.0022
12,WEEKDAY,5,0.0000,0.0568,0.0240,0.0019,0.0694,0.0635,0.2205,0.0611,0.0367,0.0032
12,WEEKDAY,6,0.0000,0.0571,0.0326,0.0058,0.0718,0.0000,0.3314,0.0968,0.0555,0.0035
12,WEEKDAY,7,0.0000,0.0509,0.0496,0.0136,0.0753,0.0000,0.5335,0.1627,0.0844,0.0037
12,WEEKDAY,8,0.1047,0.0812,0.0623,0.0198,0.0794,0.0000,0.7947,0.2326,0.1129,0.0042
12,WEEKDAY,9,0.2062,0.1136,0.0647,0.0220,0.0824,0.0000,0.8267,0.2645,0.1243,0.0046
12,WEEKDAY,10,0.2323,0.1193,0.0643,0.0226,0.0840,0.0000,0.8303,0.2697,0.1259,0.0047
12,WEEKDAY,11,0.2463,0.1197,0.0651,0.0228,0.0844,0.0000,0.8304,0.2698,0.1260,0.0047
12,WEEKDAY,12,0.2666,0.1223,0.0650,0.0226,0.0848,0.0000,0.8304,0.2697,0.1260,0.0047
12,WEEKDAY,13,0.2784,0.1213,0.0635,0.0222,0.0848,0.0000,0.8299,0.2671,0.1260,0.0047
12,WEEKDAY,14,0.2754,0.1150,0.0638,0.0210,0.0850,0.0000,0.8206,0.2590,0.1260,0.0047
12,WEEKDAY,15,0.2543,0.1038,0.0612,0.0168,0.0838,0.0000,0.7620,0.2229,0.1234,0.0047
12,WEEKDAY,16,0.2122,0.0873,0.0447,0.0110,0.0781,0.0000,0.6220,0.1559,0.1075,0.0047
12,WEEKDAY,17,0.0508,0.0278,0.0322,0.0058,0.0745,0.0000,0.3859,0.1074,0.0878,0.0047
12,WEEKDAY,18,0.0001,0.0074,0.0253,0.0033,0.0718,0.1210,0.3023,0.0759,0.0699,0.0046
12,WEEKDAY,19,0.0000,0.0090,0.0217,0.0021,0.0698,0.1210,0.2441,0.0590,0.0526,0.0040
12,WEEKDAY,20,0.0000,0.0122,0.0182,0.0009,0.0680,0.1210,0.1730,0.0462,0.0295,0.0019
12,WEEKDAY,21,0.0000,0.0182,0.0174,0.0004,0.0674,0.1210,0.1437,0.0414,0.0199,0.0014
12,WEEKDAY,22,0.0000,0.0258,0.0185,0.0006,0.0678,0.0635,0.1576,0.0428,0.0260,0.0024
12,WEEKDAY,23,0.0000,0.0290,0.0178,0.0005,0.0672,0.0635,0.1509,0.0415,0.0224,0.0018
12,SATURDAY,0,0.0000,0.0368,0.0157,0.0000,0.0664,0.0635,0.0980,0.0371,0.0076,0.0000
12,SATURDAY,1,0.0000,0.0441,0.0158,0.0001,0.0665,0.0635,0.1050,0.0380,0.0100,0.0003
12,SATURDAY,2,0.0000,0.0465,0.0165,0.0007,0.0667,0.0635,0.1458,0.0435,0.0240,0.0024
12,SATURDAY,3,0.0000,0.0483,0.0175,0.0015,0.0670,0.0635,0.1836,0.0497,0.0362,0.0041
12,SATURDAY,4,0.0000,0.0511,0.0182,0.0018,0.0671,0.0635,0.1950,0.0522,0.0382,0.0046
12,SATURDAY,5,0.0000,0.0532,0.0190,0.0020,0.0675,0.0635,0.2037,0.0542,0.0382,0.0047
12,SATURDAY,6,0.0000,0.0558,0.0206,0.0024,0.0676,0.0000,0.2238,0.0564,0.0382,0.0047
12,SATURDAY,7,0.0000,0.0477,0.0259,0.0026,0.0678,0.0000,0.2470,0.0626,0.0382,0.0047
12,SATURDAY,8,0.0000,0.0252,0.0286,0.0026,0.0681,0.0000,0.2565,0.0683,0.0382,0.0047
12,SATURDAY,9,0.0126,0.0292,0.0287,0.0026,0.0688,0.0000,0.2577,0.0711,0.0382,0.0047
12,SATURDAY,10,0.0194,0.0312,0.0284,0.0026,0.0690,0.0000,0.2577,0.0717,0.0382,0.0047
12,SATURDAY,11,0.0000,0.0194,0.0282,0.0026,0.0692,0.0000,0.2577,0.0718,0.0382,0.0047
12,SATURDAY,12,0.0000,0.0163,0.0282,0.0026,0.0695,0.0000,0.2577,0.0718,0.0379,0.0047
12,SATURDAY,13,0.0105,0.0174,0.0283,0.0024,0.0695,0.0000,0.2577,0.0718,0.0375,0.0047
12,SATURDAY,14,0.0125,0.0149,0.0286,0.0023,0.0697,0.0000,0.2566,0.0712,0.0370,0.0047
12,SATURDAY,15,0.0000,0.0079,0.0266,0.0021,0.0695,0.0000,0.2473,0.0662,0.0355,0.0045
12,SATURDAY,16,0.0000,0.0079,0.0199,0.0016,0.0686,0.0000,0.2097,0.0535,0.0303,0.0038
12,SATURDAY,17,0.0000,0.0124,0.0169,0.0005,0.0679,0.0000,0.1256,0.0418,0.0140,0.0010
12,SATURDAY,18,0.0000,0.0145,0.0164,0.0007,0.0676,0.1210,0.1344,0.0443,0.0207,0.0019
12,SATURDAY,19,0.0000,0.0187,0.0158,0.0001,0.0672,0.1210,0.1052,0.0385,0.0103,0.0004
12,SATURDAY,20,0.0000,0.0215,0.0157,0.0000,0.0670,0.1210,0.0980,0.0371,0.0076,0.0000
12,SATURDAY,21,0.0000,0.0252,0.0157,0.0000,0.0667,0.1210,0.0980,0.0371,0.0076,0.0000
12,SATURDAY,22,0.0000,0.0361,0.0157,0.0000,0.0667,0.0635,0.0980,0.0371,0.0076,0.0000
12,SATURDAY,23,0.0000,0.0445,0.0157,0.0000,0.0664,0.0635,0.0980,0.0371,0.0076,0.0000
12,SUNDAY,0,0.0000,0.0458,0.0157,0.0000,0.0664,0.0635,0.0980,0.0371,0.0076,0.0001
12,SUNDAY,1,0.0000,0.0486,0.0159,0.0001,0.0665,0.0635,0.1050,0.0380,0.0100,0.0012
12,SUNDAY,2,0.0000,0.0513,0.0170,0.0006,0.0669,0.0635,0.1454,0.0434,0.0240,0.0038
12,SUNDAY,3,0.0000,0.0532,0.0173,0.0014,0.0670,0.0635,0.1823,0.0490,0.0362,0.0044
12,SUNDAY,4,0.0000,0.0557,0.0174,0.0016,0.0670,0.0635,0.1926,0.0507,0.0382,0.0046
12,SUNDAY,5,0.0000,0.0580,0.0174,0.0017,0.0674,0.0635,0.1975,0.0516,0.0382,0.0047
12,SUNDAY,6,0.0000,0.0605,0.0174,0.0017,0.0673,0.0000,0.2005,0.0517,0.0382,0.0047
12,SUNDAY,7,0.0000,0.0571,0.0174,0.0017,0.0673,0.0000,0.2031,0.0517,0.0382,0.0047
12,SUNDAY,8,0.0000,0.0264,0.0174,0.0017,0.0674,0.0000,0.2053,0.0517,0.0382,0.0047
12,SUNDAY,9,0.0000,0.0259,0.0174,0.0017,0.0680,0.0000,0.2057,0.0517,0.0382,0.0047
12,SUNDAY,10,0.0000,0.0247,0.0174,0.0017,0.0681,0.0000,0.2057,0.0517,0.0382,0.0047
12,SUNDAY,11,0.0000,0.0227,0.0174,0.0017,0.0683,0.0000,0.2057,0.0517,0.0382,0.0047
12,SUNDAY,12,0.0000,0.0201,0.0174,0.0017,0.0686,0.0000,0.2057,0.0517,0.0379,0.0047
12,SUNDAY,13,0.0000,0.0171,0.0175,0.0017,0.0686,0.0000,0.2057,0.0517,0.0375,0.0047
12,SUNDAY,14,0.0000,0.0142,0.0175,0.0017,0.0688,0.0000,0.2053,0.0517,0.0370,0.0047
12,SUNDAY,15,0.0000,0.0120,0.0174,0.0016,0.0688,0.0000,0.2031,0.0514,0.0355,0.0045
12,SUNDAY,16,0.0000,0.0155,0.0174,0.0013,0.0683,0.0000,0.1862,0.0491,0.0303,0.0044
12,SUNDAY,17,0.0000,0.0169,0.0171,0.0003,0.0681,0.0000,0.1197,0.0405,0.0140,0.0038
12,SUNDAY,18,0.0000,0.0194,0.0161,0.0006,0.0673,0.1210,0.1330,0.0441,0.0207,0.0014
12,SUNDAY,19,0.0000,0.0257,0.0157,0.0001,0.0671,0.1210,0.1050,0.0385,0.0103,0.0002
12,SUNDAY,20,0.0000,0.0345,0.0157,0.0000,0.0670,0.1210,0.0980,0.0371,0.0076,0.0000
12,SUNDAY,21,0.0000,0.0428,0.0157,0.0000,0.0667,0.1210,0.0980,0.0371,0.0076,0.0000
12,SUNDAY,22,0.0000,0.0456,0.0157,0.0000,0.0667,0.0635,0.0980,0.0371,0.0076,0.0000
12,SUNDAY,23,0.0000,0.0485,0.0157,0.0000,0.0664,0.0635,0.0980,0.0371,0.0076,0.0000
12,HOLIDAY,0,0.0000,0.0475,0.0157,0.0000,0.0664,0.0635,0.0980,0.0371,0.0076,0.0000
12,HOLIDAY,1,0.0000,0.0497,0.0158,0.0001,0.0665,0.0635,0.1050,0.0380,0.0087,0.0003
12,HOLIDAY,2,0.0000,0.0537,0.0165,0.0006,0.0667,0.0635,0.1454,0.0434,0.0151,0.0024
12,HOLIDAY,3,0.0000,0.0563,0.0172,0.0014,0.0669,0.0635,0.1823,0.0490,0.0206,0.0041
12,HOLIDAY,4,0.0000,0.0590,0.0174,0.0016,0.0670,0.0635,0.1926,0.0507,0.0215,0.0046
12,HOLIDAY,5,0.0000,0.0607,0.0174,0.0017,0.0674,0.0635,0.1975,0.0516,0.0215,0.0047
12,HOLIDAY,6,0.0000,0.0636,0.0174,0.0017,0.0673,0.0000,0.2005,0.0517,0.0215,0.0047
12,HOLIDAY,7,0.0000,0.0570,0.0174,0.0017,0.0673,0.0000,0.2031,0.0517,0.0215,0.0047
12,HOLIDAY,8,0.0000,0.0290,0.0174,0.0017,0.0674,0.0000,0.2053,0.0517,0.0215,0.0047
12,HOLIDAY,9,0.0354,0.0451,0.0174,0.0017,0.0680,0.0000,0.2057,0.0517,0.0215,0.0047
12,HOLIDAY,10,0.0000,0.0272,0.0174,0.0017,0.0681,0.0000,0.2057,0.0517,0.0215,0.0047
12,HOLIDAY,11,0.0000,0.0246,0.0174,0.0017,0.0683,0.0000,0.2057,0.0517,0.0215,0.0047
12,HOLIDAY,12,0.0000,0.0218,0.0174,0.0017,0.0686,0.0000,0.2057,0.0517,0.0214,0.0047
12,HOLIDAY,13,0.0000,0.0186,0.0175,0.0017,0.0686,0.0000,0.2057,0.0517,0.0212,0.0047
12,HOLIDAY,14,0.0000,0.0157,0.0175,0.0017,0.0688,0.0000,0.2053,0.0517,0.0210,0.0047
12,HOLIDAY,15,0.0000,0.0136,0.0174,0.0016,0.0688,0.0000,0.2031,0.0514,0.0203,0.0045
12,HOLIDAY,16,0.0000,0.0129,0.0171,0.0013,0.0683,0.0000,0.1862,0.0491,0.0179,0.0038
12,HOLIDAY,17,0.0000,0.0140,0.0160,0.0003,0.0677,0.0000,0.1197,0.0405,0.0105,0.0010
12,HOLIDAY,18,0.0000,0.0151,0.0163,0.0006,0.0674,0.1210,0.1330,0.0441,0.0195,0.0019
12,HOLIDAY,19,0.0000,0.0237,0.0158,0.0001,0.0671,0.1210,0.1050,0.0385,0.0382,0.0004
12,HOLIDAY,20,0.0000,0.0379,0.0157,0.0000,0.0670,0.1210,0.0980,0.0371,0.0135,0.0000
12,HOLIDAY,21,0.0000,0.0425,0.0157,0.0000,0.0667,0.1210,0.0980,0.0371,0.0076,0.0000
12,HOLIDAY,22,0.0000,0.0437,0.0157,0.0000,0.0667,0.0635,0.0980,0.0371,0.0076,0.0000
12,HOLIDAY,23,0.0000,0.0488,0.0157,0.0000,0.0664,0.0635,0.0980,0.0371,0.0076,0.0000
