Month,Daytype,Hour,Heating,Cooling,Ventilation,Water_Heating,Cooking,Refrigeration,Exterior_Lighting,Interior_Lighting,Office_Equipment,Miscellaneous
1,WEEKDAY,0,0.0000,0.0000,0.0000,0.0091,0.2632,1.9300,0.0839,0.4759,0.0213,0.0192
1,WEEKDAY,1,0.0000,0.0000,0.0030,0.0091,0.0352,1.9292,0.0839,0.4759,0.0156,0.0092
1,WEEKDAY,2,0.0000,0.0000,0.0148,0.0094,0.0196,1.9323,0.0839,0.4760,0.0151,0.0080
1,WEEKDAY,3,0.0034,0.0000,0.0429,0.0115,0.2115,1.9388,0.0839,0.4772,0.0182,0.0179
1,WEEKDAY,4,0.0047,0.0329,0.0488,0.0182,0.6201,1.9570,0.0839,0.4846,0.0299,0.0603
1,WEEKDAY,5,0.0000,0.0000,0.0015,0.0330,0.8450,2.0646,0.0839,0.6430,0.0486,0.0986
1,WEEKDAY,6,0.0341,0.2757,0.3667,0.0426,0.9256,2.0626,0.0839,0.8299,0.0689,0.1319
1,WEEKDAY,7,0.0344,0.3691,0.3883,0.0453,0.9462,2.0449,0.0839,1.2583,0.0906,0.1573
1,WEEKDAY,8,0.0344,0.3226,0.4666,0.0451,0.9484,2.0127,0.0000,1.3563,0.1054,0.1636
1,WEEKDAY,9,0.0343,0.3790,0.4768,0.0444,0.9484,2.1000,0.0000,1.3591,0.1115,0.1641
1,WEEKDAY,10,0.0342,0.3904,0.4790,0.0436,0.9481,2.1218,0.0000,1.3591,0.1126,0.1641
1,WEEKDAY,11,0.0337,0.4541,0.4833,0.0432,0.9443,2.1557,0.0000,1.3591,0.1127,0.1641
1,WEEKDAY,12,0.0330,0.5043,0.4832,0.0431,0.9212,2.2795,0.0000,1.3591,0.1127,0.1641
1,WEEKDAY,13,0.0321,0.5573,0.4820,0.0426,0.8461,2.3150,0.0000,1.4928,0.1127,0.1641
1,WEEKDAY,14,0.0314,0.5890,0.4816,0.0431,0.7432,2.4313,0.0000,1.4909,0.1127,0.1641
1,WEEKDAY,15,0.0306,0.5795,0.4783,0.0437,0.6675,2.4600,0.0000,1.4816,0.1127,0.1641
1,WEEKDAY,16,0.0308,0.5143,0.4696,0.0447,0.6255,2.3907,0.0000,1.5472,0.1125,0.1633
1,WEEKDAY,17,0.0315,0.4529,0.4671,0.0452,0.6006,2.3758,0.0839,1.5563,0.1111,0.1567
1,WEEKDAY,18,0.0322,0.3948,0.4656,0.0456,0.5826,2.2586,0.1284,1.6235,0.1054,0.1390
1,WEEKDAY,19,0.0329,0.3593,0.4457,0.0436,0.5698,2.2160,0.1284,1.5933,0.0933,0.1104
1,WEEKDAY,20,0.0333,0.3378,0.3665,0.0382,0.5502,2.1815,0.1284,1.4315,0.0764,0.0823
1,WEEKDAY,21,0.0336,0.3215,0.3649,0.0275,0.5234,2.0663,0.1284,1.3755,0.0607,0.0597
1,WEEKDAY,22,0.0339,0.2437,0.3455,0.0155,0.4804,2.0504,0.1284,1.2828,0.0449,0.0421
1,WEEKDAY,23,0.0000,0.0000,0.0000,0.0099,0.4025,1.9422,0.1284,0.4761,0.0315,0.0298
1,SATURDAY,0,0.0000,0.0000,0.0000,0.0091,0.2632,1.9300,0.0839,0.4759,0.0213,0.0192
1,SATURDAY,1,0.0000,0.0000,0.0082,0.0091,0.0352,1.9292,0.0839,0.4759,0.0156,0.0092
1,SATURDAY,2,0.0000,0.0000,0.0082,0.0094,0.0196,1.9323,0.0839,0.4760,0.0151,0.0080
1,SATURDAY,3,0.0000,0.0000,0.0082,0.0115,0.2115,1.9388,0.0839,0.4772,0.0182,0.0179
1,SATURDAY,4,0.0000,0.0000,0.0082,0.0182,0.6201,1.9570,0.0839,0.4846,0.0299,0.0603
1,SATURDAY,5,0.0000,0.0000,0.0000,0.0330,0.8450,2.0646,0.0839,0.6430,0.0486,0.0986
1,SATURDAY,6,0.0344,0.2668,0.3675,0.0426,0.9256,2.0626,0.0839,0.8299,0.0689,0.1319
1,SATURDAY,7,0.0343,0.3799,0.3904,0.0453,0.9462,2.0449,0.0839,1.2583,0.0906,0.1573
1,SATURDAY,8,0.0344,0.3191,0.4652,0.0451,0.9484,2.0127,0.0000,1.3563,0.1054,0.1636
1,SATURDAY,9,0.0342,0.3586,0.4712,0.0444,0.9484,2.1000,0.0000,1.3591,0.1115,0.1641
1,SATURDAY,10,0.0343,0.3577,0.4730,0.0436,0.9481,2.1218,0.0000,1.3591,0.1126,0.1641
1,SATURDAY,11,0.0340,0.3852,0.4750,0.0432,0.9443,2.1557,0.0000,1.3591,0.1127,0.1641
1,SATURDAY,12,0.0336,0.3944,0.4742,0.0431,0.9212,2.2795,0.0000,1.3591,0.1127,0.1641
1,SATURDAY,13,0.0330,0.4517,0.4794,0.0426,0.8461,2.3150,0.0000,1.4928,0.1127,0.1641
1,SATURDAY,14,0.0328,0.4736,0.4793,0.0431,0.7432,2.4313,0.0000,1.4909,0.1127,0.1641
1,SATURDAY,15,0.0320,0.4616,0.4751,0.0437,0.6675,2.4600,0.0000,1.4816,0.1127,0.1641
1,SATURDAY,16,0.0322,0.4118,0.4679,0.0447,0.6255,2.3907,0.0000,1.5472,0.1125,0.1633
1,SATURDAY,17,0.0328,0.3785,0.4660,0.0452,0.6006,2.3758,0.0839,1.5563,0.1111,0.1567
1,SATURDAY,18,0.0330,0.3561,0.4648,0.0456,0.5826,2.2586,0.1284,1.6235,0.1054,0.1390
1,SATURDAY,19,0.0333,0.3390,0.4283,0.0436,0.5698,2.2160,0.1284,1.5933,0.0933,0.1104
1,SATURDAY,20,0.0337,0.3239,0.3659,0.0382,0.5502,2.1815,0.1284,1.4315,0.0764,0.0823
1,SATURDAY,21,0.0339,0.3133,0.3645,0.0275,0.5234,2.0663,0.1284,1.3755,0.0607,0.0597
1,SATURDAY,22,0.0340,0.2416,0.3455,0.0155,0.4804,2.0504,0.1284,1.2828,0.0449,0.0421
1,SATURDAY,23,0.0000,0.0000,0.0000,0.0099,0.4025,1.9422,0.1284,0.4761,0.0315,0.0298
1,SUNDAY,0,0.0000,0.0000,0.0000,0.0091,0.2316,1.9295,0.0839,0.4759,0.0207,0.0182
1,SUNDAY,1,0.0000,0.0000,0.0082,0.0091,0.0156,1.9282,0.0839,0.4759,0.0149,0.0080
1,SUNDAY,2,0.0000,0.0000,0.0163,0.0094,0.1564,1.9327,0.0839,0.4764,0.0156,0.0137
1,SUNDAY,3,0.0000,0.0000,0.0082,0.0115,0.5339,1.9452,0.0839,0.4802,0.0256,0.0560
1,SUNDAY,4,0.0093,0.0000,0.0813,0.0182,0.7917,1.9653,0.0839,0.4932,0.0412,0.0944
1,SUNDAY,5,0.0000,0.0000,0.0000,0.0330,0.9055,2.0749,0.0839,0.6843,0.0606,0.1307
1,SUNDAY,6,0.0334,0.3174,0.3663,0.0426,0.9429,2.0770,0.0839,0.9221,0.0831,0.1568
1,SUNDAY,7,0.0344,0.3613,0.3874,0.0453,0.9482,2.0561,0.0839,1.2894,0.1011,0.1635
1,SUNDAY,8,0.0345,0.3179,0.4656,0.0451,0.9484,2.0197,0.0000,1.3591,0.1101,0.1641
1,SUNDAY,9,0.0344,0.3578,0.4739,0.0444,0.9484,2.1041,0.0000,1.3591,0.1124,0.1641
1,SUNDAY,10,0.0343,0.3916,0.4813,0.0436,0.9478,2.1233,0.0000,1.3591,0.1127,0.1641
1,SUNDAY,11,0.0342,0.4132,0.4842,0.0432,0.9431,2.1558,0.0000,1.3591,0.1127,0.1641
1,SUNDAY,12,0.0341,0.4459,0.4846,0.0431,0.9196,2.2795,0.0000,1.3591,0.1127,0.1641
1,SUNDAY,13,0.0333,0.4949,0.4859,0.0426,0.8412,2.3150,0.0000,1.4928,0.1127,0.1641
1,SUNDAY,14,0.0332,0.4934,0.4819,0.0431,0.7335,2.4313,0.0000,1.4909,0.1127,0.1641
1,SUNDAY,15,0.0324,0.4995,0.4792,0.0437,0.6542,2.4600,0.0000,1.4816,0.1127,0.1641
1,SUNDAY,16,0.0327,0.4161,0.4690,0.0447,0.6102,2.3906,0.0000,1.5472,0.1125,0.1633
1,SUNDAY,17,0.0331,0.3714,0.4662,0.0452,0.5840,2.3758,0.0839,1.5563,0.1111,0.1567
1,SUNDAY,18,0.0333,0.3332,0.4647,0.0456,0.5652,2.2586,0.1284,1.6235,0.1054,0.1390
1,SUNDAY,19,0.0337,0.3208,0.4484,0.0436,0.5518,2.2160,0.1284,1.5918,0.0933,0.1103
1,SUNDAY,20,0.0339,0.3154,0.3658,0.0382,0.5313,2.1813,0.1284,1.4235,0.0763,0.0820
1,SUNDAY,21,0.0340,0.3085,0.3643,0.0275,0.5033,2.0653,0.1284,1.3724,0.0603,0.0583
1,SUNDAY,22,0.0342,0.2415,0.3455,0.0155,0.4588,2.0493,0.1284,1.2825,0.0445,0.0413
1,SUNDAY,23,0.0000,0.0000,0.0000,0.0099,0.3779,1.9418,0.1284,0.4761,0.0311,0.0290
1,HOLIDAY,0,0.0000,0.0000,0.0000,0.0091,0.2632,1.9300,0.0839,0.4759,0.0213,0.0192
1,HOLIDAY,1,0.0000,0.0000,0.0000,0.0091,0.0352,1.9292,0.0839,0.4759,0.0156,0.0092
1,HOLIDAY,2,0.0000,0.0000,0.0000,0.0094,0.0196,1.9323,0.0839,0.4760,0.0151,0.0080
1,HOLIDAY,3,0.0000,0.0000,0.0000,0.0115,0.2115,1.9388,0.0839,0.4772,0.0182,0.0179
1,HOLIDAY,4,0.0000,0.0000,0.0000,0.0182,0.6201,1.9570,0.0839,0.4846,0.0299,0.0603
1,HOLIDAY,5,0.0000,0.0000,0.0000,0.0330,0.8450,2.0646,0.0839,0.6430,0.0486,0.0986
1,HOLIDAY,6,0.0338,0.3205,0.3668,0.0426,0.9256,2.0626,0.0839,0.8299,0.0689,0.1319
1,HOLIDAY,7,0.0339,0.4000,0.3868,0.0453,0.9462,2.0449,0.0839,1.2583,0.0906,0.1573
1,HOLIDAY,8,0.0343,0.3099,0.4619,0.0451,0.9484,2.0127,0.0000,1.3563,0.1054,0.1636
1,HOLIDAY,9,0.0340,0.3492,0.4641,0.0444,0.9484,2.1000,0.0000,1.3591,0.1115,0.1641
1,HOLIDAY,10,0.0342,0.3208,0.4637,0.0436,0.9481,2.1218,0.0000,1.3591,0.1126,0.1641
1,HOLIDAY,11,0.0336,0.3925,0.4654,0.0432,0.9443,2.1557,0.0000,1.3591,0.1127,0.1641
1,HOLIDAY,12,0.0333,0.4303,0.4647,0.0431,0.9212,2.2795,0.0000,1.3591,0.1127,0.1641
1,HOLIDAY,13,0.0328,0.4730,0.4653,0.0426,0.8461,2.3150,0.0000,1.4928,0.1127,0.1641
1,HOLIDAY,14,0.0326,0.5106,0.4643,0.0431,0.7432,2.4313,0.0000,1.4909,0.1127,0.1641
1,HOLIDAY,15,0.0329,0.5253,0.4638,0.0437,0.6675,2.4600,0.0000,1.4816,0.1127,0.1641
1,HOLIDAY,16,0.0326,0.4669,0.4628,0.0447,0.6255,2.3907,0.0000,1.5472,0.1125,0.1633
1,HOLIDAY,17,0.0328,0.4362,0.4626,0.0452,0.6006,2.3758,0.0839,1.5563,0.1111,0.1567
1,HOLIDAY,18,0.0331,0.3711,0.4620,0.0456,0.5826,2.2586,0.1284,1.6235,0.1054,0.1390
1,HOLIDAY,19,0.0334,0.3327,0.4464,0.0436,0.5698,2.2160,0.1284,1.5933,0.0933,0.1104
1,HOLIDAY,20,0.0337,0.3163,0.3641,0.0382,0.5502,2.1815,0.1284,1.4315,0.0764,0.0823
1,HOLIDAY,21,0.0339,0.3036,0.3625,0.0275,0.5234,2.0663,0.1284,1.3755,0.0607,0.0597
1,HOLIDAY,22,0.0340,0.2417,0.3455,0.0155,0.4804,2.0504,0.1284,1.2828,0.0449,0.0421
1,HOLIDAY,23,0.0000,0.0000,0.0000,0.0099,0.4025,1.9422,0.1284,0.4761,0.0315,0.0298
2,WEEKDAY,0,0.0000,0.0000,0.0000,0.0092,0.2632,1.9815,0.0839,0.4759,0.0213,0.0192
2,WEEKDAY,1,0.0000,0.0000,0.0034,0.0092,0.0352,1.9788,0.0839,0.4759,0.0156,0.0092
2,WEEKDAY,2,0.0000,0.0000,0.0069,0.0095,0.0196,1.9783,0.0839,0.4760,0.0151,0.0080
2,WEEKDAY,3,0.0000,0.0000,0.0086,0.0117,0.2115,1.9829,0.0839,0.4772,0.0182,0.0179
2,WEEKDAY,4,0.0000,0.0000,0.0017,0.0185,0.6201,2.0010,0.0839,0.4846,0.0299,0.0603
2,WEEKDAY,5,0.0000,0.0000,0.0000,0.0335,0.8450,2.1082,0.0839,0.6430,0.0486,0.0986
2,WEEKDAY,6,0.0342,0.2965,0.3685,0.0432,0.9256,2.1036,0.0839,0.8299,0.0689,0.1319
2,WEEKDAY,7,0.0342,0.3847,0.3995,0.0460,0.9462,2.0842,0.0000,1.2583,0.0906,0.1573
2,WEEKDAY,8,0.0342,0.3435,0.4706,0.0458,0.9484,2.0719,0.0000,1.3563,0.1054,0.1636
2,WEEKDAY,9,0.0337,0.4392,0.4786,0.0451,0.9484,2.1809,0.0000,1.3591,0.1115,0.1641
2,WEEKDAY,10,0.0337,0.4446,0.4795,0.0443,0.9481,2.2086,0.0000,1.3591,0.1126,0.1641
2,WEEKDAY,11,0.0328,0.5472,0.4831,0.0439,0.9443,2.2370,0.0000,1.3591,0.1127,0.1641
2,WEEKDAY,12,0.0319,0.6114,0.4826,0.0437,0.9212,2.3589,0.0000,1.3591,0.1127,0.1641
2,WEEKDAY,13,0.0307,0.7013,0.4855,0.0433,0.8461,2.3906,0.0000,1.4928,0.1127,0.1641
2,WEEKDAY,14,0.0295,0.7226,0.4823,0.0437,0.7432,2.5030,0.0000,1.4909,0.1127,0.1641
2,WEEKDAY,15,0.0286,0.7254,0.4807,0.0443,0.6675,2.5294,0.0000,1.4816,0.1127,0.1641
2,WEEKDAY,16,0.0284,0.6784,0.4745,0.0454,0.6255,2.4589,0.0000,1.5472,0.1125,0.1633
2,WEEKDAY,17,0.0293,0.5977,0.4696,0.0459,0.6006,2.4594,0.0000,1.5563,0.1111,0.1567
2,WEEKDAY,18,0.0304,0.5045,0.4677,0.0463,0.5826,2.3325,0.1284,1.6235,0.1054,0.1390
2,WEEKDAY,19,0.0315,0.4286,0.4513,0.0443,0.5698,2.2903,0.1284,1.5933,0.0933,0.1104
2,WEEKDAY,20,0.0324,0.3788,0.3681,0.0387,0.5502,2.2512,0.1284,1.4315,0.0764,0.0823
2,WEEKDAY,21,0.0329,0.3535,0.3665,0.0279,0.5234,2.1285,0.1284,1.3755,0.0607,0.0597
2,WEEKDAY,22,0.0334,0.2580,0.3455,0.0157,0.4804,2.1092,0.1284,1.2828,0.0449,0.0421
2,WEEKDAY,23,0.0000,0.0000,0.0000,0.0100,0.4025,1.9940,0.1284,0.4761,0.0315,0.0298
2,SATURDAY,0,0.0000,0.0000,0.0000,0.0092,0.2632,1.9815,0.0839,0.4759,0.0213,0.0192
2,SATURDAY,1,0.0000,0.0000,0.0082,0.0092,0.0352,1.9788,0.0839,0.4759,0.0156,0.0092
2,SATURDAY,2,0.0000,0.0000,0.0082,0.0095,0.0196,1.9783,0.0839,0.4760,0.0151,0.0080
2,SATURDAY,3,0.0000,0.0000,0.0082,0.0117,0.2115,1.9829,0.0839,0.4772,0.0182,0.0179
2,SATURDAY,4,0.0000,0.0000,0.0082,0.0185,0.6201,2.0010,0.0839,0.4846,0.0299,0.0603
2,SATURDAY,5,0.0000,0.0000,0.0000,0.0335,0.8450,2.1082,0.0839,0.6430,0.0486,0.0986
2,SATURDAY,6,0.0338,0.3289,0.3676,0.0432,0.9256,2.1036,0.0839,0.8299,0.0689,0.1319
2,SATURDAY,7,0.0343,0.3710,0.3894,0.0460,0.9462,2.0842,0.0000,1.2583,0.0906,0.1573
2,SATURDAY,8,0.0342,0.3319,0.4680,0.0458,0.9484,2.0719,0.0000,1.3563,0.1054,0.1636
2,SATURDAY,9,0.0337,0.4356,0.4759,0.0451,0.9484,2.1809,0.0000,1.3591,0.1115,0.1641
2,SATURDAY,10,0.0341,0.4137,0.4784,0.0443,0.9481,2.2086,0.0000,1.3591,0.1126,0.1641
2,SATURDAY,11,0.0335,0.4960,0.4817,0.0439,0.9443,2.2370,0.0000,1.3591,0.1127,0.1641
2,SATURDAY,12,0.0328,0.5396,0.4812,0.0437,0.9212,2.3589,0.0000,1.3591,0.1127,0.1641
2,SATURDAY,13,0.0320,0.6177,0.4847,0.0433,0.8461,2.3906,0.0000,1.4928,0.1127,0.1641
2,SATURDAY,14,0.0312,0.6290,0.4812,0.0437,0.7432,2.5030,0.0000,1.4909,0.1127,0.1641
2,SATURDAY,15,0.0307,0.6211,0.4790,0.0443,0.6675,2.5294,0.0000,1.4816,0.1127,0.1641
2,SATURDAY,16,0.0305,0.5645,0.4735,0.0454,0.6255,2.4589,0.0000,1.5472,0.1125,0.1633
2,SATURDAY,17,0.0313,0.4868,0.4679,0.0459,0.6006,2.4594,0.0000,1.5563,0.1111,0.1567
2,SATURDAY,18,0.0319,0.4153,0.4663,0.0463,0.5826,2.3325,0.1284,1.6235,0.1054,0.1390
2,SATURDAY,19,0.0326,0.3704,0.4499,0.0443,0.5698,2.2903,0.1284,1.5933,0.0933,0.1104
2,SATURDAY,20,0.0330,0.3541,0.3671,0.0387,0.5502,2.2512,0.1284,1.4315,0.0764,0.0823
2,SATURDAY,21,0.0334,0.3359,0.3655,0.0279,0.5234,2.1285,0.1284,1.3755,0.0607,0.0597
2,SATURDAY,22,0.0338,0.2480,0.3455,0.0157,0.4804,2.1092,0.1284,1.2828,0.0449,0.0421
2,SATURDAY,23,0.0000,0.0000,0.0000,0.0100,0.4025,1.9940,0.1284,0.4761,0.0315,0.0298
2,SUNDAY,0,0.0000,0.0000,0.0000,0.0092,0.2316,1.9810,0.0839,0.4759,0.0207,0.0182
2,SUNDAY,1,0.0000,0.0000,0.0000,0.0092,0.0156,1.9778,0.0839,0.4759,0.0149,0.0080
2,SUNDAY,2,0.0000,0.0000,0.0082,0.0095,0.1564,1.9787,0.0839,0.4764,0.0156,0.0137
2,SUNDAY,3,0.0000,0.0000,0.0000,0.0117,0.5339,1.9893,0.0839,0.4802,0.0256,0.0560
2,SUNDAY,4,0.0000,0.0000,0.0000,0.0185,0.7917,2.0093,0.0839,0.4932,0.0412,0.0944
2,SUNDAY,5,0.0000,0.0000,0.0000,0.0335,0.9055,2.1185,0.0839,0.6843,0.0606,0.1307
2,SUNDAY,6,0.0352,0.2068,0.3675,0.0432,0.9429,2.1179,0.0839,0.9221,0.0831,0.1568
2,SUNDAY,7,0.0343,0.3787,0.4299,0.0460,0.9482,2.0954,0.0000,1.2894,0.1011,0.1635
2,SUNDAY,8,0.0343,0.3476,0.4722,0.0458,0.9484,2.0788,0.0000,1.3591,0.1101,0.1641
2,SUNDAY,9,0.0339,0.4413,0.4833,0.0451,0.9484,2.1850,0.0000,1.3591,0.1124,0.1641
2,SUNDAY,10,0.0340,0.4650,0.4876,0.0443,0.9478,2.2101,0.0000,1.3591,0.1127,0.1641
2,SUNDAY,11,0.0331,0.5702,0.4914,0.0439,0.9431,2.2371,0.0000,1.3591,0.1127,0.1641
2,SUNDAY,12,0.0320,0.6198,0.4875,0.0437,0.9196,2.3589,0.0000,1.3591,0.1127,0.1641
2,SUNDAY,13,0.0306,0.7237,0.4917,0.0433,0.8412,2.3906,0.0000,1.4928,0.1127,0.1641
2,SUNDAY,14,0.0294,0.7610,0.4905,0.0437,0.7335,2.5030,0.0000,1.4909,0.1127,0.1641
2,SUNDAY,15,0.0278,0.7621,0.4881,0.0443,0.6542,2.5294,0.0000,1.4816,0.1127,0.1641
2,SUNDAY,16,0.0280,0.6863,0.4782,0.0454,0.6102,2.4589,0.0000,1.5472,0.1125,0.1633
2,SUNDAY,17,0.0294,0.5760,0.4707,0.0459,0.5840,2.4594,0.0000,1.5563,0.1111,0.1567
2,SUNDAY,18,0.0305,0.4812,0.4683,0.0463,0.5652,2.3324,0.1284,1.6235,0.1054,0.1390
2,SUNDAY,19,0.0316,0.4123,0.4518,0.0443,0.5518,2.2903,0.1284,1.5918,0.0933,0.1103
2,SUNDAY,20,0.0324,0.3742,0.3686,0.0387,0.5313,2.2510,0.1284,1.4235,0.0763,0.0820
2,SUNDAY,21,0.0330,0.3476,0.3668,0.0279,0.5033,2.1275,0.1284,1.3724,0.0603,0.0583
2,SUNDAY,22,0.0335,0.2512,0.3455,0.0157,0.4588,2.1081,0.1284,1.2825,0.0445,0.0413
2,SUNDAY,23,0.0000,0.0000,0.0000,0.0100,0.3779,1.9935,0.1284,0.4761,0.0311,0.0290
2,HOLIDAY,0,0.0000,0.0000,0.0000,0.0092,0.2632,1.9815,0.0839,0.4759,0.0213,0.0192
2,HOLIDAY,1,0.0000,0.0000,0.0000,0.0092,0.0352,1.9788,0.0839,0.4759,0.0156,0.0092
2,HOLIDAY,2,0.0000,0.0000,0.0000,0.0095,0.0196,1.9783,0.0839,0.4760,0.0151,0.0080
2,HOLIDAY,3,0.0000,0.0000,0.0000,0.0117,0.2115,1.9829,0.0839,0.4772,0.0182,0.0179
2,HOLIDAY,4,0.0000,0.0000,0.0000,0.0185,0.6201,2.0010,0.0839,0.4846,0.0299,0.0603
2,HOLIDAY,5,0.0000,0.0000,0.0000,0.0335,0.8450,2.1082,0.0839,0.6430,0.0486,0.0986
2,HOLIDAY,6,0.0334,0.3239,0.3674,0.0432,0.9256,2.1036,0.0839,0.8299,0.0689,0.1319
2,HOLIDAY,7,0.0345,0.3655,0.3907,0.0460,0.9462,2.0842,0.0000,1.2583,0.0906,0.1573
2,HOLIDAY,8,0.0345,0.3126,0.4640,0.0458,0.9484,2.0719,0.0000,1.3563,0.1054,0.1636
2,HOLIDAY,9,0.0343,0.3404,0.4688,0.0451,0.9484,2.1809,0.0000,1.3591,0.1115,0.1641
2,HOLIDAY,10,0.0343,0.3417,0.4694,0.0443,0.9481,2.2086,0.0000,1.3591,0.1126,0.1641
2,HOLIDAY,11,0.0343,0.3693,0.4725,0.0439,0.9443,2.2370,0.0000,1.3591,0.1127,0.1641
2,HOLIDAY,12,0.0341,0.4028,0.4718,0.0437,0.9212,2.3589,0.0000,1.3591,0.1127,0.1641
2,HOLIDAY,13,0.0332,0.4957,0.4815,0.0433,0.8461,2.3906,0.0000,1.4928,0.1127,0.1641
2,HOLIDAY,14,0.0327,0.4947,0.4771,0.0437,0.7432,2.5030,0.0000,1.4909,0.1127,0.1641
2,HOLIDAY,15,0.0330,0.4769,0.4711,0.0443,0.6675,2.5294,0.0000,1.4816,0.1127,0.1641
2,HOLIDAY,16,0.0325,0.4252,0.4679,0.0454,0.6255,2.4589,0.0000,1.5472,0.1125,0.1633
2,HOLIDAY,17,0.0328,0.3759,0.4657,0.0459,0.6006,2.4594,0.0000,1.5563,0.1111,0.1567
2,HOLIDAY,18,0.0333,0.3401,0.4646,0.0463,0.5826,2.3325,0.1284,1.6235,0.1054,0.1390
2,HOLIDAY,19,0.0336,0.3237,0.4487,0.0443,0.5698,2.2903,0.1284,1.5933,0.0933,0.1104
2,HOLIDAY,20,0.0338,0.3194,0.3662,0.0387,0.5502,2.2512,0.1284,1.4315,0.0764,0.0823
2,HOLIDAY,21,0.0339,0.3101,0.3643,0.0279,0.5234,2.1285,0.1284,1.3755,0.0607,0.0597
2,HOLIDAY,22,0.0341,0.2416,0.3455,0.0157,0.4804,2.1092,0.1284,1.2828,0.0449,0.0421
2,HOLIDAY,23,0.0000,0.0000,0.0000,0.0100,0.4025,1.9940,0.1284,0.4761,0.0315,0.0298
3,WEEKDAY,0,0.0000,0.0000,0.0000,0.0093,0.2632,2.0453,0.0839,0.4759,0.0213,0.0192
3,WEEKDAY,1,0.0000,0.0000,0.0000,0.0093,0.0352,2.0356,0.0839,0.4759,0.0156,0.0092
3,WEEKDAY,2,0.0000,0.0000,0.0000,0.0096,0.0196,2.0328,0.0839,0.4760,0.0151,0.0080
3,WEEKDAY,3,0.0000,0.0000,0.0000,0.0118,0.2115,2.0334,0.0839,0.4772,0.0182,0.0179
3,WEEKDAY,4,0.0000,0.0000,0.0000,0.0187,0.6201,2.0460,0.0839,0.4846,0.0299,0.0603
3,WEEKDAY,5,0.0000,0.0000,0.0010,0.0338,0.8450,2.1545,0.0839,0.6430,0.0486,0.0986
3,WEEKDAY,6,0.0341,0.3566,0.3710,0.0436,0.9256,2.1504,0.0000,0.8299,0.0689,0.1319
3,WEEKDAY,7,0.0337,0.4145,0.4427,0.0464,0.9462,2.1456,0.0000,1.2583,0.0906,0.1573
3,WEEKDAY,8,0.0335,0.3888,0.4749,0.0462,0.9484,2.1761,0.0000,1.3563,0.1054,0.1636
3,WEEKDAY,9,0.0322,0.5748,0.4836,0.0455,0.9484,2.3024,0.0000,1.3591,0.1115,0.1641
3,WEEKDAY,10,0.0317,0.6229,0.4840,0.0447,0.9481,2.3295,0.0000,1.3591,0.1126,0.1641
3,WEEKDAY,11,0.0301,0.7636,0.4877,0.0442,0.9443,2.3570,0.0000,1.3591,0.1127,0.1641
3,WEEKDAY,12,0.0291,0.8560,0.4881,0.0441,0.9212,2.4794,0.0000,1.3591,0.1127,0.1641
3,WEEKDAY,13,0.0269,0.9583,0.4890,0.0437,0.8461,2.5064,0.0000,1.4928,0.1127,0.1641
3,WEEKDAY,14,0.0248,1.0009,0.4875,0.0441,0.7432,2.6221,0.0000,1.4909,0.1127,0.1641
3,WEEKDAY,15,0.0234,1.0155,0.4856,0.0447,0.6675,2.6414,0.0000,1.4816,0.1127,0.1641
3,WEEKDAY,16,0.0228,0.9664,0.4789,0.0458,0.6255,2.5598,0.0000,1.5472,0.1125,0.1633
3,WEEKDAY,17,0.0242,0.8722,0.4741,0.0463,0.6006,2.5660,0.0000,1.5563,0.1111,0.1567
3,WEEKDAY,18,0.0259,0.7528,0.4711,0.0467,0.5826,2.4423,0.1284,1.6235,0.1054,0.1390
3,WEEKDAY,19,0.0277,0.6185,0.4548,0.0447,0.5698,2.3960,0.1284,1.5933,0.0933,0.1104
3,WEEKDAY,20,0.0295,0.5001,0.3711,0.0391,0.5502,2.3493,0.1284,1.4315,0.0764,0.0823
3,WEEKDAY,21,0.0306,0.4525,0.3694,0.0281,0.5234,2.2145,0.1284,1.3755,0.0607,0.0597
3,WEEKDAY,22,0.0315,0.3191,0.3455,0.0158,0.4804,2.1852,0.1284,1.2828,0.0449,0.0421
3,WEEKDAY,23,0.0000,0.0000,0.0000,0.0101,0.4025,2.0640,0.1284,0.4761,0.0315,0.0298
3,SATURDAY,0,0.0000,0.0000,0.0000,0.0093,0.2632,2.0453,0.0839,0.4759,0.0213,0.0192
3,SATURDAY,1,0.0000,0.0000,0.0000,0.0093,0.0352,2.0356,0.0839,0.4759,0.0156,0.0092
3,SATURDAY,2,0.0000,0.0000,0.0000,0.0096,0.0196,2.0328,0.0839,0.4760,0.0151,0.0080
3,SATURDAY,3,0.0000,0.0000,0.0000,0.0118,0.2115,2.0334,0.0839,0.4772,0.0182,0.0179
3,SATURDAY,4,0.0000,0.0000,0.0000,0.0187,0.6201,2.0460,0.0839,0.4846,0.0299,0.0603
3,SATURDAY,5,0.0000,0.0000,0.0000,0.0338,0.8450,2.1545,0.0839,0.6430,0.0486,0.0986
3,SATURDAY,6,0.0339,0.3550,0.3709,0.0436,0.9256,2.1504,0.0000,0.8299,0.0689,0.1319
3,SATURDAY,7,0.0338,0.4225,0.4267,0.0464,0.9462,2.1456,0.0000,1.2583,0.0906,0.1573
3,SATURDAY,8,0.0336,0.3733,0.4727,0.0462,0.9484,2.1761,0.0000,1.3563,0.1054,0.1636
3,SATURDAY,9,0.0322,0.5509,0.4790,0.0455,0.9484,2.3024,0.0000,1.3591,0.1115,0.1641
3,SATURDAY,10,0.0318,0.6025,0.4827,0.0447,0.9481,2.3295,0.0000,1.3591,0.1126,0.1641
3,SATURDAY,11,0.0299,0.7264,0.4843,0.0442,0.9443,2.3570,0.0000,1.3591,0.1127,0.1641
3,SATURDAY,12,0.0289,0.7942,0.4823,0.0441,0.9212,2.4794,0.0000,1.3591,0.1127,0.1641
3,SATURDAY,13,0.0270,0.9082,0.4858,0.0437,0.8461,2.5064,0.0000,1.4928,0.1127,0.1641
3,SATURDAY,14,0.0250,0.9489,0.4841,0.0441,0.7432,2.6221,0.0000,1.4909,0.1127,0.1641
3,SATURDAY,15,0.0239,0.9569,0.4818,0.0447,0.6675,2.6414,0.0000,1.4816,0.1127,0.1641
3,SATURDAY,16,0.0232,0.9304,0.4775,0.0458,0.6255,2.5598,0.0000,1.5472,0.1125,0.1633
3,SATURDAY,17,0.0240,0.8532,0.4735,0.0463,0.6006,2.5660,0.0000,1.5563,0.1111,0.1567
3,SATURDAY,18,0.0258,0.7268,0.4707,0.0467,0.5826,2.4423,0.1284,1.6235,0.1054,0.1390
3,SATURDAY,19,0.0277,0.6050,0.4549,0.0447,0.5698,2.3960,0.1284,1.5933,0.0933,0.1104
3,SATURDAY,20,0.0293,0.4997,0.3708,0.0391,0.5502,2.3493,0.1284,1.4315,0.0764,0.0823
3,SATURDAY,21,0.0303,0.4620,0.3693,0.0281,0.5234,2.2145,0.1284,1.3755,0.0607,0.0597
3,SATURDAY,22,0.0313,0.3267,0.3455,0.0158,0.4804,2.1852,0.1284,1.2828,0.0449,0.0421
3,SATURDAY,23,0.0000,0.0000,0.0065,0.0101,0.4025,2.0640,0.1284,0.4761,0.0315,0.0298
3,SUNDAY,0,0.0000,0.0000,0.0000,0.0093,0.2316,2.0446,0.0839,0.4759,0.0207,0.0182
3,SUNDAY,1,0.0000,0.0000,0.0000,0.0093,0.0155,2.0346,0.0839,0.4759,0.0149,0.0080
3,SUNDAY,2,0.0000,0.0000,0.0000,0.0096,0.1554,2.0330,0.0839,0.4763,0.0155,0.0134
3,SUNDAY,3,0.0000,0.0000,0.0000,0.0113,0.5304,2.0382,0.0839,0.4794,0.0251,0.0540
3,SUNDAY,4,0.0000,0.0000,0.0000,0.0168,0.7818,2.0506,0.0839,0.4907,0.0399,0.0906
3,SUNDAY,5,0.0000,0.0000,0.0106,0.0289,0.8921,2.1586,0.0839,0.6725,0.0579,0.1252
3,SUNDAY,6,0.0346,0.2750,0.3647,0.0368,0.9282,2.1559,0.0000,0.8993,0.0784,0.1520
3,SUNDAY,7,0.0338,0.3648,0.4657,0.0390,0.9332,2.1471,0.0000,1.2788,0.0958,0.1623
3,SUNDAY,8,0.0334,0.3552,0.4662,0.0388,0.9333,2.1731,0.0000,1.3541,0.1051,0.1640
3,SUNDAY,9,0.0321,0.5270,0.4707,0.0382,0.9333,2.2961,0.0000,1.3547,0.1079,0.1641
3,SUNDAY,10,0.0320,0.5686,0.4734,0.0376,0.9328,2.3207,0.0000,1.3547,0.1083,0.1641
3,SUNDAY,11,0.0303,0.6817,0.4745,0.0373,0.9281,2.3471,0.0000,1.3547,0.1083,0.1641
3,SUNDAY,12,0.0291,0.7626,0.4746,0.0371,0.9050,2.4694,0.0000,1.3547,0.1083,0.1641
3,SUNDAY,13,0.0270,0.8784,0.4794,0.0368,0.8280,2.4964,0.0000,1.4883,0.1083,0.1641
3,SUNDAY,14,0.0253,0.9076,0.4752,0.0372,0.7223,2.6121,0.0000,1.4865,0.1083,0.1641
3,SUNDAY,15,0.0236,0.9278,0.4748,0.0376,0.6440,2.6315,0.0000,1.4772,0.1083,0.1641
3,SUNDAY,16,0.0227,0.8986,0.4696,0.0385,0.6006,2.5502,0.0000,1.5431,0.1082,0.1633
3,SUNDAY,17,0.0236,0.8261,0.4662,0.0389,0.5747,2.5565,0.0000,1.5522,0.1068,0.1567
3,SUNDAY,18,0.0256,0.7099,0.4640,0.0392,0.5561,2.4327,0.1284,1.6191,0.1011,0.1390
3,SUNDAY,19,0.0278,0.5721,0.4478,0.0376,0.5431,2.3873,0.1284,1.5876,0.0894,0.1103
3,SUNDAY,20,0.0298,0.4477,0.3647,0.0331,0.5231,2.3419,0.1284,1.4207,0.0733,0.0820
3,SUNDAY,21,0.0308,0.4115,0.3634,0.0244,0.4961,2.2083,0.1284,1.3695,0.0585,0.0585
3,SUNDAY,22,0.0319,0.3016,0.3455,0.0145,0.4541,2.1810,0.1284,1.2818,0.0439,0.0414
3,SUNDAY,23,0.0000,0.0000,0.0000,0.0099,0.3772,2.0625,0.1284,0.4761,0.0310,0.0290
3,HOLIDAY,0,0.0000,0.0000,0.0000,0.0000,0.0000,0.0000,0.0000,0.0000,0.0000,0.0000
3,HOLIDAY,1,0.0000,0.0000,0.0000,0.0000,0.0000,0.0000,0.0000,0.0000,0.0000,0.0000
3,HOLIDAY,2,0.0000,0.0000,0.0000,0.0000,0.0000,0.0000,0.0000,0.0000,0.0000,0.0000
3,HOLIDAY,3,0.0000,0.0000,0.0000,0.0000,0.0000,0.0000,0.0000,0.0000,0.0000,0.0000
3,HOLIDAY,4,0.0000,0.0000,0.0000,0.0000,0.0000,0.0000,0.0000,0.0000,0.0000,0.0000
3,HOLIDAY,5,0.0000,0.0000,0.0000,0.0000,0.0000,0.0000,0.0000,0.0000,0.0000,0.0000
3,HOLIDAY,6,0.0000,0.0000,0.0000,0.0000,0.0000,0.0000,0.0000,0.0000,0.0000,0.0000
3,HOLIDAY,7,0.0000,0.0000,0.0000,0.0000,0.0000,0.0000,0.0000,0.0000,0.0000,0.0000
3,HOLIDAY,8,0.0000,0.0000,0.0000,0.0000,0.0000,0.0000,0.0000,0.0000,0.0000,0.0000
3,HOLIDAY,9,0.0000,0.0000,0.0000,0.0000,0.0000,0.0000,0.0000,0.0000,0.0000,0.0000
3,HOLIDAY,10,0.0000,0.0000,0.0000,0.0000,0.0000,0.0000,0.0000,0.0000,0.0000,0.0000
3,HOLIDAY,11,0.0000,0.0000,0.0000,0.0000,0.0000,0.0000,0.0000,0.0000,0.0000,0.0000
3,HOLIDAY,12,0.0000,0.0000,0.0000,0.0000,0.0000,0.0000,0.0000,0.0000,0.0000,0.0000
3,HOLIDAY,13,0.0000,0.0000,0.0000,0.0000,0.0000,0.0000,0.0000,0.0000,0.0000,0.0000
3,HOLIDAY,14,0.0000,0.0000,0.0000,0.0000,0.0000,0.0000,0.0000,0.0000,0.0000,0.0000
3,HOLIDAY,15,0.0000,0.0000,0.0000,0.0000,0.0000,0.0000,0.0000,0.0000,0.0000,0.0000
3,HOLIDAY,16,0.0000,0.0000,0.0000,0.0000,0.0000,0.0000,0.0000,0.0000,0.0000,0.0000
3,HOLIDAY,17,0.0000,0.0000,0.0000,0.0000,0.0000,0.0000,0.0000,0.0000,0.0000,0.0000
3,HOLIDAY,18,0.0000,0.0000,0.0000,0.0000,0.0000,0.0000,0.0000,0.0000,0.0000,0.0000
3,HOLIDAY,19,0.0000,0.0000,0.0000,0.0000,0.0000,0.0000,0.0000,0.0000,0.0000,0.0000
3,HOLIDAY,20,0.0000,0.0000,0.0000,0.0000,0.0000,0.0000,0.0000,0.0000,0.0000,0.0000
3,HOLIDAY,21,0.0000,0.0000,0.0000,0.0000,0.0000,0.0000,0.0000,0.0000,0.0000,0.0000
3,HOLIDAY,22,0.0000,0.0000,0.0000,0.0000,0.0000,0.0000,0.0000,0.0000,0.0000,0.0000
3,HOLIDAY,23,0.0000,0.0000,0.0000,0.0000,0.0000,0.0000,0.0000,0.0000,0.0000,0.0000
4,WEEKDAY,0,0.0000,0.0000,0.0000,0.0086,0.0870,2.0831,0.0839,0.4759,0.0169,0.0115
4,WEEKDAY,1,0.0000,0.0000,0.0000,0.0088,0.0232,2.0756,0.0839,0.4760,0.0152,0.0082
4,WEEKDAY,2,0.0000,0.0000,0.0000,0.0105,0.1679,2.0772,0.0839,0.4769,0.0175,0.0156
4,WEEKDAY,3,0.0000,0.0000,0.0000,0.0158,0.5272,2.0850,0.0839,0.4829,0.0272,0.0506
4,WEEKDAY,4,0.0030,0.0229,0.0429,0.0281,0.7939,2.1715,0.0839,0.6070,0.0443,0.0899
4,WEEKDAY,5,0.0275,0.2958,0.3093,0.0383,0.9073,2.1971,0.0839,0.7874,0.0643,0.1243
4,WEEKDAY,6,0.0331,0.4346,0.4405,0.0423,0.9415,2.2269,0.0191,1.1609,0.0856,0.1515
4,WEEKDAY,7,0.0327,0.4390,0.4727,0.0428,0.9479,2.2627,0.0000,1.3340,0.1020,0.1622
4,WEEKDAY,8,0.0316,0.5573,0.4770,0.0422,0.9484,2.3688,0.0000,1.3585,0.1101,0.1640
4,WEEKDAY,9,0.0307,0.6679,0.4799,0.0415,0.9481,2.4161,0.0000,1.3591,0.1123,0.1641
4,WEEKDAY,10,0.0289,0.8098,0.4832,0.0410,0.9452,2.4387,0.0000,1.3591,0.1126,0.1641
4,WEEKDAY,11,0.0273,0.9316,0.4849,0.0408,0.9265,2.5343,0.0000,1.3591,0.1127,0.1641
4,WEEKDAY,12,0.0252,1.0485,0.4861,0.0405,0.8631,2.5767,0.0000,1.4624,0.1127,0.1641
4,WEEKDAY,13,0.0230,1.1307,0.4864,0.0407,0.7666,2.6679,0.0000,1.4914,0.1127,0.1641
4,WEEKDAY,14,0.0211,1.1686,0.4845,0.0412,0.6847,2.7044,0.0000,1.4837,0.1127,0.1641
4,WEEKDAY,15,0.0192,1.1775,0.4816,0.0421,0.6351,2.6381,0.0000,1.5323,0.1126,0.1635
4,WEEKDAY,16,0.0181,1.1508,0.4791,0.0427,0.6063,2.6223,0.0000,1.5542,0.1115,0.1582
4,WEEKDAY,17,0.0182,1.0923,0.4761,0.0431,0.5867,2.5336,0.0344,1.6082,0.1067,0.1430
4,WEEKDAY,18,0.0203,0.9501,0.4635,0.0418,0.5727,2.4718,0.0445,1.6002,0.0960,0.1169
4,WEEKDAY,19,0.0232,0.7116,0.3930,0.0373,0.5546,2.4253,0.1093,1.4683,0.0802,0.0887
4,WEEKDAY,20,0.0261,0.6030,0.3722,0.0283,0.5294,2.3041,0.1284,1.3882,0.0642,0.0649
4,WEEKDAY,21,0.0280,0.4579,0.3523,0.0172,0.4902,2.2444,0.1284,1.3039,0.0485,0.0461
4,WEEKDAY,22,0.0113,0.1838,0.1377,0.0105,0.4202,2.1415,0.1284,0.6595,0.0346,0.0326
4,WEEKDAY,23,0.0026,0.0400,0.0296,0.0088,0.2949,2.1018,0.0940,0.4760,0.0236,0.0216
4,SATURDAY,0,0.0000,0.0000,0.0000,0.0086,0.0922,2.0834,0.0839,0.4759,0.0171,0.0117
4,SATURDAY,1,0.0000,0.0000,0.0000,0.0088,0.0235,2.0758,0.0839,0.4760,0.0152,0.0083
4,SATURDAY,2,0.0000,0.0000,0.0000,0.0104,0.1636,2.0771,0.0839,0.4769,0.0174,0.0154
4,SATURDAY,3,0.0000,0.0000,0.0000,0.0157,0.5179,2.0848,0.0839,0.4828,0.0270,0.0497
4,SATURDAY,4,0.0081,0.0690,0.0864,0.0278,0.7888,2.1690,0.0839,0.6034,0.0439,0.0890
4,SATURDAY,5,0.0245,0.3138,0.2802,0.0381,0.9054,2.1971,0.0839,0.7831,0.0638,0.1236
4,SATURDAY,6,0.0331,0.4402,0.4485,0.0423,0.9410,2.2260,0.0210,1.1512,0.0851,0.1509
4,SATURDAY,7,0.0327,0.4583,0.4742,0.0428,0.9478,2.2619,0.0000,1.3318,0.1017,0.1620
4,SATURDAY,8,0.0312,0.5669,0.4774,0.0422,0.9484,2.3660,0.0000,1.3584,0.1099,0.1640
4,SATURDAY,9,0.0299,0.7179,0.4810,0.0415,0.9481,2.4156,0.0000,1.3591,0.1123,0.1641
4,SATURDAY,10,0.0282,0.8843,0.4852,0.0410,0.9453,2.4382,0.0000,1.3591,0.1126,0.1641
4,SATURDAY,11,0.0265,1.0227,0.4866,0.0408,0.9270,2.5316,0.0000,1.3591,0.1127,0.1641
4,SATURDAY,12,0.0239,1.1510,0.4897,0.0405,0.8649,2.5762,0.0000,1.4594,0.1127,0.1641
4,SATURDAY,13,0.0215,1.2414,0.4878,0.0407,0.7689,2.6653,0.0000,1.4914,0.1127,0.1641
4,SATURDAY,14,0.0193,1.2772,0.4860,0.0412,0.6864,2.7041,0.0000,1.4839,0.1127,0.1641
4,SATURDAY,15,0.0163,1.2954,0.4826,0.0421,0.6360,2.6401,0.0000,1.5308,0.1126,0.1635
4,SATURDAY,16,0.0155,1.2619,0.4793,0.0427,0.6069,2.6221,0.0000,1.5540,0.1115,0.1583
4,SATURDAY,17,0.0159,1.2015,0.4761,0.0431,0.5871,2.5362,0.0334,1.6067,0.1068,0.1434
4,SATURDAY,18,0.0175,1.0607,0.4661,0.0418,0.5730,2.4729,0.0445,1.6009,0.0963,0.1175
4,SATURDAY,19,0.0214,0.7798,0.3949,0.0374,0.5551,2.4264,0.1074,1.4719,0.0806,0.0893
4,SATURDAY,20,0.0237,0.6494,0.3723,0.0286,0.5301,2.3074,0.1284,1.3895,0.0646,0.0654
4,SATURDAY,21,0.0265,0.4828,0.3520,0.0175,0.4911,2.2452,0.1284,1.3060,0.0488,0.0465
4,SATURDAY,22,0.0135,0.2313,0.1677,0.0107,0.4220,2.1443,0.1284,0.6778,0.0349,0.0329
4,SATURDAY,23,0.0000,0.0000,0.0000,0.0088,0.2980,2.0978,0.0950,0.4760,0.0239,0.0219
4,SUNDAY,0,0.0000,0.0000,0.0000,0.0086,0.0156,2.0793,0.0839,0.4759,0.0149,0.0080
4,SUNDAY,1,0.0000,0.0000,0.0000,0.0089,0.1564,2.0747,0.0839,0.4764,0.0156,0.0137
4,SUNDAY,2,0.0000,0.0000,0.0000,0.0109,0.5339,2.0844,0.0839,0.4802,0.0256,0.0560
4,SUNDAY,3,0.0000,0.0000,0.0000,0.0173,0.7917,2.0953,0.0839,0.4932,0.0412,0.0944
4,SUNDAY,4,0.0080,0.0688,0.1047,0.0313,0.9055,2.2066,0.0839,0.6843,0.0606,0.1307
4,SUNDAY,5,0.0329,0.3973,0.3731,0.0403,0.9429,2.2117,0.0839,0.9221,0.0831,0.1568
4,SUNDAY,6,0.0332,0.4435,0.4716,0.0429,0.9482,2.2467,0.0000,1.2894,0.1011,0.1635
4,SUNDAY,7,0.0327,0.4380,0.4716,0.0427,0.9484,2.2776,0.0000,1.3591,0.1101,0.1641
4,SUNDAY,8,0.0310,0.6011,0.4784,0.0420,0.9484,2.4018,0.0000,1.3591,0.1124,0.1641
4,SUNDAY,9,0.0300,0.7332,0.4803,0.0413,0.9478,2.4230,0.0000,1.3591,0.1127,0.1641
4,SUNDAY,10,0.0276,0.9045,0.4858,0.0409,0.9431,2.4439,0.0000,1.3591,0.1127,0.1641
4,SUNDAY,11,0.0259,1.0411,0.4866,0.0408,0.9196,2.5610,0.0000,1.3591,0.1127,0.1641
4,SUNDAY,12,0.0230,1.1975,0.4895,0.0404,0.8412,2.5813,0.0000,1.4928,0.1127,0.1641
4,SUNDAY,13,0.0207,1.2864,0.4884,0.0408,0.7335,2.6934,0.0000,1.4909,0.1127,0.1641
4,SUNDAY,14,0.0180,1.3578,0.4877,0.0414,0.6542,2.7076,0.0000,1.4816,0.1127,0.1641
4,SUNDAY,15,0.0151,1.3861,0.4838,0.0423,0.6102,2.6176,0.0000,1.5472,0.1125,0.1633
4,SUNDAY,16,0.0135,1.3685,0.4807,0.0428,0.5840,2.6236,0.0000,1.5563,0.1111,0.1567
4,SUNDAY,17,0.0139,1.2780,0.4770,0.0432,0.5652,2.5070,0.0445,1.6235,0.1054,0.1390
4,SUNDAY,18,0.0168,1.1065,0.4657,0.0413,0.5518,2.4614,0.0445,1.5918,0.0933,0.1103
4,SUNDAY,19,0.0211,0.7665,0.3745,0.0361,0.5313,2.4145,0.1284,1.4235,0.0763,0.0820
4,SUNDAY,20,0.0243,0.6696,0.3725,0.0260,0.5033,2.2706,0.1284,1.3724,0.0603,0.0583
4,SUNDAY,21,0.0267,0.4737,0.3455,0.0147,0.4588,2.2353,0.1284,1.2825,0.0445,0.0413
4,SUNDAY,22,0.0146,0.2073,0.1708,0.0093,0.3779,2.1132,0.1284,0.4761,0.0311,0.0290
4,SUNDAY,23,0.0000,0.0000,0.0000,0.0086,0.2316,2.0921,0.0839,0.4759,0.0207,0.0182
4,HOLIDAY,0,0.0000,0.0000,0.0000,0.0000,0.0000,0.0000,0.0000,0.0000,0.0000,0.0000
4,HOLIDAY,1,0.0000,0.0000,0.0000,0.0000,0.0000,0.0000,0.0000,0.0000,0.0000,0.0000
4,HOLIDAY,2,0.0000,0.0000,0.0000,0.0000,0.0000,0.0000,0.0000,0.0000,0.0000,0.0000
4,HOLIDAY,3,0.0000,0.0000,0.0000,0.0000,0.0000,0.0000,0.0000,0.0000,0.0000,0.0000
4,HOLIDAY,4,0.0000,0.0000,0.0000,0.0000,0.0000,0.0000,0.0000,0.0000,0.0000,0.0000
4,HOLIDAY,5,0.0000,0.0000,0.0000,0.0000,0.0000,0.0000,0.0000,0.0000,0.0000,0.0000
4,HOLIDAY,6,0.0000,0.0000,0.0000,0.0000,0.0000,0.0000,0.0000,0.0000,0.0000,0.0000
4,HOLIDAY,7,0.0000,0.0000,0.0000,0.0000,0.0000,0.0000,0.0000,0.0000,0.0000,0.0000
4,HOLIDAY,8,0.0000,0.0000,0.0000,0.0000,0.0000,0.0000,0.0000,0.0000,0.0000,0.0000
4,HOLIDAY,9,0.0000,0.0000,0.0000,0.0000,0.0000,0.0000,0.0000,0.0000,0.0000,0.0000
4,HOLIDAY,10,0.0000,0.0000,0.0000,0.0000,0.0000,0.0000,0.0000,0.0000,0.0000,0.0000
4,HOLIDAY,11,0.0000,0.0000,0.0000,0.0000,0.0000,0.0000,0.0000,0.0000,0.0000,0.0000
4,HOLIDAY,12,0.0000,0.0000,0.0000,0.0000,0.0000,0.0000,0.0000,0.0000,0.0000,0.0000
4,HOLIDAY,13,0.0000,0.0000,0.0000,0.0000,0.0000,0.0000,0.0000,0.0000,0.0000,0.0000
4,HOLIDAY,14,0.0000,0.0000,0.0000,0.0000,0.0000,0.0000,0.0000,0.0000,0.0000,0.0000
4,HOLIDAY,15,0.0000,0.0000,0.0000,0.0000,0.0000,0.0000,0.0000,0.0000,0.0000,0.0000
4,HOLIDAY,16,0.0000,0.0000,0.0000,0.0000,0.0000,0.0000,0.0000,0.0000,0.0000,0.0000
4,HOLIDAY,17,0.0000,0.0000,0.0000,0.0000,0.0000,0.0000,0.0000,0.0000,0.0000,0.0000
4,HOLIDAY,18,0.0000,0.0000,0.0000,0.0000,0.0000,0.0000,0.0000,0.0000,0.0000,0.0000
4,HOLIDAY,19,0.0000,0.0000,0.0000,0.0000,0.0000,0.0000,0.0000,0.0000,0.0000,0.0000
4,HOLIDAY,20,0.0000,0.0000,0.0000,0.0000,0.0000,0.0000,0.0000,0.0000,0.0000,0.0000
4,HOLIDAY,21,0.0000,0.0000,0.0000,0.0000,0.0000,0.0000,0.0000,0.0000,0.0000,0.0000
4,HOLIDAY,22,0.0000,0.0000,0.0000,0.0000,0.0000,0.0000,0.0000,0.0000,0.0000,0.0000
4,HOLIDAY,23,0.0000,0.0000,0.0000,0.0000,0.0000,0.0000,0.0000,0.0000,0.0000,0.0000
5,WEEKDAY,0,0.0000,0.0000,0.0000,0.0084,0.0352,2.1788,0.0839,0.4759,0.0156,0.0092
5,WEEKDAY,1,0.0000,0.0000,0.0000,0.0086,0.0196,2.1700,0.0839,0.4760,0.0151,0.0080
5,WEEKDAY,2,0.0000,0.0000,0.0000,0.0106,0.2115,2.1695,0.0839,0.4772,0.0182,0.0179
5,WEEKDAY,3,0.0000,0.0000,0.0000,0.0167,0.6201,2.1780,0.0839,0.4846,0.0299,0.0603
5,WEEKDAY,4,0.0195,0.2663,0.2404,0.0303,0.8450,2.2891,0.0839,0.6430,0.0486,0.0986
5,WEEKDAY,5,0.0301,0.5243,0.3771,0.0390,0.9256,2.3162,0.0000,0.8299,0.0689,0.1319
5,WEEKDAY,6,0.0305,0.6420,0.4777,0.0415,0.9462,2.3652,0.0000,1.2583,0.0906,0.1573
5,WEEKDAY,7,0.0290,0.7187,0.4745,0.0414,0.9484,2.3996,0.0000,1.3563,0.1054,0.1636
5,WEEKDAY,8,0.0271,0.8723,0.4806,0.0407,0.9484,2.5316,0.0000,1.3591,0.1115,0.1641
5,WEEKDAY,9,0.0251,1.0174,0.4800,0.0400,0.9481,2.5620,0.0000,1.3591,0.1126,0.1641
5,WEEKDAY,10,0.0227,1.1990,0.4863,0.0396,0.9443,2.5822,0.0000,1.3591,0.1127,0.1641
5,WEEKDAY,11,0.0204,1.3378,0.4867,0.0395,0.9212,2.6924,0.0000,1.3591,0.1127,0.1641
5,WEEKDAY,12,0.0172,1.4684,0.4900,0.0391,0.8461,2.7045,0.0000,1.4928,0.1127,0.1641
5,WEEKDAY,13,0.0144,1.5452,0.4885,0.0395,0.7432,2.8109,0.0000,1.4909,0.1127,0.1641
5,WEEKDAY,14,0.0121,1.5958,0.4880,0.0400,0.6675,2.8103,0.0000,1.4816,0.1127,0.1641
5,WEEKDAY,15,0.0102,1.6094,0.4836,0.0410,0.6255,2.6968,0.0000,1.5472,0.1125,0.1633
5,WEEKDAY,16,0.0092,1.5925,0.4825,0.0414,0.6006,2.6991,0.0000,1.5563,0.1111,0.1567
5,WEEKDAY,17,0.0091,1.5362,0.4799,0.0418,0.5826,2.5804,0.0445,1.6235,0.1054,0.1390
5,WEEKDAY,18,0.0108,1.4023,0.4718,0.0400,0.5698,2.5636,0.0445,1.5933,0.0933,0.1104
5,WEEKDAY,19,0.0133,1.0006,0.3778,0.0350,0.5502,2.5212,0.1284,1.4315,0.0764,0.0823
5,WEEKDAY,20,0.0159,0.8756,0.3757,0.0252,0.5234,2.3774,0.1284,1.3755,0.0607,0.0597
5,WEEKDAY,21,0.0184,0.6236,0.3455,0.0142,0.4804,2.3333,0.1284,1.2828,0.0449,0.0421
5,WEEKDAY,22,0.0132,0.3791,0.2131,0.0090,0.4025,2.2113,0.1284,0.4761,0.0315,0.0298
5,WEEKDAY,23,0.0000,0.0000,0.0000,0.0083,0.2632,2.1918,0.0839,0.4759,0.0213,0.0192
5,SATURDAY,0,0.0000,0.0000,0.0000,0.0084,0.0352,2.1788,0.0839,0.4759,0.0156,0.0092
5,SATURDAY,1,0.0000,0.0000,0.0000,0.0086,0.0196,2.1700,0.0839,0.4760,0.0151,0.0080
5,SATURDAY,2,0.0000,0.0000,0.0000,0.0106,0.2115,2.1695,0.0839,0.4772,0.0182,0.0179
5,SATURDAY,3,0.0000,0.0000,0.0000,0.0167,0.6201,2.1780,0.0839,0.4846,0.0299,0.0603
5,SATURDAY,4,0.0219,0.2842,0.2724,0.0303,0.8450,2.2891,0.0839,0.6430,0.0486,0.0986
5,SATURDAY,5,0.0300,0.5304,0.3776,0.0390,0.9256,2.3162,0.0000,0.8299,0.0689,0.1319
5,SATURDAY,6,0.0300,0.6341,0.4772,0.0415,0.9462,2.3652,0.0000,1.2583,0.0906,0.1573
5,SATURDAY,7,0.0287,0.7256,0.4753,0.0414,0.9484,2.3996,0.0000,1.3563,0.1054,0.1636
5,SATURDAY,8,0.0268,0.8902,0.4817,0.0407,0.9484,2.5316,0.0000,1.3591,0.1115,0.1641
5,SATURDAY,9,0.0241,1.0656,0.4815,0.0400,0.9481,2.5620,0.0000,1.3591,0.1126,0.1641
5,SATURDAY,10,0.0216,1.2553,0.4886,0.0396,0.9443,2.5822,0.0000,1.3591,0.1127,0.1641
5,SATURDAY,11,0.0191,1.4225,0.4888,0.0395,0.9212,2.6924,0.0000,1.3591,0.1127,0.1641
5,SATURDAY,12,0.0159,1.5826,0.4925,0.0391,0.8461,2.7045,0.0000,1.4928,0.1127,0.1641
5,SATURDAY,13,0.0123,1.6708,0.4905,0.0395,0.7432,2.8109,0.0000,1.4909,0.1127,0.1641
5,SATURDAY,14,0.0088,1.7093,0.4898,0.0400,0.6675,2.8103,0.0000,1.4816,0.1127,0.1641
5,SATURDAY,15,0.0066,1.7258,0.4848,0.0410,0.6255,2.6968,0.0000,1.5472,0.1125,0.1633
5,SATURDAY,16,0.0055,1.7033,0.4837,0.0414,0.6006,2.6991,0.0000,1.5563,0.1111,0.1567
5,SATURDAY,17,0.0055,1.6491,0.4809,0.0418,0.5826,2.5804,0.0445,1.6235,0.1054,0.1390
5,SATURDAY,18,0.0068,1.5039,0.4751,0.0400,0.5698,2.5636,0.0445,1.5933,0.0933,0.1104
5,SATURDAY,19,0.0114,1.0750,0.3788,0.0350,0.5502,2.5212,0.1284,1.4315,0.0764,0.0823
5,SATURDAY,20,0.0136,0.9442,0.3768,0.0252,0.5234,2.3774,0.1284,1.3755,0.0607,0.0597
5,SATURDAY,21,0.0196,0.6543,0.3455,0.0142,0.4804,2.3333,0.1284,1.2828,0.0449,0.0421
5,SATURDAY,22,0.0253,0.5147,0.3252,0.0090,0.4025,2.2113,0.1284,0.4761,0.0315,0.0298
5,SATURDAY,23,0.0000,0.0000,0.0000,0.0084,0.2632,2.1890,0.0839,0.4759,0.0213,0.0192
5,SUNDAY,0,0.0000,0.0000,0.0000,0.0084,0.0156,2.1778,0.0839,0.4759,0.0149,0.0080
5,SUNDAY,1,0.0000,0.0000,0.0000,0.0086,0.1564,2.1704,0.0839,0.4764,0.0156,0.0137
5,SUNDAY,2,0.0000,0.0000,0.0000,0.0106,0.5339,2.1759,0.0839,0.4802,0.0256,0.0560
5,SUNDAY,3,0.0000,0.0000,0.0000,0.0167,0.7917,2.1863,0.0839,0.4932,0.0412,0.0944
5,SUNDAY,4,0.0303,0.3416,0.3455,0.0303,0.9055,2.2994,0.0839,0.6843,0.0606,0.1307
5,SUNDAY,5,0.0297,0.5366,0.3776,0.0390,0.9429,2.3305,0.0000,0.9221,0.0831,0.1568
5,SUNDAY,6,0.0312,0.6182,0.4764,0.0415,0.9482,2.3764,0.0000,1.2894,0.1011,0.1635
5,SUNDAY,7,0.0293,0.7256,0.4748,0.0414,0.9484,2.4066,0.0000,1.3591,0.1101,0.1641
5,SUNDAY,8,0.0278,0.8353,0.4806,0.0407,0.9484,2.5357,0.0000,1.3591,0.1124,0.1641
5,SUNDAY,9,0.0258,0.9632,0.4793,0.0400,0.9478,2.5634,0.0000,1.3591,0.1127,0.1641
5,SUNDAY,10,0.0238,1.1314,0.4853,0.0396,0.9431,2.5823,0.0000,1.3591,0.1127,0.1641
5,SUNDAY,11,0.0217,1.2782,0.4851,0.0395,0.9196,2.6924,0.0000,1.3591,0.1127,0.1641
5,SUNDAY,12,0.0190,1.4006,0.4882,0.0391,0.8412,2.7045,0.0000,1.4928,0.1127,0.1641
5,SUNDAY,13,0.0161,1.4825,0.4864,0.0395,0.7335,2.8109,0.0000,1.4909,0.1127,0.1641
5,SUNDAY,14,0.0132,1.5376,0.4862,0.0400,0.6542,2.8103,0.0000,1.4816,0.1127,0.1641
5,SUNDAY,15,0.0099,1.5584,0.4829,0.0410,0.6102,2.6968,0.0000,1.5472,0.1125,0.1633
5,SUNDAY,16,0.0079,1.5444,0.4821,0.0414,0.5840,2.6990,0.0000,1.5563,0.1111,0.1567
5,SUNDAY,17,0.0066,1.5017,0.4796,0.0418,0.5652,2.5803,0.0445,1.6235,0.1054,0.1390
5,SUNDAY,18,0.0084,1.3794,0.4728,0.0400,0.5518,2.5635,0.0445,1.5918,0.0933,0.1103
5,SUNDAY,19,0.0146,0.9804,0.3776,0.0350,0.5313,2.5210,0.1284,1.4235,0.0763,0.0820
5,SUNDAY,20,0.0171,0.8203,0.3754,0.0252,0.5033,2.3764,0.1284,1.3724,0.0603,0.0583
5,SUNDAY,21,0.0209,0.5875,0.3455,0.0142,0.4588,2.3322,0.1284,1.2825,0.0445,0.0413
5,SUNDAY,22,0.0190,0.3816,0.2439,0.0090,0.3779,2.2108,0.1284,0.4761,0.0311,0.0290
5,SUNDAY,23,0.0000,0.0000,0.0000,0.0084,0.2316,2.1885,0.0839,0.4759,0.0207,0.0182
5,HOLIDAY,0,0.0000,0.0000,0.0000,0.0084,0.0352,2.1788,0.0839,0.4759,0.0156,0.0092
5,HOLIDAY,1,0.0000,0.0000,0.0000,0.0086,0.0196,2.1700,0.0839,0.4760,0.0151,0.0080
5,HOLIDAY,2,0.0000,0.0000,0.0000,0.0106,0.2115,2.1695,0.0839,0.4772,0.0182,0.0179
5,HOLIDAY,3,0.0000,0.0000,0.0000,0.0167,0.6201,2.1780,0.0839,0.4846,0.0299,0.0603
5,HOLIDAY,4,0.0292,0.3846,0.3455,0.0303,0.8450,2.2891,0.0839,0.6430,0.0486,0.0986
5,HOLIDAY,5,0.0282,0.5719,0.3791,0.0390,0.9256,2.3162,0.0000,0.8299,0.0689,0.1319
5,HOLIDAY,6,0.0312,0.6390,0.4775,0.0415,0.9462,2.3652,0.0000,1.2583,0.0906,0.1573
5,HOLIDAY,7,0.0289,0.7169,0.4747,0.0414,0.9484,2.3996,0.0000,1.3563,0.1054,0.1636
5,HOLIDAY,8,0.0280,0.8313,0.4810,0.0407,0.9484,2.5316,0.0000,1.3591,0.1115,0.1641
5,HOLIDAY,9,0.0265,0.9443,0.4798,0.0400,0.9481,2.5620,0.0000,1.3591,0.1126,0.1641
5,HOLIDAY,10,0.0248,1.0629,0.4843,0.0396,0.9443,2.5822,0.0000,1.3591,0.1127,0.1641
5,HOLIDAY,11,0.0229,1.1945,0.4847,0.0395,0.9212,2.6924,0.0000,1.3591,0.1127,0.1641
5,HOLIDAY,12,0.0203,1.3480,0.4867,0.0391,0.8461,2.7045,0.0000,1.4928,0.1127,0.1641
5,HOLIDAY,13,0.0187,1.3845,0.4834,0.0395,0.7432,2.8109,0.0000,1.4909,0.1127,0.1641
5,HOLIDAY,14,0.0176,1.3936,0.4828,0.0400,0.6675,2.8103,0.0000,1.4816,0.1127,0.1641
5,HOLIDAY,15,0.0163,1.4473,0.4810,0.0410,0.6255,2.6968,0.0000,1.5472,0.1125,0.1633
5,HOLIDAY,16,0.0166,1.3814,0.4799,0.0414,0.6006,2.6991,0.0000,1.5563,0.1111,0.1567
5,HOLIDAY,17,0.0172,1.3074,0.4767,0.0418,0.5826,2.5804,0.0445,1.6235,0.1054,0.1390
5,HOLIDAY,18,0.0190,1.1544,0.4731,0.0400,0.5698,2.5636,0.0445,1.5933,0.0933,0.1104
5,HOLIDAY,19,0.0211,0.8098,0.3762,0.0350,0.5502,2.5212,0.1284,1.4315,0.0764,0.0823
5,HOLIDAY,20,0.0232,0.7436,0.3744,0.0252,0.5234,2.3774,0.1284,1.3755,0.0607,0.0597
5,HOLIDAY,21,0.0250,0.5456,0.3455,0.0142,0.4804,2.3333,0.1284,1.2828,0.0449,0.0421
5,HOLIDAY,22,0.0290,0.4260,0.3252,0.0090,0.4025,2.2113,0.1284,0.4761,0.0315,0.0298
5,HOLIDAY,23,0.0000,0.0000,0.0000,0.0084,0.2632,2.1890,0.0839,0.4759,0.0213,0.0192
6,WEEKDAY,0,0.0000,0.0000,0.0000,0.0071,0.0352,2.2382,0.0839,0.4759,0.0156,0.0092
6,WEEKDAY,1,0.0000,0.0000,0.0000,0.0073,0.0196,2.2285,0.0839,0.4760,0.0151,0.0080
6,WEEKDAY,2,0.0000,0.0000,0.0000,0.0089,0.2115,2.2279,0.0839,0.4772,0.0182,0.0179
6,WEEKDAY,3,0.0000,0.0000,0.0000,0.0141,0.6201,2.2378,0.0839,0.4846,0.0299,0.0603
6,WEEKDAY,4,0.0159,0.6549,0.3455,0.0256,0.8450,2.3515,0.0839,0.6430,0.0486,0.0986
6,WEEKDAY,5,0.0201,0.8034,0.3850,0.0330,0.9256,2.3850,0.0000,0.8299,0.0689,0.1319
6,WEEKDAY,6,0.0233,1.0296,0.4947,0.0351,0.9462,2.4345,0.0000,1.2583,0.0906,0.1573
6,WEEKDAY,7,0.0204,1.1659,0.4792,0.0350,0.9484,2.4705,0.0000,1.3563,0.1054,0.1636
6,WEEKDAY,8,0.0181,1.3187,0.4878,0.0344,0.9484,2.6172,0.0000,1.3591,0.1115,0.1641
6,WEEKDAY,9,0.0147,1.5075,0.4846,0.0338,0.9481,2.6544,0.0000,1.3591,0.1126,0.1641
6,WEEKDAY,10,0.0116,1.7138,0.4923,0.0335,0.9443,2.6766,0.0000,1.3591,0.1127,0.1641
6,WEEKDAY,11,0.0091,1.8758,0.4915,0.0334,0.9212,2.7789,0.0000,1.3591,0.1127,0.1641
6,WEEKDAY,12,0.0052,2.0175,0.4952,0.0331,0.8461,2.7840,0.0000,1.4928,0.1127,0.1641
6,WEEKDAY,13,0.0030,2.0954,0.4937,0.0334,0.7432,2.8801,0.0000,1.4909,0.1127,0.1641
6,WEEKDAY,14,0.0017,2.1466,0.4942,0.0339,0.6675,2.8641,0.0000,1.4816,0.1127,0.1641
6,WEEKDAY,15,0.0008,2.1637,0.4904,0.0346,0.6255,2.7292,0.0000,1.5472,0.1125,0.1633
6,WEEKDAY,16,0.0005,2.1659,0.4909,0.0350,0.6006,2.7254,0.0000,1.5563,0.1111,0.1567
6,WEEKDAY,17,0.0003,2.1229,0.4880,0.0353,0.5826,2.6010,0.0445,1.6235,0.1054,0.1390
6,WEEKDAY,18,0.0006,2.0207,0.4864,0.0338,0.5698,2.6078,0.0445,1.5933,0.0933,0.1104
6,WEEKDAY,19,0.0010,1.4466,0.3856,0.0296,0.5502,2.5792,0.1284,1.4315,0.0764,0.0823
6,WEEKDAY,20,0.0029,1.3182,0.3828,0.0213,0.5234,2.4386,0.1284,1.3755,0.0607,0.0597
6,WEEKDAY,21,0.0043,0.9806,0.3496,0.0120,0.4804,2.3848,0.1284,1.2828,0.0449,0.0421
6,WEEKDAY,22,0.0105,0.8278,0.3394,0.0076,0.4025,2.2678,0.1284,0.4761,0.0315,0.0298
6,WEEKDAY,23,0.0000,0.0000,0.0000,0.0071,0.2632,2.2510,0.0839,0.4759,0.0213,0.0192
6,SATURDAY,0,0.0000,0.0000,0.0000,0.0071,0.0352,2.2382,0.0839,0.4759,0.0156,0.0092
6,SATURDAY,1,0.0000,0.0000,0.0000,0.0073,0.0196,2.2285,0.0839,0.4760,0.0151,0.0080
6,SATURDAY,2,0.0000,0.0000,0.0000,0.0089,0.2115,2.2279,0.0839,0.4772,0.0182,0.0179
6,SATURDAY,3,0.0000,0.0000,0.0000,0.0141,0.6201,2.2378,0.0839,0.4846,0.0299,0.0603
6,SATURDAY,4,0.0241,0.5290,0.3455,0.0256,0.8450,2.3515,0.0839,0.6430,0.0486,0.0986
6,SATURDAY,5,0.0261,0.6712,0.3820,0.0330,0.9256,2.3850,0.0000,0.8299,0.0689,0.1319
6,SATURDAY,6,0.0277,0.8629,0.4919,0.0351,0.9462,2.4345,0.0000,1.2583,0.0906,0.1573
6,SATURDAY,7,0.0256,0.9325,0.4776,0.0350,0.9484,2.4705,0.0000,1.3563,0.1054,0.1636
6,SATURDAY,8,0.0243,1.0329,0.4835,0.0344,0.9484,2.6172,0.0000,1.3591,0.1115,0.1641
6,SATURDAY,9,0.0220,1.1671,0.4816,0.0338,0.9481,2.6544,0.0000,1.3591,0.1126,0.1641
6,SATURDAY,10,0.0197,1.3435,0.4880,0.0335,0.9443,2.6766,0.0000,1.3591,0.1127,0.1641
6,SATURDAY,11,0.0171,1.4765,0.4875,0.0334,0.9212,2.7789,0.0000,1.3591,0.1127,0.1641
6,SATURDAY,12,0.0140,1.6217,0.4911,0.0331,0.8461,2.7840,0.0000,1.4928,0.1127,0.1641
6,SATURDAY,13,0.0104,1.7083,0.4890,0.0334,0.7432,2.8801,0.0000,1.4909,0.1127,0.1641
6,SATURDAY,14,0.0076,1.7514,0.4891,0.0339,0.6675,2.8641,0.0000,1.4816,0.1127,0.1641
6,SATURDAY,15,0.0061,1.7750,0.4850,0.0346,0.6255,2.7292,0.0000,1.5472,0.1125,0.1633
6,SATURDAY,16,0.0042,1.7604,0.4850,0.0350,0.6006,2.7254,0.0000,1.5563,0.1111,0.1567
6,SATURDAY,17,0.0040,1.6878,0.4823,0.0353,0.5826,2.6010,0.0445,1.6235,0.1054,0.1390
6,SATURDAY,18,0.0052,1.5805,0.4778,0.0338,0.5698,2.6078,0.0445,1.5933,0.0933,0.1104
6,SATURDAY,19,0.0087,1.1411,0.3806,0.0296,0.5502,2.5792,0.1284,1.4315,0.0764,0.0823
6,SATURDAY,20,0.0102,1.0155,0.3784,0.0213,0.5234,2.4386,0.1284,1.3755,0.0607,0.0597
6,SATURDAY,21,0.0122,0.7293,0.3455,0.0120,0.4804,2.3848,0.1284,1.2828,0.0449,0.0421
6,SATURDAY,22,0.0224,0.5920,0.3268,0.0076,0.4025,2.2678,0.1284,0.4761,0.0315,0.0298
6,SATURDAY,23,0.0000,0.0000,0.0000,0.0071,0.2632,2.2510,0.0839,0.4759,0.0213,0.0192
6,SUNDAY,0,0.0000,0.0000,0.0000,0.0071,0.0156,2.2372,0.0839,0.4759,0.0149,0.0080
6,SUNDAY,1,0.0000,0.0000,0.0000,0.0073,0.1564,2.2289,0.0839,0.4764,0.0156,0.0137
6,SUNDAY,2,0.0000,0.0000,0.0000,0.0089,0.5339,2.2343,0.0839,0.4802,0.0256,0.0560
6,SUNDAY,3,0.0000,0.0000,0.0000,0.0141,0.7917,2.2461,0.0839,0.4932,0.0412,0.0944
6,SUNDAY,4,0.0250,0.4987,0.3455,0.0256,0.9055,2.3618,0.0839,0.6843,0.0606,0.1307
6,SUNDAY,5,0.0254,0.6879,0.3813,0.0330,0.9429,2.3993,0.0000,0.9221,0.0831,0.1568
6,SUNDAY,6,0.0275,0.8965,0.4908,0.0351,0.9482,2.4457,0.0000,1.2894,0.1011,0.1635
6,SUNDAY,7,0.0246,1.0161,0.4776,0.0350,0.9484,2.4774,0.0000,1.3591,0.1101,0.1641
6,SUNDAY,8,0.0230,1.1170,0.4843,0.0344,0.9484,2.6212,0.0000,1.3591,0.1124,0.1641
6,SUNDAY,9,0.0204,1.2795,0.4822,0.0338,0.9478,2.6559,0.0000,1.3591,0.1127,0.1641
6,SUNDAY,10,0.0179,1.4461,0.4889,0.0335,0.9431,2.6768,0.0000,1.3591,0.1127,0.1641
6,SUNDAY,11,0.0152,1.5890,0.4882,0.0334,0.9196,2.7789,0.0000,1.3591,0.1127,0.1641
6,SUNDAY,12,0.0129,1.7274,0.4917,0.0331,0.8412,2.7840,0.0000,1.4928,0.1127,0.1641
6,SUNDAY,13,0.0106,1.8046,0.4896,0.0334,0.7335,2.8801,0.0000,1.4909,0.1127,0.1641
6,SUNDAY,14,0.0077,1.8543,0.4898,0.0339,0.6542,2.8641,0.0000,1.4816,0.1127,0.1641
6,SUNDAY,15,0.0059,1.8636,0.4858,0.0346,0.6102,2.7292,0.0000,1.5472,0.1125,0.1633
6,SUNDAY,16,0.0043,1.8521,0.4862,0.0350,0.5840,2.7254,0.0000,1.5563,0.1111,0.1567
6,SUNDAY,17,0.0040,1.7974,0.4829,0.0353,0.5652,2.6010,0.0445,1.6235,0.1054,0.1390
6,SUNDAY,18,0.0060,1.6959,0.4813,0.0338,0.5518,2.6077,0.0445,1.5918,0.0933,0.1103
6,SUNDAY,19,0.0079,1.1697,0.3815,0.0296,0.5313,2.5790,0.1284,1.4235,0.0763,0.0820
6,SUNDAY,20,0.0105,1.0507,0.3793,0.0213,0.5033,2.4376,0.1284,1.3724,0.0603,0.0583
6,SUNDAY,21,0.0154,0.7625,0.3455,0.0120,0.4588,2.3837,0.1284,1.2825,0.0445,0.0413
6,SUNDAY,22,0.0201,0.6281,0.3293,0.0076,0.3779,2.2674,0.1284,0.4761,0.0311,0.0290
6,SUNDAY,23,0.0000,0.0000,0.0000,0.0070,0.2316,2.2549,0.0839,0.4759,0.0207,0.0182
6,HOLIDAY,0,0.0000,0.0000,0.0000,0.0000,0.0000,0.0000,0.0000,0.0000,0.0000,0.0000
6,HOLIDAY,1,0.0000,0.0000,0.0000,0.0000,0.0000,0.0000,0.0000,0.0000,0.0000,0.0000
6,HOLIDAY,2,0.0000,0.0000,0.0000,0.0000,0.0000,0.0000,0.0000,0.0000,0.0000,0.0000
6,HOLIDAY,3,0.0000,0.0000,0.0000,0.0000,0.0000,0.0000,0.0000,0.0000,0.0000,0.0000
6,HOLIDAY,4,0.0000,0.0000,0.0000,0.0000,0.0000,0.0000,0.0000,0.0000,0.0000,0.0000
6,HOLIDAY,5,0.0000,0.0000,0.0000,0.0000,0.0000,0.0000,0.0000,0.0000,0.0000,0.0000
6,HOLIDAY,6,0.0000,0.0000,0.0000,0.0000,0.0000,0.0000,0.0000,0.0000,0.0000,0.0000
6,HOLIDAY,7,0.0000,0.0000,0.0000,0.0000,0.0000,0.0000,0.0000,0.0000,0.0000,0.0000
6,HOLIDAY,8,0.0000,0.0000,0.0000,0.0000,0.0000,0.0000,0.0000,0.0000,0.0000,0.0000
6,HOLIDAY,9,0.0000,0.0000,0.0000,0.0000,0.0000,0.0000,0.0000,0.0000,0.0000,0.0000
6,HOLIDAY,10,0.0000,0.0000,0.0000,0.0000,0.0000,0.0000,0.0000,0.0000,0.0000,0.0000
6,HOLIDAY,11,0.0000,0.0000,0.0000,0.0000,0.0000,0.0000,0.0000,0.0000,0.0000,0.0000
6,HOLIDAY,12,0.0000,0.0000,0.0000,0.0000,0.0000,0.0000,0.0000,0.0000,0.0000,0.0000
6,HOLIDAY,13,0.0000,0.0000,0.0000,0.0000,0.0000,0.0000,0.0000,0.0000,0.0000,0.0000
6,HOLIDAY,14,0.0000,0.0000,0.0000,0.0000,0.0000,0.0000,0.0000,0.0000,0.0000,0.0000
6,HOLIDAY,15,0.0000,0.0000,0.0000,0.0000,0.0000,0.0000,0.0000,0.0000,0.0000,0.0000
6,HOLIDAY,16,0.0000,0.0000,0.0000,0.0000,0.0000,0.0000,0.0000,0.0000,0.0000,0.0000
6,HOLIDAY,17,0.0000,0.0000,0.0000,0.0000,0.0000,0.0000,0.0000,0.0000,0.0000,0.0000
6,HOLIDAY,18,0.0000,0.0000,0.0000,0.0000,0.0000,0.0000,0.0000,0.0000,0.0000,0.0000
6,HOLIDAY,19,0.0000,0.0000,0.0000,0.0000,0.0000,0.0000,0.0000,0.0000,0.0000,0.0000
6,HOLIDAY,20,0.0000,0.0000,0.0000,0.0000,0.0000,0.0000,0.0000,0.0000,0.0000,0.0000
6,HOLIDAY,21,0.0000,0.0000,0.0000,0.0000,0.0000,0.0000,0.0000,0.0000,0.0000,0.0000
6,HOLIDAY,22,0.0000,0.0000,0.0000,0.0000,0.0000,0.0000,0.0000,0.0000,0.0000,0.0000
6,HOLIDAY,23,0.0000,0.0000,0.0000,0.0000,0.0000,0.0000,0.0000,0.0000,0.0000,0.0000
7,WEEKDAY,0,0.0000,0.0000,0.0000,0.0068,0.0352,2.2607,0.0839,0.4759,0.0156,0.0092
7,WEEKDAY,1,0.0000,0.0000,0.0000,0.0070,0.0196,2.2526,0.0839,0.4760,0.0151,0.0080
7,WEEKDAY,2,0.0000,0.0000,0.0000,0.0086,0.2115,2.2515,0.0839,0.4772,0.0182,0.0179
7,WEEKDAY,3,0.0000,0.0000,0.0000,0.0137,0.6201,2.2612,0.0839,0.4846,0.0299,0.0603
7,WEEKDAY,4,0.0062,0.7755,0.3455,0.0248,0.8450,2.3774,0.0839,0.6430,0.0486,0.0986
7,WEEKDAY,5,0.0089,0.9391,0.4003,0.0319,0.9256,2.4062,0.0000,0.8299,0.0689,0.1319
7,WEEKDAY,6,0.0171,1.1511,0.4984,0.0340,0.9462,2.4582,0.0000,1.2583,0.0906,0.1573
7,WEEKDAY,7,0.0143,1.2761,0.4807,0.0338,0.9484,2.5032,0.0000,1.3563,0.1054,0.1636
7,WEEKDAY,8,0.0122,1.4470,0.4920,0.0333,0.9484,2.6610,0.0000,1.3591,0.1115,0.1641
7,WEEKDAY,9,0.0088,1.6420,0.4872,0.0327,0.9481,2.7107,0.0000,1.3591,0.1126,0.1641
7,WEEKDAY,10,0.0051,1.8663,0.4955,0.0324,0.9443,2.7371,0.0000,1.3591,0.1127,0.1641
7,WEEKDAY,11,0.0023,2.0449,0.4938,0.0323,0.9212,2.8299,0.0000,1.3591,0.1127,0.1641
7,WEEKDAY,12,0.0006,2.2034,0.4970,0.0320,0.8461,2.8257,0.0000,1.4928,0.1127,0.1641
7,WEEKDAY,13,0.0000,2.3021,0.4962,0.0323,0.7432,2.9114,0.0000,1.4909,0.1127,0.1641
7,WEEKDAY,14,0.0000,2.3651,0.4973,0.0328,0.6675,2.8816,0.0000,1.4816,0.1127,0.1641
7,WEEKDAY,15,0.0000,2.3910,0.4949,0.0335,0.6255,2.7251,0.0000,1.5472,0.1125,0.1633
7,WEEKDAY,16,0.0000,2.3759,0.4950,0.0339,0.6006,2.7131,0.0000,1.5563,0.1111,0.1567
7,WEEKDAY,17,0.0000,2.3333,0.4921,0.0342,0.5826,2.5861,0.0445,1.6235,0.1054,0.1390
7,WEEKDAY,18,0.0000,2.2246,0.4911,0.0327,0.5698,2.6096,0.0445,1.5933,0.0933,0.1104
7,WEEKDAY,19,0.0000,1.5803,0.3931,0.0286,0.5502,2.5959,0.1284,1.4315,0.0764,0.0823
7,WEEKDAY,20,0.0000,1.4543,0.3868,0.0206,0.5234,2.4592,0.1284,1.3755,0.0607,0.0597
7,WEEKDAY,21,0.0005,1.0931,0.3567,0.0116,0.4804,2.3988,0.1284,1.2828,0.0449,0.0421
7,WEEKDAY,22,0.0032,0.9651,0.3520,0.0074,0.4025,2.2868,0.1284,0.4761,0.0315,0.0298
7,WEEKDAY,23,0.0000,0.0000,0.0000,0.0068,0.2632,2.2729,0.0839,0.4759,0.0213,0.0192
7,SATURDAY,0,0.0000,0.0000,0.0000,0.0068,0.0352,2.2607,0.0839,0.4759,0.0156,0.0092
7,SATURDAY,1,0.0000,0.0000,0.0000,0.0070,0.0196,2.2526,0.0839,0.4760,0.0151,0.0080
7,SATURDAY,2,0.0000,0.0000,0.0000,0.0086,0.2115,2.2515,0.0839,0.4772,0.0182,0.0179
7,SATURDAY,3,0.0000,0.0000,0.0000,0.0137,0.6201,2.2612,0.0839,0.4846,0.0299,0.0603
7,SATURDAY,4,0.0000,0.8448,0.3455,0.0248,0.8450,2.3774,0.0839,0.6430,0.0486,0.0986
7,SATURDAY,5,0.0029,1.0361,0.3910,0.0319,0.9256,2.4062,0.0000,0.8299,0.0689,0.1319
7,SATURDAY,6,0.0103,1.2855,0.4984,0.0340,0.9462,2.4582,0.0000,1.2583,0.0906,0.1573
7,SATURDAY,7,0.0100,1.4481,0.4824,0.0338,0.9484,2.5032,0.0000,1.3563,0.1054,0.1636
7,SATURDAY,8,0.0053,1.6515,0.4957,0.0333,0.9484,2.6610,0.0000,1.3591,0.1115,0.1641
7,SATURDAY,9,0.0013,1.8453,0.4898,0.0327,0.9481,2.7107,0.0000,1.3591,0.1126,0.1641
7,SATURDAY,10,0.0000,2.0848,0.4975,0.0324,0.9443,2.7371,0.0000,1.3591,0.1127,0.1641
7,SATURDAY,11,0.0000,2.2533,0.4958,0.0323,0.9212,2.8299,0.0000,1.3591,0.1127,0.1641
7,SATURDAY,12,0.0000,2.3947,0.4982,0.0320,0.8461,2.8257,0.0000,1.4928,0.1127,0.1641
7,SATURDAY,13,0.0000,2.4742,0.4983,0.0323,0.7432,2.9114,0.0000,1.4909,0.1127,0.1641
7,SATURDAY,14,0.0000,2.5337,0.4984,0.0328,0.6675,2.8816,0.0000,1.4816,0.1127,0.1641
7,SATURDAY,15,0.0000,2.5505,0.4979,0.0335,0.6255,2.7251,0.0000,1.5472,0.1125,0.1633
7,SATURDAY,16,0.0000,2.5430,0.4984,0.0339,0.6006,2.7131,0.0000,1.5563,0.1111,0.1567
7,SATURDAY,17,0.0000,2.4693,0.4957,0.0342,0.5826,2.5861,0.0445,1.6235,0.1054,0.1390
7,SATURDAY,18,0.0000,2.3652,0.4961,0.0327,0.5698,2.6096,0.0445,1.5933,0.0933,0.1104
7,SATURDAY,19,0.0000,1.6583,0.3919,0.0286,0.5502,2.5959,0.1284,1.4315,0.0764,0.0823
7,SATURDAY,20,0.0000,1.5563,0.3890,0.0206,0.5234,2.4592,0.1284,1.3755,0.0607,0.0597
7,SATURDAY,21,0.0000,1.1762,0.3455,0.0116,0.4804,2.3988,0.1284,1.2828,0.0449,0.0421
7,SATURDAY,22,0.0000,1.0647,0.3455,0.0074,0.4025,2.2868,0.1284,0.4761,0.0315,0.0298
7,SATURDAY,23,0.0000,0.0000,0.0000,0.0068,0.2632,2.2733,0.0839,0.4759,0.0213,0.0192
7,SUNDAY,0,0.0000,0.0000,0.0000,0.0068,0.0156,2.2596,0.0839,0.4759,0.0149,0.0080
7,SUNDAY,1,0.0000,0.0000,0.0000,0.0070,0.1564,2.2530,0.0839,0.4764,0.0156,0.0137
7,SUNDAY,2,0.0000,0.0000,0.0000,0.0086,0.5339,2.2579,0.0839,0.4802,0.0256,0.0560
7,SUNDAY,3,0.0000,0.0000,0.0000,0.0137,0.7917,2.2695,0.0839,0.4932,0.0412,0.0944
7,SUNDAY,4,0.0000,0.8004,0.3455,0.0248,0.9055,2.3877,0.0839,0.6843,0.0606,0.1307
7,SUNDAY,5,0.0039,0.9916,0.3903,0.0319,0.9429,2.4206,0.0000,0.9221,0.0831,0.1568
7,SUNDAY,6,0.0103,1.1972,0.4984,0.0340,0.9482,2.4693,0.0000,1.2894,0.1011,0.1635
7,SUNDAY,7,0.0117,1.2770,0.4809,0.0338,0.9484,2.5102,0.0000,1.3591,0.1101,0.1641
7,SUNDAY,8,0.0096,1.3964,0.4924,0.0333,0.9484,2.6650,0.0000,1.3591,0.1124,0.1641
7,SUNDAY,9,0.0069,1.5596,0.4874,0.0327,0.9478,2.7121,0.0000,1.3591,0.1127,0.1641
7,SUNDAY,10,0.0053,1.7739,0.4952,0.0324,0.9431,2.7373,0.0000,1.3591,0.1127,0.1641
7,SUNDAY,11,0.0026,1.9536,0.4933,0.0323,0.9196,2.8299,0.0000,1.3591,0.1127,0.1641
7,SUNDAY,12,0.0015,2.0961,0.4968,0.0320,0.8412,2.8257,0.0000,1.4928,0.1127,0.1641
7,SUNDAY,13,0.0000,2.1912,0.4959,0.0323,0.7335,2.9114,0.0000,1.4909,0.1127,0.1641
7,SUNDAY,14,0.0000,2.2382,0.4966,0.0328,0.6542,2.8816,0.0000,1.4816,0.1127,0.1641
7,SUNDAY,15,0.0000,2.2550,0.4946,0.0335,0.6102,2.7251,0.0000,1.5472,0.1125,0.1633
7,SUNDAY,16,0.0000,2.2417,0.4947,0.0339,0.5840,2.7131,0.0000,1.5563,0.1111,0.1567
7,SUNDAY,17,0.0000,2.1959,0.4914,0.0342,0.5652,2.5861,0.0445,1.6235,0.1054,0.1390
7,SUNDAY,18,0.0000,2.0789,0.4906,0.0327,0.5518,2.6096,0.0445,1.5918,0.0933,0.1103
7,SUNDAY,19,0.0000,1.5401,0.3885,0.0286,0.5313,2.5957,0.1284,1.4235,0.0763,0.0820
7,SUNDAY,20,0.0000,1.4116,0.3860,0.0206,0.5033,2.4582,0.1284,1.3724,0.0603,0.0583
7,SUNDAY,21,0.0000,1.0444,0.3455,0.0116,0.4588,2.3977,0.1284,1.2825,0.0445,0.0413
7,SUNDAY,22,0.0066,0.9322,0.3455,0.0074,0.3779,2.2863,0.1284,0.4761,0.0311,0.0290
7,SUNDAY,23,0.0000,0.0000,0.0000,0.0068,0.2316,2.2728,0.0839,0.4759,0.0207,0.0182
7,HOLIDAY,0,0.0000,0.0000,0.0000,0.0068,0.0352,2.2607,0.0839,0.4759,0.0156,0.0092
7,HOLIDAY,1,0.0000,0.0000,0.0000,0.0070,0.0196,2.2526,0.0839,0.4760,0.0151,0.0080
7,HOLIDAY,2,0.0000,0.0000,0.0000,0.0086,0.2115,2.2515,0.0839,0.4772,0.0182,0.0179
7,HOLIDAY,3,0.0000,0.0000,0.0000,0.0137,0.6201,2.2612,0.0839,0.4846,0.0299,0.0603
7,HOLIDAY,4,0.0135,0.7423,0.3455,0.0248,0.8450,2.3774,0.0839,0.6430,0.0486,0.0986
7,HOLIDAY,5,0.0154,0.9033,0.3876,0.0319,0.9256,2.4062,0.0000,0.8299,0.0689,0.1319
7,HOLIDAY,6,0.0206,1.1152,0.4984,0.0340,0.9462,2.4582,0.0000,1.2583,0.0906,0.1573
7,HOLIDAY,7,0.0178,1.2398,0.4797,0.0338,0.9484,2.5032,0.0000,1.3563,0.1054,0.1636
7,HOLIDAY,8,0.0150,1.3770,0.4903,0.0333,0.9484,2.6610,0.0000,1.3591,0.1115,0.1641
7,HOLIDAY,9,0.0105,1.5765,0.4857,0.0327,0.9481,2.7107,0.0000,1.3591,0.1126,0.1641
7,HOLIDAY,10,0.0070,1.8033,0.4944,0.0324,0.9443,2.7371,0.0000,1.3591,0.1127,0.1641
7,HOLIDAY,11,0.0000,2.0108,0.4932,0.0323,0.9212,2.8299,0.0000,1.3591,0.1127,0.1641
7,HOLIDAY,12,0.0000,2.1538,0.4967,0.0320,0.8461,2.8257,0.0000,1.4928,0.1127,0.1641
7,HOLIDAY,13,0.0000,2.2288,0.4955,0.0323,0.7432,2.9114,0.0000,1.4909,0.1127,0.1641
7,HOLIDAY,14,0.0000,2.3247,0.4971,0.0328,0.6675,2.8816,0.0000,1.4816,0.1127,0.1641
7,HOLIDAY,15,0.0000,2.3132,0.4923,0.0335,0.6255,2.7251,0.0000,1.5472,0.1125,0.1633
7,HOLIDAY,16,0.0000,2.2991,0.4936,0.0339,0.6006,2.7131,0.0000,1.5563,0.1111,0.1567
7,HOLIDAY,17,0.0000,2.2574,0.4908,0.0342,0.5826,2.5861,0.0445,1.6235,0.1054,0.1390
7,HOLIDAY,18,0.0000,2.1324,0.4891,0.0327,0.5698,2.6096,0.0445,1.5933,0.0933,0.1104
7,HOLIDAY,19,0.0000,1.5722,0.3878,0.0286,0.5502,2.5959,0.1284,1.4315,0.0764,0.0823
7,HOLIDAY,20,0.0000,1.4296,0.3847,0.0206,0.5234,2.4592,0.1284,1.3755,0.0607,0.0597
7,HOLIDAY,21,0.0000,1.0563,0.3455,0.0116,0.4804,2.3988,0.1284,1.2828,0.0449,0.0421
7,HOLIDAY,22,0.0000,0.9282,0.3455,0.0074,0.4025,2.2868,0.1284,0.4761,0.0315,0.0298
7,HOLIDAY,23,0.0000,0.0000,0.0000,0.0068,0.2632,2.2733,0.0839,0.4759,0.0213,0.0192
8,WEEKDAY,0,0.0000,0.0000,0.0000,0.0065,0.0352,2.2524,0.0839,0.4759,0.0156,0.0092
8,WEEKDAY,1,0.0000,0.0000,0.0000,0.0066,0.0196,2.2445,0.0839,0.4760,0.0151,0.0080
8,WEEKDAY,2,0.0000,0.0000,0.0000,0.0082,0.2115,2.2435,0.0839,0.4772,0.0182,0.0179
8,WEEKDAY,3,0.0000,0.0000,0.0000,0.0129,0.6201,2.2535,0.0839,0.4846,0.0299,0.0603
8,WEEKDAY,4,0.0103,0.7333,0.3455,0.0234,0.8450,2.3675,0.0839,0.6430,0.0486,0.0986
8,WEEKDAY,5,0.0144,0.8970,0.3959,0.0302,0.9256,2.3850,0.0000,0.8299,0.0689,0.1319
8,WEEKDAY,6,0.0190,1.1032,0.4981,0.0321,0.9462,2.4410,0.0000,1.2583,0.0906,0.1573
8,WEEKDAY,7,0.0170,1.1866,0.4808,0.0320,0.9484,2.4877,0.0000,1.3563,0.1054,0.1636
8,WEEKDAY,8,0.0147,1.3631,0.4931,0.0314,0.9484,2.6472,0.0000,1.3591,0.1115,0.1641
8,WEEKDAY,9,0.0111,1.5676,0.4898,0.0309,0.9481,2.6976,0.0000,1.3591,0.1126,0.1641
8,WEEKDAY,10,0.0079,1.7887,0.4961,0.0306,0.9443,2.7262,0.0000,1.3591,0.1127,0.1641
8,WEEKDAY,11,0.0049,1.9893,0.4945,0.0305,0.9212,2.8231,0.0000,1.3591,0.1127,0.1641
8,WEEKDAY,12,0.0023,2.1505,0.4972,0.0302,0.8461,2.8213,0.0000,1.4928,0.1127,0.1641
8,WEEKDAY,13,0.0002,2.2668,0.4966,0.0305,0.7432,2.9089,0.0000,1.4909,0.1127,0.1641
8,WEEKDAY,14,0.0000,2.3490,0.4976,0.0309,0.6675,2.8809,0.0000,1.4816,0.1127,0.1641
8,WEEKDAY,15,0.0000,2.3807,0.4965,0.0317,0.6255,2.7267,0.0000,1.5472,0.1125,0.1633
8,WEEKDAY,16,0.0000,2.3825,0.4960,0.0320,0.6006,2.7166,0.0000,1.5563,0.1111,0.1567
8,WEEKDAY,17,0.0000,2.3375,0.4931,0.0323,0.5826,2.5915,0.0445,1.6235,0.1054,0.1390
8,WEEKDAY,18,0.0000,2.2470,0.4919,0.0309,0.5698,2.6131,0.0445,1.5933,0.0933,0.1104
8,WEEKDAY,19,0.0000,1.5371,0.3936,0.0270,0.5502,2.5923,0.1284,1.4315,0.0764,0.0823
8,WEEKDAY,20,0.0004,1.4064,0.3875,0.0195,0.5234,2.4526,0.1284,1.3755,0.0607,0.0597
8,WEEKDAY,21,0.0011,1.0678,0.3678,0.0110,0.4804,2.3959,0.1284,1.2828,0.0449,0.0421
8,WEEKDAY,22,0.0076,0.9064,0.3548,0.0070,0.4025,2.2799,0.1284,0.4761,0.0315,0.0298
8,WEEKDAY,23,0.0000,0.0032,0.0037,0.0065,0.2632,2.2651,0.0839,0.4759,0.0213,0.0192
8,SATURDAY,0,0.0000,0.0000,0.0000,0.0065,0.0352,2.2524,0.0839,0.4759,0.0156,0.0092
8,SATURDAY,1,0.0000,0.0000,0.0000,0.0067,0.0196,2.2445,0.0839,0.4760,0.0151,0.0080
8,SATURDAY,2,0.0000,0.0000,0.0000,0.0082,0.2115,2.2435,0.0839,0.4772,0.0182,0.0179
8,SATURDAY,3,0.0000,0.0000,0.0000,0.0129,0.6201,2.2535,0.0839,0.4846,0.0299,0.0603
8,SATURDAY,4,0.0109,0.7340,0.3619,0.0234,0.8450,2.3675,0.0839,0.6430,0.0486,0.0986
8,SATURDAY,5,0.0156,0.8834,0.4046,0.0302,0.9256,2.3850,0.0000,0.8299,0.0689,0.1319
8,SATURDAY,6,0.0217,1.0770,0.4983,0.0321,0.9462,2.4410,0.0000,1.2583,0.0906,0.1573
8,SATURDAY,7,0.0193,1.1586,0.4806,0.0320,0.9484,2.4877,0.0000,1.3563,0.1054,0.1636
8,SATURDAY,8,0.0163,1.3445,0.4931,0.0314,0.9484,2.6472,0.0000,1.3591,0.1115,0.1641
8,SATURDAY,9,0.0122,1.5529,0.4897,0.0309,0.9481,2.6976,0.0000,1.3591,0.1126,0.1641
8,SATURDAY,10,0.0087,1.8062,0.4962,0.0306,0.9443,2.7262,0.0000,1.3591,0.1127,0.1641
8,SATURDAY,11,0.0038,2.0021,0.4945,0.0305,0.9212,2.8231,0.0000,1.3591,0.1127,0.1641
8,SATURDAY,12,0.0017,2.1655,0.4975,0.0302,0.8461,2.8213,0.0000,1.4928,0.1127,0.1641
8,SATURDAY,13,0.0000,2.2718,0.4968,0.0305,0.7432,2.9089,0.0000,1.4909,0.1127,0.1641
8,SATURDAY,14,0.0000,2.3319,0.4977,0.0309,0.6675,2.8809,0.0000,1.4816,0.1127,0.1641
8,SATURDAY,15,0.0000,2.3515,0.4963,0.0317,0.6255,2.7267,0.0000,1.5472,0.1125,0.1633
8,SATURDAY,16,0.0000,2.3574,0.4961,0.0320,0.6006,2.7166,0.0000,1.5563,0.1111,0.1567
8,SATURDAY,17,0.0000,2.3323,0.4920,0.0323,0.5826,2.5915,0.0445,1.6235,0.1054,0.1390
8,SATURDAY,18,0.0000,2.2444,0.4910,0.0309,0.5698,2.6131,0.0445,1.5933,0.0933,0.1104
8,SATURDAY,19,0.0000,1.5678,0.4049,0.0270,0.5502,2.5923,0.1284,1.4315,0.0764,0.0823
8,SATURDAY,20,0.0000,1.4178,0.4025,0.0195,0.5234,2.4526,0.1284,1.3755,0.0607,0.0597
8,SATURDAY,21,0.0000,1.0737,0.3782,0.0110,0.4804,2.3959,0.1284,1.2828,0.0449,0.0421
8,SATURDAY,22,0.0071,0.8787,0.3619,0.0070,0.4025,2.2799,0.1284,0.4761,0.0315,0.0298
8,SATURDAY,23,0.0000,0.0170,0.0164,0.0064,0.2632,2.2593,0.0839,0.4759,0.0213,0.0192
8,SUNDAY,0,0.0000,0.0000,0.0000,0.0065,0.0156,2.2513,0.0839,0.4759,0.0149,0.0080
8,SUNDAY,1,0.0000,0.0000,0.0000,0.0067,0.1564,2.2449,0.0839,0.4764,0.0156,0.0137
8,SUNDAY,2,0.0000,0.0000,0.0204,0.0082,0.5339,2.2499,0.0839,0.4802,0.0256,0.0560
8,SUNDAY,3,0.0000,0.0000,0.0000,0.0129,0.7917,2.2618,0.0839,0.4932,0.0412,0.0944
8,SUNDAY,4,0.0106,0.7082,0.3660,0.0234,0.9055,2.3778,0.0839,0.6843,0.0606,0.1307
8,SUNDAY,5,0.0158,0.8645,0.4079,0.0302,0.9429,2.3993,0.0000,0.9221,0.0831,0.1568
8,SUNDAY,6,0.0221,1.0477,0.4982,0.0321,0.9482,2.4521,0.0000,1.2894,0.1011,0.1635
8,SUNDAY,7,0.0198,1.1237,0.4800,0.0320,0.9484,2.4947,0.0000,1.3591,0.1101,0.1641
8,SUNDAY,8,0.0173,1.2799,0.4919,0.0314,0.9484,2.6512,0.0000,1.3591,0.1124,0.1641
8,SUNDAY,9,0.0127,1.4812,0.4890,0.0309,0.9478,2.6991,0.0000,1.3591,0.1127,0.1641
8,SUNDAY,10,0.0097,1.7049,0.4953,0.0306,0.9431,2.7264,0.0000,1.3591,0.1127,0.1641
8,SUNDAY,11,0.0064,1.9085,0.4941,0.0305,0.9196,2.8231,0.0000,1.3591,0.1127,0.1641
8,SUNDAY,12,0.0040,2.0663,0.4967,0.0302,0.8412,2.8213,0.0000,1.4928,0.1127,0.1641
8,SUNDAY,13,0.0013,2.1887,0.4962,0.0305,0.7335,2.9089,0.0000,1.4909,0.1127,0.1641
8,SUNDAY,14,0.0011,2.2769,0.4970,0.0309,0.6542,2.8809,0.0000,1.4816,0.1127,0.1641
8,SUNDAY,15,0.0000,2.3035,0.4954,0.0317,0.6102,2.7267,0.0000,1.5472,0.1125,0.1633
8,SUNDAY,16,0.0000,2.3051,0.4949,0.0320,0.5840,2.7166,0.0000,1.5563,0.1111,0.1567
8,SUNDAY,17,0.0000,2.2822,0.4917,0.0323,0.5652,2.5915,0.0445,1.6235,0.1054,0.1390
8,SUNDAY,18,0.0000,2.1808,0.4900,0.0309,0.5518,2.6131,0.0445,1.5918,0.0933,0.1103
8,SUNDAY,19,0.0000,1.4513,0.3874,0.0270,0.5313,2.5921,0.1284,1.4235,0.0763,0.0820
8,SUNDAY,20,0.0027,1.3221,0.3857,0.0195,0.5033,2.4516,0.1284,1.3724,0.0603,0.0583
8,SUNDAY,21,0.0034,1.0154,0.3660,0.0110,0.4588,2.3948,0.1284,1.2825,0.0445,0.0413
8,SUNDAY,22,0.0088,0.8543,0.3609,0.0070,0.3779,2.2794,0.1284,0.4761,0.0311,0.0290
8,SUNDAY,23,0.0000,0.0159,0.0204,0.0065,0.2316,2.2646,0.0839,0.4759,0.0207,0.0182
8,HOLIDAY,0,0.0000,0.0000,0.0000,0.0000,0.0000,0.0000,0.0000,0.0000,0.0000,0.0000
8,HOLIDAY,1,0.0000,0.0000,0.0000,0.0000,0.0000,0.0000,0.0000,0.0000,0.0000,0.0000
8,HOLIDAY,2,0.0000,0.0000,0.0000,0.0000,0.0000,0.0000,0.0000,0.0000,0.0000,0.0000
8,HOLIDAY,3,0.0000,0.0000,0.0000,0.0000,0.0000,0.0000,0.0000,0.0000,0.0000,0.0000
8,HOLIDAY,4,0.0000,0.0000,0.0000,0.0000,0.0000,0.0000,0.0000,0.0000,0.0000,0.0000
8,HOLIDAY,5,0.0000,0.0000,0.0000,0.0000,0.0000,0.0000,0.0000,0.0000,0.0000,0.0000
8,HOLIDAY,6,0.0000,0.0000,0.0000,0.0000,0.0000,0.0000,0.0000,0.0000,0.0000,0.0000
8,HOLIDAY,7,0.0000,0.0000,0.0000,0.0000,0.0000,0.0000,0.0000,0.0000,0.0000,0.0000
8,HOLIDAY,8,0.0000,0.0000,0.0000,0.0000,0.0000,0.0000,0.0000,0.0000,0.0000,0.0000
8,HOLIDAY,9,0.0000,0.0000,0.0000,0.0000,0.0000,0.0000,0.0000,0.0000,0.0000,0.0000
8,HOLIDAY,10,0.0000,0.0000,0.0000,0.0000,0.0000,0.0000,0.0000,0.0000,0.0000,0.0000
8,HOLIDAY,11,0.0000,0.0000,0.0000,0.0000,0.0000,0.0000,0.0000,0.0000,0.0000,0.0000
8,HOLIDAY,12,0.0000,0.0000,0.0000,0.0000,0.0000,0.0000,0.0000,0.0000,0.0000,0.0000
8,HOLIDAY,13,0.0000,0.0000,0.0000,0.0000,0.0000,0.0000,0.0000,0.0000,0.0000,0.0000
8,HOLIDAY,14,0.0000,0.0000,0.0000,0.0000,0.0000,0.0000,0.0000,0.0000,0.0000,0.0000
8,HOLIDAY,15,0.0000,0.0000,0.0000,0.0000,0.0000,0.0000,0.0000,0.0000,0.0000,0.0000
8,HOLIDAY,16,0.0000,0.0000,0.0000,0.0000,0.0000,0.0000,0.0000,0.0000,0.0000,0.0000
8,HOLIDAY,17,0.0000,0.0000,0.0000,0.0000,0.0000,0.0000,0.0000,0.0000,0.0000,0.0000
8,HOLIDAY,18,0.0000,0.0000,0.0000,0.0000,0.0000,0.0000,0.0000,0.0000,0.0000,0.0000
8,HOLIDAY,19,0.0000,0.0000,0.0000,0.0000,0.0000,0.0000,0.0000,0.0000,0.0000,0.0000
8,HOLIDAY,20,0.0000,0.0000,0.0000,0.0000,0.0000,0.0000,0.0000,0.0000,0.0000,0.0000
8,HOLIDAY,21,0.0000,0.0000,0.0000,0.0000,0.0000,0.0000,0.0000,0.0000,0.0000,0.0000
8,HOLIDAY,22,0.0000,0.0000,0.0000,0.0000,0.0000,0.0000,0.0000,0.0000,0.0000,0.0000
8,HOLIDAY,23,0.0000,0.0000,0.0000,0.0000,0.0000,0.0000,0.0000,0.0000,0.0000,0.0000
9,WEEKDAY,0,0.0000,0.0000,0.0000,0.0063,0.0352,2.2253,0.0839,0.4759,0.0156,0.0092
9,WEEKDAY,1,0.0000,0.0000,0.0000,0.0065,0.0196,2.2177,0.0839,0.4760,0.0151,0.0080
9,WEEKDAY,2,0.0000,0.0000,0.0000,0.0079,0.2115,2.2189,0.0839,0.4772,0.0182,0.0179
9,WEEKDAY,3,0.0000,0.0000,0.0000,0.0126,0.6201,2.2289,0.0839,0.4846,0.0299,0.0603
9,WEEKDAY,4,0.0226,0.5658,0.3455,0.0227,0.8450,2.3431,0.0839,0.6430,0.0486,0.0986
9,WEEKDAY,5,0.0246,0.7370,0.3852,0.0293,0.9256,2.3519,0.0839,0.8299,0.0689,0.1319
9,WEEKDAY,6,0.0277,0.9043,0.4962,0.0312,0.9462,2.3907,0.0000,1.2583,0.0906,0.1573
9,WEEKDAY,7,0.0259,0.9347,0.4811,0.0311,0.9484,2.4452,0.0000,1.3563,0.1054,0.1636
9,WEEKDAY,8,0.0234,1.1043,0.4935,0.0306,0.9484,2.6030,0.0000,1.3591,0.1115,0.1641
9,WEEKDAY,9,0.0198,1.3438,0.4905,0.0300,0.9481,2.6495,0.0000,1.3591,0.1126,0.1641
9,WEEKDAY,10,0.0164,1.5707,0.4955,0.0298,0.9443,2.6806,0.0000,1.3591,0.1127,0.1641
9,WEEKDAY,11,0.0124,1.7775,0.4937,0.0297,0.9212,2.7860,0.0000,1.3591,0.1127,0.1641
9,WEEKDAY,12,0.0073,1.9554,0.4969,0.0294,0.8461,2.7938,0.0000,1.4928,0.1127,0.1641
9,WEEKDAY,13,0.0032,2.0694,0.4962,0.0297,0.7432,2.8886,0.0000,1.4909,0.1127,0.1641
9,WEEKDAY,14,0.0015,2.1648,0.4974,0.0301,0.6675,2.8707,0.0000,1.4816,0.1127,0.1641
9,WEEKDAY,15,0.0008,2.2002,0.4964,0.0308,0.6255,2.7313,0.0000,1.5472,0.1125,0.1633
9,WEEKDAY,16,0.0005,2.1944,0.4960,0.0312,0.6006,2.7251,0.0000,1.5563,0.1111,0.1567
9,WEEKDAY,17,0.0010,2.1089,0.4898,0.0314,0.5826,2.6014,0.0445,1.6235,0.1054,0.1390
9,WEEKDAY,18,0.0019,1.9626,0.4874,0.0301,0.5698,2.5957,0.1284,1.5933,0.0933,0.1104
9,WEEKDAY,19,0.0036,1.2888,0.3849,0.0263,0.5502,2.5673,0.1284,1.4315,0.0764,0.0823
9,WEEKDAY,20,0.0047,1.1741,0.3833,0.0189,0.5234,2.4252,0.1284,1.3755,0.0607,0.0597
9,WEEKDAY,21,0.0076,0.8483,0.3496,0.0107,0.4804,2.3735,0.1284,1.2828,0.0449,0.0421
9,WEEKDAY,22,0.0194,0.6653,0.3374,0.0068,0.4025,2.2523,0.1284,0.4761,0.0315,0.0298
9,WEEKDAY,23,0.0000,0.0000,0.0000,0.0063,0.2632,2.2316,0.0839,0.4759,0.0213,0.0192
9,SATURDAY,0,0.0000,0.0000,0.0000,0.0063,0.0352,2.2253,0.0839,0.4759,0.0156,0.0092
9,SATURDAY,1,0.0000,0.0000,0.0000,0.0065,0.0196,2.2177,0.0839,0.4760,0.0151,0.0080
9,SATURDAY,2,0.0000,0.0000,0.0000,0.0079,0.2115,2.2189,0.0839,0.4772,0.0182,0.0179
9,SATURDAY,3,0.0000,0.0000,0.0000,0.0126,0.6201,2.2289,0.0839,0.4846,0.0299,0.0603
9,SATURDAY,4,0.0255,0.4970,0.3455,0.0227,0.8450,2.3431,0.0839,0.6430,0.0486,0.0986
9,SATURDAY,5,0.0260,0.6876,0.3840,0.0293,0.9256,2.3519,0.0839,0.8299,0.0689,0.1319
9,SATURDAY,6,0.0292,0.8444,0.4963,0.0312,0.9462,2.3908,0.0000,1.2583,0.0906,0.1573
9,SATURDAY,7,0.0271,0.8746,0.4807,0.0311,0.9484,2.4452,0.0000,1.3563,0.1054,0.1636
9,SATURDAY,8,0.0250,1.0199,0.4929,0.0306,0.9484,2.6030,0.0000,1.3591,0.1115,0.1641
9,SATURDAY,9,0.0221,1.2278,0.4902,0.0300,0.9481,2.6495,0.0000,1.3591,0.1126,0.1641
9,SATURDAY,10,0.0188,1.4473,0.4948,0.0298,0.9443,2.6806,0.0000,1.3591,0.1127,0.1641
9,SATURDAY,11,0.0152,1.6638,0.4930,0.0297,0.9212,2.7860,0.0000,1.3591,0.1127,0.1641
9,SATURDAY,12,0.0104,1.8498,0.4963,0.0294,0.8461,2.7938,0.0000,1.4928,0.1127,0.1641
9,SATURDAY,13,0.0052,1.9633,0.4950,0.0297,0.7432,2.8886,0.0000,1.4909,0.1127,0.1641
9,SATURDAY,14,0.0029,2.0432,0.4966,0.0301,0.6675,2.8707,0.0000,1.4816,0.1127,0.1641
9,SATURDAY,15,0.0000,2.0746,0.4956,0.0308,0.6255,2.7313,0.0000,1.5472,0.1125,0.1633
9,SATURDAY,16,0.0000,2.0793,0.4950,0.0312,0.6006,2.7251,0.0000,1.5563,0.1111,0.1567
9,SATURDAY,17,0.0000,1.9907,0.4877,0.0314,0.5826,2.6014,0.0445,1.6235,0.1054,0.1390
9,SATURDAY,18,0.0026,1.8424,0.4852,0.0301,0.5698,2.5957,0.1284,1.5933,0.0933,0.1104
9,SATURDAY,19,0.0062,1.1953,0.3835,0.0263,0.5502,2.5673,0.1284,1.4315,0.0764,0.0823
9,SATURDAY,20,0.0080,1.0895,0.3822,0.0189,0.5234,2.4252,0.1284,1.3755,0.0607,0.0597
9,SATURDAY,21,0.0124,0.7804,0.3455,0.0107,0.4804,2.3735,0.1284,1.2828,0.0449,0.0421
9,SATURDAY,22,0.0220,0.6116,0.3303,0.0068,0.4025,2.2523,0.1284,0.4761,0.0315,0.0298
9,SATURDAY,23,0.0000,0.0000,0.0000,0.0063,0.2632,2.2359,0.0839,0.4759,0.0213,0.0192
9,SUNDAY,0,0.0000,0.0000,0.0000,0.0063,0.0156,2.2243,0.0839,0.4759,0.0149,0.0080
9,SUNDAY,1,0.0000,0.0000,0.0000,0.0065,0.1564,2.2181,0.0839,0.4764,0.0156,0.0137
9,SUNDAY,2,0.0000,0.0000,0.0000,0.0079,0.5339,2.2253,0.0839,0.4802,0.0256,0.0560
9,SUNDAY,3,0.0000,0.0000,0.0000,0.0126,0.7917,2.2372,0.0839,0.4932,0.0412,0.0944
9,SUNDAY,4,0.0221,0.5617,0.3455,0.0227,0.9055,2.3534,0.0839,0.6843,0.0606,0.1307
9,SUNDAY,5,0.0240,0.7451,0.4176,0.0293,0.9429,2.3662,0.0839,0.9221,0.0831,0.1568
9,SUNDAY,6,0.0274,0.9651,0.4958,0.0312,0.9482,2.4019,0.0000,1.2894,0.1011,0.1635
9,SUNDAY,7,0.0259,0.9674,0.4809,0.0311,0.9484,2.4522,0.0000,1.3591,0.1101,0.1641
9,SUNDAY,8,0.0233,1.1493,0.4935,0.0306,0.9484,2.6071,0.0000,1.3591,0.1124,0.1641
9,SUNDAY,9,0.0199,1.3725,0.4907,0.0300,0.9478,2.6509,0.0000,1.3591,0.1127,0.1641
9,SUNDAY,10,0.0167,1.5927,0.4953,0.0298,0.9431,2.6808,0.0000,1.3591,0.1127,0.1641
9,SUNDAY,11,0.0121,1.7823,0.4935,0.0297,0.9196,2.7860,0.0000,1.3591,0.1127,0.1641
9,SUNDAY,12,0.0089,1.9303,0.4963,0.0294,0.8412,2.7938,0.0000,1.4928,0.1127,0.1641
9,SUNDAY,13,0.0061,2.0586,0.4955,0.0297,0.7335,2.8886,0.0000,1.4909,0.1127,0.1641
9,SUNDAY,14,0.0025,2.1336,0.4966,0.0301,0.6542,2.8707,0.0000,1.4816,0.1127,0.1641
9,SUNDAY,15,0.0019,2.1560,0.4957,0.0308,0.6102,2.7313,0.0000,1.5472,0.1125,0.1633
9,SUNDAY,16,0.0016,2.1327,0.4947,0.0312,0.5840,2.7251,0.0000,1.5563,0.1111,0.1567
9,SUNDAY,17,0.0022,2.0761,0.4900,0.0314,0.5652,2.6014,0.0445,1.6235,0.1054,0.1390
9,SUNDAY,18,0.0030,1.9343,0.4876,0.0301,0.5518,2.5957,0.1284,1.5918,0.0933,0.1103
9,SUNDAY,19,0.0038,1.2398,0.3843,0.0263,0.5313,2.5671,0.1284,1.4235,0.0763,0.0820
9,SUNDAY,20,0.0092,1.1287,0.3830,0.0189,0.5033,2.4242,0.1284,1.3724,0.0603,0.0583
9,SUNDAY,21,0.0110,0.8358,0.3619,0.0107,0.4588,2.3724,0.1284,1.2825,0.0445,0.0413
9,SUNDAY,22,0.0176,0.6840,0.3497,0.0068,0.3779,2.2519,0.1284,0.4761,0.0311,0.0290
9,SUNDAY,23,0.0000,0.0000,0.0000,0.0063,0.2316,2.2354,0.0839,0.4759,0.0207,0.0182
9,HOLIDAY,0,0.0000,0.0000,0.0000,0.0063,0.0352,2.2253,0.0839,0.4759,0.0156,0.0092
9,HOLIDAY,1,0.0000,0.0000,0.0000,0.0065,0.0196,2.2177,0.0839,0.4760,0.0151,0.0080
9,HOLIDAY,2,0.0000,0.0000,0.0000,0.0079,0.2115,2.2189,0.0839,0.4772,0.0182,0.0179
9,HOLIDAY,3,0.0000,0.0000,0.0000,0.0126,0.6201,2.2289,0.0839,0.4846,0.0299,0.0603
9,HOLIDAY,4,0.0000,0.8337,0.3455,0.0227,0.8450,2.3431,0.0839,0.6430,0.0486,0.0986
9,HOLIDAY,5,0.0148,0.9952,0.3897,0.0293,0.9256,2.3519,0.0839,0.8299,0.0689,0.1319
9,HOLIDAY,6,0.0206,1.1562,0.4984,0.0312,0.9462,2.3908,0.0000,1.2583,0.0906,0.1573
9,HOLIDAY,7,0.0191,1.2185,0.4817,0.0311,0.9484,2.4452,0.0000,1.3563,0.1054,0.1636
9,HOLIDAY,8,0.0153,1.4893,0.4959,0.0306,0.9484,2.6030,0.0000,1.3591,0.1115,0.1641
9,HOLIDAY,9,0.0098,1.7837,0.4920,0.0300,0.9481,2.6495,0.0000,1.3591,0.1126,0.1641
9,HOLIDAY,10,0.0047,2.0622,0.4984,0.0298,0.9443,2.6806,0.0000,1.3591,0.1127,0.1641
9,HOLIDAY,11,0.0000,2.2223,0.4967,0.0297,0.9212,2.7860,0.0000,1.3591,0.1127,0.1641
9,HOLIDAY,12,0.0000,2.3565,0.4984,0.0294,0.8461,2.7938,0.0000,1.4928,0.1127,0.1641
9,HOLIDAY,13,0.0000,2.4985,0.4984,0.0297,0.7432,2.8886,0.0000,1.4909,0.1127,0.1641
9,HOLIDAY,14,0.0000,2.6060,0.4984,0.0301,0.6675,2.8707,0.0000,1.4816,0.1127,0.1641
9,HOLIDAY,15,0.0000,2.6121,0.4984,0.0308,0.6255,2.7313,0.0000,1.5472,0.1125,0.1633
9,HOLIDAY,16,0.0000,2.6255,0.4984,0.0312,0.6006,2.7251,0.0000,1.5563,0.1111,0.1567
9,HOLIDAY,17,0.0000,2.5913,0.4984,0.0314,0.5826,2.6014,0.0445,1.6235,0.1054,0.1390
9,HOLIDAY,18,0.0000,2.4607,0.4984,0.0301,0.5698,2.5957,0.1284,1.5933,0.0933,0.1104
9,HOLIDAY,19,0.0000,1.5740,0.3923,0.0263,0.5502,2.5673,0.1284,1.4315,0.0764,0.0823
9,HOLIDAY,20,0.0000,1.4940,0.3893,0.0189,0.5234,2.4252,0.1284,1.3755,0.0607,0.0597
9,HOLIDAY,21,0.0000,1.1559,0.4273,0.0107,0.4804,2.3735,0.1284,1.2828,0.0449,0.0421
9,HOLIDAY,22,0.0000,0.9757,0.3455,0.0068,0.4025,2.2523,0.1284,0.4761,0.0315,0.0298
9,HOLIDAY,23,0.0000,0.0000,0.0000,0.0063,0.2632,2.2359,0.0839,0.4759,0.0213,0.0192
10,WEEKDAY,0,0.0000,0.0000,0.0000,0.0068,0.0748,2.1420,0.0839,0.4759,0.0166,0.0109
10,WEEKDAY,1,0.0000,0.0000,0.0000,0.0070,0.0223,2.1362,0.0839,0.4760,0.0152,0.0082
10,WEEKDAY,2,0.0000,0.0000,0.0000,0.0084,0.1782,2.1368,0.0839,0.4770,0.0176,0.0161
10,WEEKDAY,3,0.0000,0.0000,0.0000,0.0128,0.5490,2.1488,0.0839,0.4833,0.0279,0.0529
10,WEEKDAY,4,0.0135,0.1389,0.1663,0.0228,0.8059,2.2445,0.0839,0.6154,0.0453,0.0920
10,WEEKDAY,5,0.0261,0.4031,0.3139,0.0307,0.9116,2.2641,0.0839,0.7974,0.0653,0.1261
10,WEEKDAY,6,0.0320,0.5464,0.4654,0.0336,0.9426,2.2679,0.0839,1.1838,0.0868,0.1529
10,WEEKDAY,7,0.0319,0.5354,0.4784,0.0339,0.9480,2.3059,0.0146,1.3392,0.1028,0.1625
10,WEEKDAY,8,0.0308,0.6478,0.4898,0.0334,0.9484,2.4413,0.0000,1.3586,0.1104,0.1640
10,WEEKDAY,9,0.0288,0.8355,0.4903,0.0328,0.9481,2.5053,0.0000,1.3591,0.1124,0.1641
10,WEEKDAY,10,0.0265,1.0295,0.4930,0.0325,0.9450,2.5388,0.0000,1.3591,0.1127,0.1641
10,WEEKDAY,11,0.0238,1.2086,0.4924,0.0323,0.9252,2.6447,0.0000,1.3591,0.1127,0.1641
10,WEEKDAY,12,0.0204,1.3761,0.4943,0.0320,0.8591,2.6809,0.0000,1.4695,0.1127,0.1641
10,WEEKDAY,13,0.0168,1.4909,0.4937,0.0323,0.7611,2.7732,0.0000,1.4913,0.1127,0.1641
10,WEEKDAY,14,0.0137,1.5634,0.4945,0.0327,0.6806,2.7949,0.0000,1.4832,0.1127,0.1641
10,WEEKDAY,15,0.0116,1.5832,0.4933,0.0334,0.6328,2.7036,0.0000,1.5358,0.1126,0.1634
10,WEEKDAY,16,0.0119,1.5181,0.4882,0.0338,0.6050,2.6781,0.0000,1.5547,0.1114,0.1578
10,WEEKDAY,17,0.0142,1.3752,0.4810,0.0341,0.5857,2.5589,0.0367,1.6118,0.1064,0.1421
10,WEEKDAY,18,0.0175,1.1718,0.4745,0.0330,0.5720,2.5058,0.1138,1.5986,0.0954,0.1154
10,WEEKDAY,19,0.0207,0.8150,0.3936,0.0293,0.5536,2.4660,0.1284,1.4596,0.0793,0.0872
10,WEEKDAY,20,0.0234,0.7014,0.3774,0.0220,0.5280,2.3434,0.1284,1.3852,0.0634,0.0636
10,WEEKDAY,21,0.0262,0.5026,0.3505,0.0132,0.4879,2.2880,0.1284,1.2989,0.0476,0.0452
10,WEEKDAY,22,0.0188,0.2707,0.2199,0.0081,0.4161,2.1828,0.1284,0.6164,0.0338,0.0319
10,WEEKDAY,23,0.0000,0.0000,0.0000,0.0069,0.2874,2.1524,0.0917,0.4760,0.0231,0.0211
10,SATURDAY,0,0.0000,0.0000,0.0000,0.0068,0.0352,2.1403,0.0839,0.4759,0.0156,0.0092
10,SATURDAY,1,0.0000,0.0000,0.0000,0.0070,0.0196,2.1354,0.0839,0.4760,0.0151,0.0080
10,SATURDAY,2,0.0000,0.0000,0.0000,0.0086,0.2115,2.1371,0.0839,0.4772,0.0182,0.0179
10,SATURDAY,3,0.0000,0.0000,0.0000,0.0137,0.6201,2.1513,0.0839,0.4846,0.0299,0.0603
10,SATURDAY,4,0.0158,0.1517,0.1728,0.0248,0.8450,2.2641,0.0839,0.6430,0.0486,0.0986
10,SATURDAY,5,0.0315,0.4868,0.3781,0.0319,0.9256,2.2641,0.0839,0.8299,0.0689,0.1319
10,SATURDAY,6,0.0323,0.5398,0.4809,0.0340,0.9462,2.2688,0.0839,1.2583,0.0906,0.1573
10,SATURDAY,7,0.0321,0.5073,0.4777,0.0338,0.9484,2.3138,0.0000,1.3563,0.1054,0.1636
10,SATURDAY,8,0.0304,0.6600,0.4912,0.0333,0.9484,2.4682,0.0000,1.3591,0.1115,0.1641
10,SATURDAY,9,0.0284,0.8527,0.4902,0.0327,0.9481,2.5131,0.0000,1.3591,0.1126,0.1641
10,SATURDAY,10,0.0258,1.0845,0.4939,0.0324,0.9443,2.5442,0.0000,1.3591,0.1127,0.1641
10,SATURDAY,11,0.0227,1.2756,0.4924,0.0323,0.9212,2.6658,0.0000,1.3591,0.1127,0.1641
10,SATURDAY,12,0.0191,1.4648,0.4951,0.0320,0.8461,2.6841,0.0000,1.4928,0.1127,0.1641
10,SATURDAY,13,0.0155,1.5791,0.4938,0.0323,0.7432,2.7919,0.0000,1.4909,0.1127,0.1641
10,SATURDAY,14,0.0113,1.6588,0.4950,0.0328,0.6675,2.7955,0.0000,1.4816,0.1127,0.1641
10,SATURDAY,15,0.0096,1.6787,0.4924,0.0335,0.6255,2.6843,0.0000,1.5472,0.1125,0.1633
10,SATURDAY,16,0.0091,1.6314,0.4891,0.0339,0.6006,2.6768,0.0000,1.5563,0.1111,0.1567
10,SATURDAY,17,0.0116,1.5039,0.4816,0.0342,0.5826,2.5341,0.0445,1.6235,0.1054,0.1390
10,SATURDAY,18,0.0141,1.2937,0.4751,0.0327,0.5698,2.4998,0.1284,1.5933,0.0933,0.1104
10,SATURDAY,19,0.0199,0.8281,0.3791,0.0286,0.5502,2.4589,0.1284,1.4315,0.0764,0.0823
10,SATURDAY,20,0.0227,0.7301,0.3775,0.0206,0.5234,2.3192,0.1284,1.3755,0.0607,0.0597
10,SATURDAY,21,0.0254,0.5084,0.3455,0.0116,0.4804,2.2814,0.1284,1.2828,0.0449,0.0421
10,SATURDAY,22,0.0137,0.2369,0.1626,0.0074,0.4025,2.1621,0.1284,0.4761,0.0315,0.0298
10,SATURDAY,23,0.0000,0.0000,0.0000,0.0068,0.2632,2.1503,0.0839,0.4759,0.0213,0.0192
10,SUNDAY,0,0.0000,0.0000,0.0000,0.0068,0.0696,2.1419,0.0839,0.4759,0.0163,0.0105
10,SUNDAY,1,0.0000,0.0000,0.0000,0.0070,0.1212,2.1367,0.0839,0.4763,0.0154,0.0122
10,SUNDAY,2,0.0000,0.0000,0.0000,0.0082,0.4395,2.1416,0.0839,0.4792,0.0231,0.0454
10,SUNDAY,3,0.0000,0.0000,0.0000,0.0124,0.7273,2.1556,0.0839,0.4900,0.0373,0.0848
10,SUNDAY,4,0.0152,0.1725,0.1860,0.0220,0.8770,2.2457,0.0839,0.6365,0.0558,0.1216
10,SUNDAY,5,0.0227,0.3979,0.2846,0.0302,0.9335,2.2774,0.0839,0.8626,0.0775,0.1503
10,SUNDAY,6,0.0320,0.5866,0.4602,0.0335,0.9469,2.2795,0.0839,1.1976,0.0966,0.1618
10,SUNDAY,7,0.0312,0.5938,0.4794,0.0339,0.9483,2.3105,0.0210,1.3417,0.1079,0.1639
10,SUNDAY,8,0.0298,0.7128,0.4908,0.0334,0.9484,2.4344,0.0000,1.3591,0.1119,0.1641
10,SUNDAY,9,0.0273,0.9627,0.4913,0.0329,0.9479,2.5040,0.0000,1.3591,0.1126,0.1641
10,SUNDAY,10,0.0240,1.1872,0.4937,0.0325,0.9442,2.5369,0.0000,1.3591,0.1127,0.1641
10,SUNDAY,11,0.0205,1.4094,0.4937,0.0323,0.9255,2.6355,0.0000,1.3591,0.1127,0.1641
10,SUNDAY,12,0.0168,1.6022,0.4954,0.0321,0.8608,2.6795,0.0000,1.4594,0.1127,0.1641
10,SUNDAY,13,0.0115,1.7580,0.4951,0.0322,0.7604,2.7650,0.0000,1.4914,0.1127,0.1641
10,SUNDAY,14,0.0087,1.8466,0.4959,0.0326,0.6740,2.7946,0.0000,1.4839,0.1127,0.1641
10,SUNDAY,15,0.0063,1.8923,0.4953,0.0333,0.6212,2.7121,0.0000,1.5308,0.1126,0.1635
10,SUNDAY,16,0.0065,1.8428,0.4911,0.0338,0.5906,2.6787,0.0000,1.5540,0.1115,0.1583
10,SUNDAY,17,0.0082,1.7017,0.4841,0.0341,0.5699,2.5697,0.0334,1.6067,0.1068,0.1434
10,SUNDAY,18,0.0116,1.4471,0.4806,0.0331,0.5551,2.5083,0.1074,1.5997,0.0963,0.1175
10,SUNDAY,19,0.0149,0.9877,0.4020,0.0296,0.5364,2.4689,0.1284,1.4655,0.0805,0.0891
10,SUNDAY,20,0.0198,0.8229,0.3790,0.0226,0.5103,2.3533,0.1284,1.3852,0.0643,0.0642
10,SUNDAY,21,0.0229,0.6032,0.3532,0.0139,0.4699,2.2898,0.1284,1.3050,0.0485,0.0456
10,SUNDAY,22,0.0276,0.4552,0.3303,0.0084,0.3982,2.1913,0.1284,0.6777,0.0344,0.0321
10,SUNDAY,23,0.0000,0.0000,0.0000,0.0070,0.2682,2.1528,0.0950,0.4760,0.0233,0.0209
10,HOLIDAY,0,0.0000,0.0000,0.0000,0.0000,0.0000,0.0000,0.0000,0.0000,0.0000,0.0000
10,HOLIDAY,1,0.0000,0.0000,0.0000,0.0000,0.0000,0.0000,0.0000,0.0000,0.0000,0.0000
10,HOLIDAY,2,0.0000,0.0000,0.0000,0.0000,0.0000,0.0000,0.0000,0.0000,0.0000,0.0000
10,HOLIDAY,3,0.0000,0.0000,0.0000,0.0000,0.0000,0.0000,0.0000,0.0000,0.0000,0.0000
10,HOLIDAY,4,0.0000,0.0000,0.0000,0.0000,0.0000,0.0000,0.0000,0.0000,0.0000,0.0000
10,HOLIDAY,5,0.0000,0.0000,0.0000,0.0000,0.0000,0.0000,0.0000,0.0000,0.0000,0.0000
10,HOLIDAY,6,0.0000,0.0000,0.0000,0.0000,0.0000,0.0000,0.0000,0.0000,0.0000,0.0000
10,HOLIDAY,7,0.0000,0.0000,0.0000,0.0000,0.0000,0.0000,0.0000,0.0000,0.0000,0.0000
10,HOLIDAY,8,0.0000,0.0000,0.0000,0.0000,0.0000,0.0000,0.0000,0.0000,0.0000,0.0000
10,HOLIDAY,9,0.0000,0.0000,0.0000,0.0000,0.0000,0.0000,0.0000,0.0000,0.0000,0.0000
10,HOLIDAY,10,0.0000,0.0000,0.0000,0.0000,0.0000,0.0000,0.0000,0.0000,0.0000,0.0000
10,HOLIDAY,11,0.0000,0.0000,0.0000,0.0000,0.0000,0.0000,0.0000,0.0000,0.0000,0.0000
10,HOLIDAY,12,0.0000,0.0000,0.0000,0.0000,0.0000,0.0000,0.0000,0.0000,0.0000,0.0000
10,HOLIDAY,13,0.0000,0.0000,0.0000,0.0000,0.0000,0.0000,0.0000,0.0000,0.0000,0.0000
10,HOLIDAY,14,0.0000,0.0000,0.0000,0.0000,0.0000,0.0000,0.0000,0.0000,0.0000,0.0000
10,HOLIDAY,15,0.0000,0.0000,0.0000,0.0000,0.0000,0.0000,0.0000,0.0000,0.0000,0.0000
10,HOLIDAY,16,0.0000,0.0000,0.0000,0.0000,0.0000,0.0000,0.0000,0.0000,0.0000,0.0000
10,HOLIDAY,17,0.0000,0.0000,0.0000,0.0000,0.0000,0.0000,0.0000,0.0000,0.0000,0.0000
10,HOLIDAY,18,0.0000,0.0000,0.0000,0.0000,0.0000,0.0000,0.0000,0.0000,0.0000,0.0000
10,HOLIDAY,19,0.0000,0.0000,0.0000,0.0000,0.0000,0.0000,0.0000,0.0000,0.0000,0.0000
10,HOLIDAY,20,0.0000,0.0000,0.0000,0.0000,0.0000,0.0000,0.0000,0.0000,0.0000,0.0000
10,HOLIDAY,21,0.0000,0.0000,0.0000,0.0000,0.0000,0.0000,0.0000,0.0000,0.0000,0.0000
10,HOLIDAY,22,0.0000,0.0000,0.0000,0.0000,0.0000,0.0000,0.0000,0.0000,0.0000,0.0000
10,HOLIDAY,23,0.0000,0.0000,0.0000,0.0000,0.0000,0.0000,0.0000,0.0000,0.0000,0.0000
11,WEEKDAY,0,0.0000,0.0000,0.0000,0.0076,0.2632,2.0057,0.0839,0.4759,0.0213,0.0192
11,WEEKDAY,1,0.0000,0.0000,0.0000,0.0076,0.0352,2.0034,0.0839,0.4759,0.0156,0.0092
11,WEEKDAY,2,0.0000,0.0000,0.0000,0.0079,0.0196,2.0028,0.0839,0.4760,0.0151,0.0080
11,WEEKDAY,3,0.0000,0.0000,0.0000,0.0097,0.2115,2.0089,0.0839,0.4772,0.0182,0.0179
11,WEEKDAY,4,0.0000,0.0000,0.0000,0.0153,0.6201,2.0253,0.0839,0.4846,0.0299,0.0603
11,WEEKDAY,5,0.0000,0.0000,0.0000,0.0277,0.8450,2.1338,0.0839,0.6430,0.0486,0.0986
11,WEEKDAY,6,0.0345,0.3292,0.3730,0.0357,0.9256,2.1304,0.0839,0.8299,0.0689,0.1319
11,WEEKDAY,7,0.0340,0.4199,0.4731,0.0380,0.9462,2.1112,0.0000,1.2583,0.0906,0.1573
11,WEEKDAY,8,0.0338,0.3878,0.4796,0.0378,0.9484,2.1133,0.0000,1.3563,0.1054,0.1636
11,WEEKDAY,9,0.0327,0.5611,0.4910,0.0372,0.9484,2.2393,0.0000,1.3591,0.1115,0.1641
11,WEEKDAY,10,0.0326,0.5932,0.4897,0.0366,0.9481,2.2773,0.0000,1.3591,0.1126,0.1641
11,WEEKDAY,11,0.0307,0.7594,0.4931,0.0362,0.9443,2.3171,0.0000,1.3591,0.1127,0.1641
11,WEEKDAY,12,0.0294,0.8616,0.4906,0.0361,0.9212,2.4429,0.0000,1.3591,0.1127,0.1641
11,WEEKDAY,13,0.0274,0.9735,0.4923,0.0358,0.8461,2.4709,0.0000,1.4928,0.1127,0.1641
11,WEEKDAY,14,0.0252,1.0192,0.4903,0.0361,0.7432,2.5841,0.0000,1.4909,0.1127,0.1641
11,WEEKDAY,15,0.0245,1.0025,0.4880,0.0366,0.6675,2.6007,0.0000,1.4816,0.1127,0.1641
11,WEEKDAY,16,0.0255,0.8876,0.4769,0.0375,0.6255,2.5147,0.0000,1.5472,0.1125,0.1633
11,WEEKDAY,17,0.0274,0.7654,0.4742,0.0379,0.6006,2.4827,0.0839,1.5563,0.1111,0.1567
11,WEEKDAY,18,0.0290,0.6387,0.4720,0.0382,0.5826,2.3531,0.1284,1.6235,0.1054,0.1390
11,WEEKDAY,19,0.0304,0.5080,0.4558,0.0366,0.5698,2.3067,0.1284,1.5933,0.0933,0.1104
11,WEEKDAY,20,0.0316,0.4221,0.3723,0.0320,0.5502,2.2710,0.1284,1.4315,0.0764,0.0823
11,WEEKDAY,21,0.0322,0.3920,0.3707,0.0230,0.5234,2.1464,0.1284,1.3755,0.0607,0.0597
11,WEEKDAY,22,0.0329,0.2690,0.3455,0.0130,0.4804,2.1253,0.1284,1.2828,0.0449,0.0421
11,WEEKDAY,23,0.0000,0.0000,0.0000,0.0083,0.4025,2.0095,0.1284,0.4761,0.0315,0.0298
11,SATURDAY,0,0.0000,0.0000,0.0000,0.0076,0.2632,2.0057,0.0839,0.4759,0.0213,0.0192
11,SATURDAY,1,0.0000,0.0000,0.0000,0.0076,0.0352,2.0034,0.0839,0.4759,0.0156,0.0092
11,SATURDAY,2,0.0000,0.0000,0.0000,0.0079,0.0196,2.0028,0.0839,0.4760,0.0151,0.0080
11,SATURDAY,3,0.0000,0.0000,0.0000,0.0097,0.2115,2.0089,0.0839,0.4772,0.0182,0.0179
11,SATURDAY,4,0.0000,0.0000,0.0000,0.0153,0.6201,2.0253,0.0839,0.4846,0.0299,0.0603
11,SATURDAY,5,0.0000,0.0000,0.0000,0.0277,0.8450,2.1338,0.0839,0.6430,0.0486,0.0986
11,SATURDAY,6,0.0346,0.3116,0.3724,0.0357,0.9256,2.1304,0.0839,0.8299,0.0689,0.1319
11,SATURDAY,7,0.0343,0.4002,0.4759,0.0380,0.9462,2.1112,0.0000,1.2583,0.0906,0.1573
11,SATURDAY,8,0.0340,0.3741,0.4782,0.0378,0.9484,2.1133,0.0000,1.3563,0.1054,0.1636
11,SATURDAY,9,0.0333,0.5261,0.4908,0.0372,0.9484,2.2393,0.0000,1.3591,0.1115,0.1641
11,SATURDAY,10,0.0338,0.4903,0.4888,0.0366,0.9481,2.2773,0.0000,1.3591,0.1126,0.1641
11,SATURDAY,11,0.0326,0.6042,0.4905,0.0362,0.9443,2.3171,0.0000,1.3591,0.1127,0.1641
11,SATURDAY,12,0.0313,0.6739,0.4888,0.0361,0.9212,2.4429,0.0000,1.3591,0.1127,0.1641
11,SATURDAY,13,0.0302,0.7604,0.4914,0.0358,0.8461,2.4709,0.0000,1.4928,0.1127,0.1641
11,SATURDAY,14,0.0295,0.7603,0.4878,0.0361,0.7432,2.5841,0.0000,1.4909,0.1127,0.1641
11,SATURDAY,15,0.0284,0.7492,0.4858,0.0366,0.6675,2.6007,0.0000,1.4816,0.1127,0.1641
11,SATURDAY,16,0.0293,0.6426,0.4746,0.0375,0.6255,2.5147,0.0000,1.5472,0.1125,0.1633
11,SATURDAY,17,0.0303,0.5657,0.4724,0.0379,0.6006,2.4827,0.0839,1.5563,0.1111,0.1567
11,SATURDAY,18,0.0313,0.4780,0.4705,0.0382,0.5826,2.3531,0.1284,1.6235,0.1054,0.1390
11,SATURDAY,19,0.0323,0.3980,0.4542,0.0366,0.5698,2.3067,0.1284,1.5933,0.0933,0.1104
11,SATURDAY,20,0.0329,0.3646,0.3712,0.0320,0.5502,2.2710,0.1284,1.4315,0.0764,0.0823
11,SATURDAY,21,0.0333,0.3451,0.3695,0.0230,0.5234,2.1464,0.1284,1.3755,0.0607,0.0597
11,SATURDAY,22,0.0336,0.2448,0.3455,0.0130,0.4804,2.1253,0.1284,1.2828,0.0449,0.0421
11,SATURDAY,23,0.0000,0.0000,0.0000,0.0083,0.4025,2.0095,0.1284,0.4761,0.0315,0.0298
11,SUNDAY,0,0.0000,0.0000,0.0000,0.0076,0.2316,2.0051,0.0839,0.4759,0.0207,0.0182
11,SUNDAY,1,0.0000,0.0000,0.0000,0.0076,0.0156,2.0024,0.0839,0.4759,0.0149,0.0080
11,SUNDAY,2,0.0000,0.0000,0.0000,0.0079,0.1564,2.0032,0.0839,0.4764,0.0156,0.0137
11,SUNDAY,3,0.0000,0.0000,0.0000,0.0097,0.5339,2.0153,0.0839,0.4802,0.0256,0.0560
11,SUNDAY,4,0.0000,0.0000,0.0000,0.0153,0.7917,2.0336,0.0839,0.4932,0.0412,0.0944
11,SUNDAY,5,0.0000,0.0000,0.0000,0.0277,0.9055,2.1441,0.0839,0.6843,0.0606,0.1307
11,SUNDAY,6,0.0342,0.3533,0.3714,0.0357,0.9429,2.1447,0.0839,0.9221,0.0831,0.1568
11,SUNDAY,7,0.0343,0.3904,0.4684,0.0380,0.9482,2.1223,0.0000,1.2894,0.1011,0.1635
11,SUNDAY,8,0.0338,0.3711,0.4769,0.0378,0.9484,2.1202,0.0000,1.3591,0.1101,0.1641
11,SUNDAY,9,0.0330,0.5557,0.4878,0.0372,0.9484,2.2434,0.0000,1.3591,0.1124,0.1641
11,SUNDAY,10,0.0333,0.5333,0.4882,0.0366,0.9478,2.2787,0.0000,1.3591,0.1127,0.1641
11,SUNDAY,11,0.0319,0.6709,0.4924,0.0362,0.9431,2.3173,0.0000,1.3591,0.1127,0.1641
11,SUNDAY,12,0.0309,0.7413,0.4910,0.0361,0.9196,2.4429,0.0000,1.3591,0.1127,0.1641
11,SUNDAY,13,0.0289,0.8363,0.4925,0.0358,0.8412,2.4709,0.0000,1.4928,0.1127,0.1641
11,SUNDAY,14,0.0276,0.8775,0.4906,0.0361,0.7335,2.5841,0.0000,1.4909,0.1127,0.1641
11,SUNDAY,15,0.0267,0.8525,0.4856,0.0366,0.6542,2.6007,0.0000,1.4816,0.1127,0.1641
11,SUNDAY,16,0.0274,0.7607,0.4748,0.0375,0.6102,2.5147,0.0000,1.5472,0.1125,0.1633
11,SUNDAY,17,0.0289,0.6585,0.4723,0.0379,0.5840,2.4826,0.0839,1.5563,0.1111,0.1567
11,SUNDAY,18,0.0304,0.5412,0.4702,0.0382,0.5652,2.3531,0.1284,1.6235,0.1054,0.1390
11,SUNDAY,19,0.0316,0.4453,0.4540,0.0366,0.5518,2.3067,0.1284,1.5918,0.0933,0.1103
11,SUNDAY,20,0.0324,0.3843,0.3709,0.0320,0.5313,2.2708,0.1284,1.4235,0.0763,0.0820
11,SUNDAY,21,0.0330,0.3522,0.3692,0.0230,0.5033,2.1453,0.1284,1.3724,0.0603,0.0583
11,SUNDAY,22,0.0334,0.2515,0.3455,0.0130,0.4588,2.1241,0.1284,1.2825,0.0445,0.0413
11,SUNDAY,23,0.0000,0.0000,0.0000,0.0083,0.3779,2.0091,0.1284,0.4761,0.0311,0.0290
11,HOLIDAY,0,0.0000,0.0000,0.0000,0.0076,0.1391,2.0023,0.0839,0.4759,0.0181,0.0136
11,HOLIDAY,1,0.0000,0.0000,0.0000,0.0076,0.0251,2.0028,0.0839,0.4759,0.0153,0.0086
11,HOLIDAY,2,0.0000,0.0000,0.0000,0.0078,0.0173,2.0025,0.0839,0.4760,0.0150,0.0080
11,HOLIDAY,3,0.0000,0.0000,0.0000,0.0087,0.1133,2.0059,0.0839,0.4769,0.0166,0.0139
11,HOLIDAY,4,0.0000,0.0000,0.0000,0.0115,0.3175,2.0159,0.0839,0.4826,0.0231,0.0416
11,HOLIDAY,5,0.0000,0.0000,0.0000,0.0177,0.4300,2.1175,0.0839,0.5674,0.0335,0.0718
11,HOLIDAY,6,0.0171,0.1759,0.1855,0.0217,0.4703,2.1081,0.0839,0.6854,0.0456,0.1025
11,HOLIDAY,7,0.0171,0.1931,0.3023,0.0228,0.4806,2.0841,0.0000,0.9465,0.0614,0.1275
11,HOLIDAY,8,0.0170,0.1896,0.3039,0.0227,0.4817,2.0822,0.0000,1.0111,0.0734,0.1337
11,HOLIDAY,9,0.0163,0.2896,0.2926,0.0224,0.4817,2.2054,0.0000,1.0139,0.0787,0.1342
11,HOLIDAY,10,0.0166,0.3030,0.2935,0.0221,0.4815,2.2421,0.0000,1.0139,0.0797,0.1342
11,HOLIDAY,11,0.0157,0.4040,0.2949,0.0219,0.4797,2.2817,0.0000,1.0139,0.0798,0.1342
11,HOLIDAY,12,0.0150,0.4646,0.2941,0.0219,0.4681,2.4076,0.0000,1.0139,0.0798,0.1342
11,HOLIDAY,13,0.0147,0.5273,0.2948,0.0217,0.4306,2.4356,0.0000,1.0807,0.0798,0.1342
11,HOLIDAY,14,0.0134,0.5453,0.2941,0.0219,0.3791,2.5488,0.0000,1.0789,0.0798,0.1342
11,HOLIDAY,15,0.0132,0.5357,0.2920,0.0221,0.3412,2.5655,0.0000,1.0697,0.0798,0.1342
11,HOLIDAY,16,0.0139,0.4583,0.2858,0.0226,0.3203,2.4805,0.0000,1.1025,0.0797,0.1334
11,HOLIDAY,17,0.0146,0.3907,0.2846,0.0228,0.3078,2.4490,0.0839,1.1116,0.0783,0.1268
11,HOLIDAY,18,0.0151,0.3150,0.2835,0.0229,0.2988,2.3194,0.1284,1.1447,0.0728,0.1093
11,HOLIDAY,19,0.0157,0.2216,0.2679,0.0221,0.2924,2.2752,0.1284,1.1145,0.0618,0.0816
11,HOLIDAY,20,0.0160,0.2000,0.1854,0.0198,0.2826,2.2435,0.1284,0.9862,0.0484,0.0556
11,HOLIDAY,21,0.0162,0.1934,0.1847,0.0153,0.2692,2.1246,0.1284,0.9322,0.0385,0.0373
11,HOLIDAY,22,0.0165,0.1352,0.1728,0.0103,0.2477,2.1104,0.1284,0.8799,0.0300,0.0254
11,HOLIDAY,23,0.0000,0.0000,0.0000,0.0079,0.2088,2.0017,0.1284,0.4760,0.0232,0.0189
12,WEEKDAY,0,0.0000,0.0000,0.0016,0.0086,0.2632,1.9213,0.0839,0.4759,0.0213,0.0192
12,WEEKDAY,1,0.0018,0.0000,0.0202,0.0086,0.0352,1.9174,0.0839,0.4759,0.0156,0.0092
12,WEEKDAY,2,0.0017,0.0115,0.0310,0.0088,0.0196,1.9219,0.0839,0.4760,0.0151,0.0080
12,WEEKDAY,3,0.0018,0.0000,0.0357,0.0108,0.2115,1.9298,0.0839,0.4772,0.0182,0.0179
12,WEEKDAY,4,0.0052,0.0115,0.0527,0.0171,0.6201,1.9495,0.0839,0.4846,0.0299,0.0603
12,WEEKDAY,5,0.0016,0.0115,0.0170,0.0310,0.8450,2.0518,0.0839,0.6430,0.0486,0.0986
12,WEEKDAY,6,0.0336,0.3303,0.3686,0.0400,0.9256,2.0485,0.0839,0.8299,0.0689,0.1319
12,WEEKDAY,7,0.0345,0.3710,0.3955,0.0425,0.9462,2.0292,0.0839,1.2583,0.0906,0.1573
12,WEEKDAY,8,0.0345,0.3331,0.4696,0.0424,0.9484,1.9990,0.0000,1.3563,0.1054,0.1636
12,WEEKDAY,9,0.0343,0.3928,0.4804,0.0417,0.9484,2.0919,0.0000,1.3591,0.1115,0.1641
12,WEEKDAY,10,0.0342,0.4038,0.4825,0.0409,0.9481,2.1220,0.0000,1.3591,0.1126,0.1641
12,WEEKDAY,11,0.0338,0.4610,0.4858,0.0406,0.9443,2.1558,0.0000,1.3591,0.1127,0.1641
12,WEEKDAY,12,0.0333,0.5082,0.4861,0.0404,0.9212,2.2810,0.0000,1.3591,0.1127,0.1641
12,WEEKDAY,13,0.0324,0.5727,0.4880,0.0400,0.8461,2.3147,0.0000,1.4928,0.1127,0.1641
12,WEEKDAY,14,0.0316,0.5877,0.4852,0.0404,0.7432,2.4305,0.0000,1.4909,0.1127,0.1641
12,WEEKDAY,15,0.0313,0.5568,0.4790,0.0410,0.6675,2.4520,0.0000,1.4816,0.1127,0.1641
12,WEEKDAY,16,0.0314,0.4847,0.4700,0.0420,0.6255,2.3774,0.0000,1.5472,0.1125,0.1633
12,WEEKDAY,17,0.0322,0.4283,0.4683,0.0424,0.6006,2.3500,0.0839,1.5563,0.1111,0.1567
12,WEEKDAY,18,0.0328,0.3748,0.4668,0.0428,0.5826,2.2353,0.1284,1.6235,0.1054,0.1390
12,WEEKDAY,19,0.0333,0.3437,0.4507,0.0410,0.5698,2.1946,0.1284,1.5933,0.0933,0.1104
12,WEEKDAY,20,0.0336,0.3308,0.3677,0.0358,0.5502,2.1639,0.1284,1.4315,0.0764,0.0823
12,WEEKDAY,21,0.0339,0.3198,0.3662,0.0258,0.5234,2.0490,0.1284,1.3755,0.0607,0.0597
12,WEEKDAY,22,0.0341,0.2420,0.3455,0.0145,0.4804,2.0364,0.1284,1.2828,0.0449,0.0421
12,WEEKDAY,23,0.0000,0.0000,0.0000,0.0092,0.4025,1.9305,0.1284,0.4761,0.0315,0.0298
12,SATURDAY,0,0.0000,0.0000,0.0000,0.0086,0.2632,1.9213,0.0839,0.4759,0.0213,0.0192
12,SATURDAY,1,0.0000,0.0000,0.0082,0.0086,0.0352,1.9174,0.0839,0.4759,0.0156,0.0092
12,SATURDAY,2,0.0000,0.0000,0.0082,0.0088,0.0196,1.9219,0.0839,0.4760,0.0151,0.0080
12,SATURDAY,3,0.0000,0.0000,0.0245,0.0108,0.2115,1.9298,0.0839,0.4772,0.0182,0.0179
12,SATURDAY,4,0.0000,0.0000,0.0082,0.0171,0.6201,1.9495,0.0839,0.4846,0.0299,0.0603
12,SATURDAY,5,0.0000,0.0000,0.0000,0.0310,0.8450,2.0518,0.0839,0.6430,0.0486,0.0986
12,SATURDAY,6,0.0343,0.2737,0.3686,0.0400,0.9256,2.0485,0.0839,0.8299,0.0689,0.1319
12,SATURDAY,7,0.0343,0.3917,0.3909,0.0425,0.9462,2.0292,0.0839,1.2583,0.0906,0.1573
12,SATURDAY,8,0.0344,0.3328,0.4687,0.0424,0.9484,1.9990,0.0000,1.3563,0.1054,0.1636
12,SATURDAY,9,0.0342,0.4051,0.4821,0.0417,0.9484,2.0919,0.0000,1.3591,0.1115,0.1641
12,SATURDAY,10,0.0341,0.4376,0.4876,0.0409,0.9481,2.1220,0.0000,1.3591,0.1126,0.1641
12,SATURDAY,11,0.0334,0.5125,0.4896,0.0406,0.9443,2.1558,0.0000,1.3591,0.1127,0.1641
12,SATURDAY,12,0.0326,0.5545,0.4853,0.0404,0.9212,2.2810,0.0000,1.3591,0.1127,0.1641
12,SATURDAY,13,0.0314,0.6582,0.4881,0.0400,0.8461,2.3147,0.0000,1.4928,0.1127,0.1641
12,SATURDAY,14,0.0304,0.6634,0.4824,0.0404,0.7432,2.4305,0.0000,1.4909,0.1127,0.1641
12,SATURDAY,15,0.0300,0.6365,0.4780,0.0410,0.6675,2.4520,0.0000,1.4816,0.1127,0.1641
12,SATURDAY,16,0.0304,0.5495,0.4703,0.0420,0.6255,2.3774,0.0000,1.5472,0.1125,0.1633
12,SATURDAY,17,0.0313,0.4810,0.4685,0.0424,0.6006,2.3500,0.0839,1.5563,0.1111,0.1567
12,SATURDAY,18,0.0322,0.4022,0.4671,0.0428,0.5826,2.2353,0.1284,1.6235,0.1054,0.1390
12,SATURDAY,19,0.0328,0.3657,0.4510,0.0410,0.5698,2.1946,0.1284,1.5933,0.0933,0.1104
12,SATURDAY,20,0.0333,0.3446,0.3678,0.0358,0.5502,2.1639,0.1284,1.4315,0.0764,0.0823
12,SATURDAY,21,0.0335,0.3327,0.3663,0.0258,0.5234,2.0490,0.1284,1.3755,0.0607,0.0597
12,SATURDAY,22,0.0339,0.2467,0.3455,0.0145,0.4804,2.0364,0.1284,1.2828,0.0449,0.0421
12,SATURDAY,23,0.0000,0.0000,0.0000,0.0092,0.4025,1.9305,0.1284,0.4761,0.0315,0.0298
12,SUNDAY,0,0.0000,0.0000,0.0000,0.0086,0.2316,1.9208,0.0839,0.4759,0.0207,0.0182
12,SUNDAY,1,0.0000,0.0000,0.0000,0.0086,0.0156,1.9164,0.0839,0.4759,0.0149,0.0080
12,SUNDAY,2,0.0000,0.0000,0.0065,0.0088,0.1564,1.9223,0.0839,0.4764,0.0156,0.0137
12,SUNDAY,3,0.0000,0.0000,0.0065,0.0108,0.5339,1.9362,0.0839,0.4802,0.0256,0.0560
12,SUNDAY,4,0.0074,0.0000,0.0650,0.0171,0.7917,1.9578,0.0839,0.4932,0.0412,0.0944
12,SUNDAY,5,0.0000,0.0000,0.0000,0.0310,0.9055,2.0621,0.0839,0.6843,0.0606,0.1307
12,SUNDAY,6,0.0342,0.2869,0.3692,0.0400,0.9429,2.0628,0.0839,0.9221,0.0831,0.1568
12,SUNDAY,7,0.0344,0.3835,0.4241,0.0425,0.9482,2.0403,0.0839,1.2894,0.1011,0.1635
12,SUNDAY,8,0.0344,0.3418,0.4714,0.0424,0.9484,2.0060,0.0000,1.3591,0.1101,0.1641
12,SUNDAY,9,0.0343,0.4140,0.4853,0.0417,0.9484,2.0960,0.0000,1.3591,0.1124,0.1641
12,SUNDAY,10,0.0342,0.4247,0.4864,0.0409,0.9478,2.1234,0.0000,1.3591,0.1127,0.1641
12,SUNDAY,11,0.0337,0.4889,0.4892,0.0406,0.9431,2.1560,0.0000,1.3591,0.1127,0.1641
12,SUNDAY,12,0.0330,0.5377,0.4884,0.0404,0.9196,2.2810,0.0000,1.3591,0.1127,0.1641
12,SUNDAY,13,0.0315,0.6263,0.4893,0.0400,0.8412,2.3147,0.0000,1.4928,0.1127,0.1641
12,SUNDAY,14,0.0313,0.6485,0.4866,0.0404,0.7335,2.4305,0.0000,1.4909,0.1127,0.1641
12,SUNDAY,15,0.0303,0.6180,0.4807,0.0410,0.6542,2.4520,0.0000,1.4816,0.1127,0.1641
12,SUNDAY,16,0.0307,0.5270,0.4712,0.0420,0.6102,2.3774,0.0000,1.5472,0.1125,0.1633
12,SUNDAY,17,0.0317,0.4503,0.4693,0.0424,0.5840,2.3500,0.0839,1.5563,0.1111,0.1567
12,SUNDAY,18,0.0325,0.3887,0.4676,0.0428,0.5652,2.2353,0.1284,1.6235,0.1054,0.1390
12,SUNDAY,19,0.0331,0.3502,0.4513,0.0410,0.5518,2.1946,0.1284,1.5918,0.0933,0.1103
12,SUNDAY,20,0.0335,0.3344,0.3683,0.0358,0.5313,2.1637,0.1284,1.4235,0.0763,0.0820
12,SUNDAY,21,0.0338,0.3228,0.3666,0.0258,0.5033,2.0480,0.1284,1.3724,0.0603,0.0583
12,SUNDAY,22,0.0340,0.2417,0.3455,0.0145,0.4588,2.0353,0.1284,1.2825,0.0445,0.0413
12,SUNDAY,23,0.0000,0.0000,0.0000,0.0092,0.3779,1.9300,0.1284,0.4761,0.0311,0.0290
12,HOLIDAY,0,0.0000,0.0000,0.0000,0.0086,0.0150,1.9145,0.0839,0.4759,0.0149,0.0080
12,HOLIDAY,1,0.0000,0.0000,0.0327,0.0086,0.0150,1.9162,0.0839,0.4759,0.0149,0.0080
12,HOLIDAY,2,0.0000,0.0000,0.0327,0.0086,0.0150,1.9212,0.0839,0.4759,0.0149,0.0080
12,HOLIDAY,3,0.0371,0.0000,0.3252,0.0086,0.0150,1.9237,0.0839,0.4766,0.0151,0.0099
12,HOLIDAY,4,0.0347,0.2412,0.3252,0.0086,0.0150,1.9307,0.0839,0.4806,0.0163,0.0230
12,HOLIDAY,5,0.0000,0.0000,0.0327,0.0086,0.0150,2.0192,0.0839,0.4917,0.0184,0.0449
12,HOLIDAY,6,0.0000,0.0000,0.0327,0.0086,0.0150,2.0040,0.0839,0.5409,0.0223,0.0732
12,HOLIDAY,7,0.0371,0.0000,0.3403,0.0086,0.0150,1.9750,0.0839,0.6347,0.0322,0.0976
12,HOLIDAY,8,0.0347,0.2412,0.4221,0.0086,0.0150,1.9370,0.0000,0.6658,0.0414,0.1038
12,HOLIDAY,9,0.0000,0.0000,0.1295,0.0086,0.0150,2.0241,0.0000,0.6687,0.0459,0.1043
12,HOLIDAY,10,0.0000,0.0000,0.1295,0.0086,0.0150,2.0516,0.0000,0.6687,0.0468,0.1043
12,HOLIDAY,11,0.0000,0.0000,0.1295,0.0086,0.0150,2.0851,0.0000,0.6687,0.0469,0.1043
12,HOLIDAY,12,0.0000,0.0000,0.0969,0.0086,0.0150,2.2103,0.0000,0.6687,0.0469,0.1043
12,HOLIDAY,13,0.0000,0.0000,0.0969,0.0086,0.0150,2.2440,0.0000,0.6687,0.0469,0.1043
12,HOLIDAY,14,0.0000,0.0000,0.0969,0.0086,0.0150,2.3598,0.0000,0.6668,0.0469,0.1043
12,HOLIDAY,15,0.0000,0.0000,0.0969,0.0086,0.0150,2.3817,0.0000,0.6578,0.0469,0.1043
12,HOLIDAY,16,0.0000,0.0000,0.0969,0.0086,0.0150,2.3090,0.0000,0.6578,0.0468,0.1035
12,HOLIDAY,17,0.0000,0.0000,0.0969,0.0086,0.0150,2.2827,0.0839,0.6668,0.0454,0.0969
12,HOLIDAY,18,0.0000,0.0000,0.0969,0.0086,0.0150,2.1678,0.1284,0.6660,0.0401,0.0795
12,HOLIDAY,19,0.0000,0.0000,0.0818,0.0086,0.0150,2.1316,0.1284,0.6356,0.0304,0.0528
12,HOLIDAY,20,0.0000,0.0000,0.0327,0.0086,0.0150,2.1088,0.1284,0.5409,0.0204,0.0289
12,HOLIDAY,21,0.0336,0.2420,0.3252,0.0086,0.0150,2.0056,0.1284,0.4890,0.0164,0.0149
12,HOLIDAY,22,0.0346,0.2412,0.3252,0.0086,0.0150,2.0066,0.1284,0.4770,0.0151,0.0088
12,HOLIDAY,23,0.0000,0.0000,0.0000,0.0086,0.0150,1.9147,0.1284,0.4759,0.0149,0.0080
