Month,Daytype,Hour,Cooling,Ventilation,Cooking,Refrigeration,Exterior_Lighting,Interior_Lighting,Office_Equipment,Miscellaneous,Motors
1,WEEKDAY,0,0.0000,0.3905,0.0000,2.2612,0.0457,0.1117,0.0057,0.0226,0.0218
1,WEEKDAY,1,0.0000,0.3905,0.0000,2.2674,0.0457,0.1025,0.0057,0.0204,0.0214
1,WEEKDAY,2,0.0000,0.3905,0.0000,2.2733,0.0457,0.1025,0.0057,0.0204,0.0214
1,WEEKDAY,3,0.0000,0.3905,0.0000,2.2764,0.0457,0.1500,0.0058,0.0253,0.0230
1,WEEKDAY,4,0.0000,0.3905,0.0000,2.2857,0.0457,0.4015,0.0063,0.0524,0.0322
1,WEEKDAY,5,0.0000,0.3905,0.0004,2.4229,0.0457,0.5461,0.0115,0.0710,0.0395
1,WEEKDAY,6,0.0000,0.3905,0.0023,2.3986,0.0000,0.5959,0.0241,0.0768,0.0419
1,WEEKDAY,7,0.0000,0.4208,0.0036,2.3656,0.0000,0.6669,0.0364,0.0788,0.0427
1,WEEKDAY,8,0.2012,0.6569,0.0041,2.4021,0.0000,0.7961,0.0419,0.0791,0.0428
1,WEEKDAY,9,0.8047,0.6569,0.0044,2.6399,0.0000,0.7961,0.0419,0.0791,0.0428
1,WEEKDAY,10,1.0079,0.6569,0.0044,2.7008,0.0000,0.7961,0.0419,0.0791,0.0428
1,WEEKDAY,11,1.0130,0.6569,0.0044,2.7496,0.0000,0.7961,0.0419,0.0791,0.0428
1,WEEKDAY,12,1.0685,0.6569,0.0044,2.9080,0.0000,0.7961,0.0419,0.0791,0.0428
1,WEEKDAY,13,1.0186,0.6569,0.0044,2.9143,0.0000,0.7961,0.0419,0.0791,0.0428
1,WEEKDAY,14,1.0670,0.6569,0.0044,3.0513,0.0000,0.7961,0.0414,0.0791,0.0428
1,WEEKDAY,15,1.0110,0.6569,0.0044,3.0329,0.0000,0.7961,0.0409,0.0791,0.0428
1,WEEKDAY,16,1.0570,0.6569,0.0032,2.8593,0.0000,0.7960,0.0389,0.0791,0.0428
1,WEEKDAY,17,0.8550,0.6569,0.0031,2.7984,0.0000,0.7951,0.0324,0.0791,0.0428
1,WEEKDAY,18,0.4778,0.6448,0.0018,2.6184,0.0000,0.7294,0.0239,0.0788,0.0428
1,WEEKDAY,19,0.0000,0.3905,0.0008,2.5693,0.0457,0.6047,0.0152,0.0723,0.0401
1,WEEKDAY,20,0.0000,0.3905,0.0004,2.5567,0.0457,0.3329,0.0084,0.0404,0.0266
1,WEEKDAY,21,0.0000,0.3905,0.0002,2.4075,0.0457,0.1933,0.0068,0.0332,0.0243
1,WEEKDAY,22,0.0000,0.3905,0.0000,2.3982,0.0457,0.2905,0.0061,0.0556,0.0318
1,WEEKDAY,23,0.0000,0.3905,0.0000,2.2490,0.0457,0.1834,0.0058,0.0375,0.0254
1,SATURDAY,0,0.0000,0.3905,0.0000,2.2612,0.0457,0.1025,0.0057,0.0204,0.0214
1,SATURDAY,1,0.0000,0.3905,0.0000,2.2674,0.0457,0.1313,0.0058,0.0249,0.0230
1,SATURDAY,2,0.0000,0.3905,0.0000,2.2733,0.0457,0.2994,0.0062,0.0509,0.0321
1,SATURDAY,3,0.0000,0.3905,0.0000,2.2764,0.0457,0.4526,0.0067,0.0738,0.0403
1,SATURDAY,4,0.0000,0.3905,0.0000,2.2857,0.0457,0.4953,0.0068,0.0775,0.0421
1,SATURDAY,5,0.0000,0.3905,0.0000,2.4227,0.0457,0.5154,0.0069,0.0775,0.0427
1,SATURDAY,6,0.0000,0.3905,0.0000,2.3982,0.0000,0.5279,0.0069,0.0775,0.0428
1,SATURDAY,7,0.0000,0.3905,0.0000,2.3649,0.0000,0.5518,0.0069,0.0775,0.0428
1,SATURDAY,8,0.0000,0.3905,0.0000,2.4013,0.0000,0.5743,0.0069,0.0775,0.0428
1,SATURDAY,9,0.0000,0.3905,0.0000,2.6390,0.0000,0.5758,0.0069,0.0775,0.0428
1,SATURDAY,10,0.0000,0.3905,0.0000,2.6999,0.0000,0.5758,0.0069,0.0775,0.0428
1,SATURDAY,11,0.0000,0.3905,0.0000,2.7486,0.0000,0.5758,0.0069,0.0774,0.0428
1,SATURDAY,12,0.0000,0.3905,0.0000,2.9071,0.0000,0.5758,0.0069,0.0769,0.0428
1,SATURDAY,13,0.0000,0.3905,0.0000,2.9133,0.0000,0.5758,0.0069,0.0762,0.0428
1,SATURDAY,14,0.0000,0.3905,0.0000,3.0503,0.0000,0.5743,0.0069,0.0752,0.0427
1,SATURDAY,15,0.0000,0.3905,0.0000,3.0320,0.0000,0.5649,0.0068,0.0724,0.0421
1,SATURDAY,16,0.0000,0.3905,0.0000,2.8583,0.0000,0.4949,0.0067,0.0627,0.0386
1,SATURDAY,17,0.0000,0.3905,0.0000,2.7974,0.0000,0.2055,0.0060,0.0323,0.0259
1,SATURDAY,18,0.0000,0.3905,0.0000,2.6179,0.0000,0.2478,0.0063,0.0449,0.0299
1,SATURDAY,19,0.0000,0.3905,0.0000,2.5691,0.0457,0.1316,0.0058,0.0253,0.0231
1,SATURDAY,20,0.0000,0.3905,0.0000,2.5566,0.0457,0.1025,0.0057,0.0204,0.0214
1,SATURDAY,21,0.0000,0.3905,0.0000,2.4075,0.0457,0.1025,0.0057,0.0204,0.0214
1,SATURDAY,22,0.0000,0.3905,0.0000,2.3982,0.0457,0.1025,0.0057,0.0204,0.0214
1,SATURDAY,23,0.0000,0.3905,0.0000,2.2490,0.0457,0.1025,0.0057,0.0204,0.0214
1,SUNDAY,0,0.0000,0.3905,0.0000,2.2612,0.0457,0.1025,0.0057,0.0204,0.0219
1,SUNDAY,1,0.0000,0.3905,0.0000,2.2674,0.0457,0.1313,0.0058,0.0249,0.0267
1,SUNDAY,2,0.0000,0.3905,0.0000,2.2733,0.0457,0.2994,0.0062,0.0509,0.0387
1,SUNDAY,3,0.0000,0.3905,0.0000,2.2764,0.0457,0.4526,0.0067,0.0738,0.0415
1,SUNDAY,4,0.0000,0.3905,0.0000,2.2857,0.0457,0.4953,0.0068,0.0775,0.0421
1,SUNDAY,5,0.0000,0.3905,0.0000,2.4227,0.0457,0.5154,0.0069,0.0775,0.0427
1,SUNDAY,6,0.0000,0.3905,0.0000,2.3982,0.0000,0.5279,0.0069,0.0775,0.0428
1,SUNDAY,7,0.0000,0.3905,0.0000,2.3649,0.0000,0.5518,0.0069,0.0775,0.0428
1,SUNDAY,8,0.0000,0.3905,0.0000,2.4013,0.0000,0.5743,0.0069,0.0775,0.0428
1,SUNDAY,9,0.0000,0.3905,0.0000,2.6390,0.0000,0.5758,0.0069,0.0775,0.0428
1,SUNDAY,10,0.0000,0.3905,0.0000,2.6999,0.0000,0.5758,0.0069,0.0775,0.0428
1,SUNDAY,11,0.0000,0.3905,0.0000,2.7486,0.0000,0.5758,0.0069,0.0774,0.0428
1,SUNDAY,12,0.0000,0.3905,0.0000,2.9071,0.0000,0.5758,0.0069,0.0769,0.0428
1,SUNDAY,13,0.0000,0.3905,0.0000,2.9133,0.0000,0.5758,0.0069,0.0762,0.0428
1,SUNDAY,14,0.0000,0.3905,0.0000,3.0503,0.0000,0.5743,0.0069,0.0752,0.0427
1,SUNDAY,15,0.0000,0.3905,0.0000,3.0320,0.0000,0.5649,0.0068,0.0724,0.0421
1,SUNDAY,16,0.0000,0.3905,0.0000,2.8583,0.0000,0.4949,0.0067,0.0627,0.0414
1,SUNDAY,17,0.0000,0.3905,0.0000,2.7974,0.0000,0.2055,0.0060,0.0323,0.0387
1,SUNDAY,18,0.0000,0.3905,0.0000,2.6179,0.0000,0.2478,0.0063,0.0449,0.0279
1,SUNDAY,19,0.0000,0.3905,0.0000,2.5691,0.0457,0.1316,0.0058,0.0253,0.0221
1,SUNDAY,20,0.0000,0.3905,0.0000,2.5566,0.0457,0.1025,0.0057,0.0204,0.0214
1,SUNDAY,21,0.0000,0.3905,0.0000,2.4075,0.0457,0.1025,0.0057,0.0204,0.0214
1,SUNDAY,22,0.0000,0.3905,0.0000,2.3982,0.0457,0.1025,0.0057,0.0204,0.0214
1,SUNDAY,23,0.0000,0.3905,0.0000,2.2490,0.0457,0.1025,0.0057,0.0204,0.0214
1,HOLIDAY,0,0.0000,0.3905,0.0000,2.2612,0.0457,0.1025,0.0057,0.0204,0.0214
1,HOLIDAY,1,0.0000,0.3905,0.0000,2.2674,0.0457,0.1097,0.0057,0.0209,0.0218
1,HOLIDAY,2,0.0000,0.3905,0.0000,2.2733,0.0457,0.1518,0.0058,0.0239,0.0241
1,HOLIDAY,3,0.0000,0.3905,0.0000,2.2764,0.0457,0.1900,0.0059,0.0265,0.0261
1,HOLIDAY,4,0.0000,0.3905,0.0000,2.2857,0.0457,0.2007,0.0060,0.0269,0.0266
1,HOLIDAY,5,0.0000,0.3905,0.0000,2.4227,0.0457,0.2057,0.0060,0.0269,0.0267
1,HOLIDAY,6,0.0000,0.3905,0.0000,2.3982,0.0000,0.2088,0.0060,0.0269,0.0267
1,HOLIDAY,7,0.0000,0.3905,0.0000,2.3649,0.0000,0.2247,0.0060,0.0269,0.0267
1,HOLIDAY,8,0.0000,0.3905,0.0000,2.4013,0.0000,0.2401,0.0060,0.0269,0.0267
1,HOLIDAY,9,0.0000,0.3905,0.0000,2.6390,0.0000,0.2405,0.0060,0.0269,0.0267
1,HOLIDAY,10,0.0000,0.3905,0.0000,2.6999,0.0000,0.2405,0.0060,0.0269,0.0267
1,HOLIDAY,11,0.0000,0.3905,0.0000,2.7486,0.0000,0.2405,0.0060,0.0269,0.0267
1,HOLIDAY,12,0.0000,0.3905,0.0000,2.9071,0.0000,0.2405,0.0060,0.0268,0.0267
1,HOLIDAY,13,0.0000,0.3905,0.0000,2.9133,0.0000,0.2405,0.0060,0.0268,0.0267
1,HOLIDAY,14,0.0000,0.3905,0.0000,3.0503,0.0000,0.2401,0.0060,0.0267,0.0267
1,HOLIDAY,15,0.0000,0.3905,0.0000,3.0320,0.0000,0.2378,0.0060,0.0263,0.0266
1,HOLIDAY,16,0.0000,0.3905,0.0000,2.8583,0.0000,0.2203,0.0059,0.0252,0.0257
1,HOLIDAY,17,0.0000,0.3905,0.0000,2.7974,0.0000,0.1381,0.0058,0.0218,0.0225
1,HOLIDAY,18,0.0000,0.3905,0.0000,2.6179,0.0000,0.1388,0.0058,0.0260,0.0235
1,HOLIDAY,19,0.0000,0.3905,0.0000,2.5691,0.0457,0.1098,0.0057,0.0347,0.0218
1,HOLIDAY,20,0.0000,0.3905,0.0000,2.5566,0.0457,0.1025,0.0057,0.0232,0.0214
1,HOLIDAY,21,0.0000,0.3905,0.0000,2.4075,0.0457,0.1025,0.0057,0.0204,0.0214
1,HOLIDAY,22,0.0000,0.3905,0.0000,2.3982,0.0457,0.1025,0.0057,0.0204,0.0214
1,HOLIDAY,23,0.0000,0.3905,0.0000,2.2490,0.0457,0.1025,0.0057,0.0204,0.0214
2,WEEKDAY,0,0.0000,0.3905,0.0000,2.2836,0.0457,0.1117,0.0057,0.0226,0.0218
2,WEEKDAY,1,0.0000,0.3905,0.0000,2.2926,0.0457,0.1025,0.0057,0.0204,0.0214
2,WEEKDAY,2,0.0000,0.3905,0.0000,2.2957,0.0457,0.1025,0.0057,0.0204,0.0214
2,WEEKDAY,3,0.0000,0.3905,0.0000,2.2957,0.0457,0.1500,0.0058,0.0253,0.0230
2,WEEKDAY,4,0.0000,0.3905,0.0000,2.3047,0.0457,0.4015,0.0063,0.0524,0.0322
2,WEEKDAY,5,0.0000,0.3905,0.0004,2.4502,0.0457,0.5461,0.0115,0.0710,0.0395
2,WEEKDAY,6,0.0000,0.3905,0.0023,2.4263,0.0000,0.5959,0.0241,0.0768,0.0419
2,WEEKDAY,7,0.0000,0.4704,0.0036,2.4054,0.0000,0.6669,0.0364,0.0788,0.0427
2,WEEKDAY,8,0.3596,0.6569,0.0041,2.4598,0.0000,0.7961,0.0419,0.0791,0.0428
2,WEEKDAY,9,0.8852,0.6569,0.0044,2.6537,0.0000,0.7961,0.0419,0.0791,0.0428
2,WEEKDAY,10,1.0529,0.6569,0.0044,2.6870,0.0000,0.7961,0.0419,0.0791,0.0428
2,WEEKDAY,11,1.1169,0.6569,0.0044,2.7323,0.0000,0.7961,0.0419,0.0791,0.0428
2,WEEKDAY,12,1.1269,0.6569,0.0044,2.8866,0.0000,0.7961,0.0419,0.0791,0.0428
2,WEEKDAY,13,1.1266,0.6569,0.0044,2.8925,0.0000,0.7961,0.0419,0.0791,0.0428
2,WEEKDAY,14,1.1215,0.6569,0.0044,3.0288,0.0000,0.7961,0.0414,0.0791,0.0428
2,WEEKDAY,15,1.1159,0.6569,0.0044,3.0257,0.0000,0.7961,0.0409,0.0791,0.0428
2,WEEKDAY,16,1.0548,0.6569,0.0032,2.8593,0.0000,0.7960,0.0389,0.0791,0.0428
2,WEEKDAY,17,0.9963,0.6569,0.0031,2.8198,0.0000,0.7951,0.0324,0.0791,0.0428
2,WEEKDAY,18,0.7192,0.6502,0.0018,2.6412,0.0000,0.7294,0.0239,0.0788,0.0428
2,WEEKDAY,19,0.0000,0.3905,0.0008,2.6105,0.0457,0.6047,0.0152,0.0723,0.0401
2,WEEKDAY,20,0.0000,0.3905,0.0004,2.5951,0.0457,0.3329,0.0084,0.0404,0.0266
2,WEEKDAY,21,0.0000,0.3905,0.0002,2.4379,0.0457,0.1933,0.0068,0.0332,0.0243
2,WEEKDAY,22,0.0000,0.3905,0.0000,2.4317,0.0457,0.2905,0.0061,0.0556,0.0318
2,WEEKDAY,23,0.0000,0.3905,0.0000,2.2746,0.0457,0.1834,0.0058,0.0375,0.0254
2,SATURDAY,0,0.0000,0.3905,0.0000,2.2836,0.0457,0.1025,0.0057,0.0204,0.0214
2,SATURDAY,1,0.0000,0.3905,0.0000,2.2926,0.0457,0.1313,0.0058,0.0249,0.0230
2,SATURDAY,2,0.0000,0.3905,0.0000,2.2958,0.0457,0.2994,0.0062,0.0509,0.0321
2,SATURDAY,3,0.0000,0.3905,0.0000,2.2958,0.0457,0.4526,0.0067,0.0738,0.0403
2,SATURDAY,4,0.0000,0.3905,0.0000,2.3047,0.0457,0.4953,0.0068,0.0775,0.0421
2,SATURDAY,5,0.0000,0.3905,0.0000,2.4501,0.0457,0.5154,0.0069,0.0775,0.0427
2,SATURDAY,6,0.0000,0.3905,0.0000,2.4258,0.0000,0.5279,0.0069,0.0775,0.0428
2,SATURDAY,7,0.0000,0.3905,0.0000,2.4047,0.0000,0.5518,0.0069,0.0775,0.0428
2,SATURDAY,8,0.0000,0.3905,0.0000,2.4591,0.0000,0.5743,0.0069,0.0775,0.0428
2,SATURDAY,9,0.0000,0.3905,0.0000,2.6528,0.0000,0.5758,0.0069,0.0775,0.0428
2,SATURDAY,10,0.0000,0.3905,0.0000,2.6860,0.0000,0.5758,0.0069,0.0775,0.0428
2,SATURDAY,11,0.0000,0.3905,0.0000,2.7313,0.0000,0.5758,0.0069,0.0774,0.0428
2,SATURDAY,12,0.0000,0.3905,0.0000,2.8856,0.0000,0.5758,0.0069,0.0769,0.0428
2,SATURDAY,13,0.0000,0.3905,0.0000,2.8915,0.0000,0.5758,0.0069,0.0762,0.0428
2,SATURDAY,14,0.0000,0.3905,0.0000,3.0278,0.0000,0.5743,0.0069,0.0752,0.0427
2,SATURDAY,15,0.0000,0.3905,0.0000,3.0247,0.0000,0.5649,0.0068,0.0724,0.0421
2,SATURDAY,16,0.0000,0.3905,0.0000,2.8583,0.0000,0.4949,0.0067,0.0627,0.0386
2,SATURDAY,17,0.0000,0.3905,0.0000,2.8189,0.0000,0.2055,0.0060,0.0323,0.0259
2,SATURDAY,18,0.0000,0.3905,0.0000,2.6407,0.0000,0.2478,0.0063,0.0449,0.0299
2,SATURDAY,19,0.0000,0.3905,0.0000,2.6102,0.0457,0.1316,0.0058,0.0253,0.0231
2,SATURDAY,20,0.0000,0.3905,0.0000,2.5950,0.0457,0.1025,0.0057,0.0204,0.0214
2,SATURDAY,21,0.0000,0.3905,0.0000,2.4379,0.0457,0.1025,0.0057,0.0204,0.0214
2,SATURDAY,22,0.0000,0.3905,0.0000,2.4317,0.0457,0.1025,0.0057,0.0204,0.0214
2,SATURDAY,23,0.0000,0.3905,0.0000,2.2746,0.0457,0.1025,0.0057,0.0204,0.0214
2,SUNDAY,0,0.0000,0.3905,0.0000,2.2836,0.0457,0.1025,0.0057,0.0204,0.0219
2,SUNDAY,1,0.0000,0.3905,0.0000,2.2926,0.0457,0.1313,0.0058,0.0249,0.0267
2,SUNDAY,2,0.0000,0.3905,0.0000,2.2958,0.0457,0.2994,0.0062,0.0509,0.0387
2,SUNDAY,3,0.0000,0.3905,0.0000,2.2958,0.0457,0.4526,0.0067,0.0738,0.0415
2,SUNDAY,4,0.0000,0.3905,0.0000,2.3047,0.0457,0.4953,0.0068,0.0775,0.0421
2,SUNDAY,5,0.0000,0.3905,0.0000,2.4501,0.0457,0.5154,0.0069,0.0775,0.0427
2,SUNDAY,6,0.0000,0.3905,0.0000,2.4258,0.0000,0.5279,0.0069,0.0775,0.0428
2,SUNDAY,7,0.0000,0.3905,0.0000,2.4047,0.0000,0.5518,0.0069,0.0775,0.0428
2,SUNDAY,8,0.0000,0.3905,0.0000,2.4591,0.0000,0.5743,0.0069,0.0775,0.0428
2,SUNDAY,9,0.0000,0.3905,0.0000,2.6528,0.0000,0.5758,0.0069,0.0775,0.0428
2,SUNDAY,10,0.0000,0.3905,0.0000,2.6860,0.0000,0.5758,0.0069,0.0775,0.0428
2,SUNDAY,11,0.0000,0.3905,0.0000,2.7313,0.0000,0.5758,0.0069,0.0774,0.0428
2,SUNDAY,12,0.0000,0.3905,0.0000,2.8856,0.0000,0.5758,0.0069,0.0769,0.0428
2,SUNDAY,13,0.0000,0.3905,0.0000,2.8915,0.0000,0.5758,0.0069,0.0762,0.0428
2,SUNDAY,14,0.0000,0.3905,0.0000,3.0278,0.0000,0.5743,0.0069,0.0752,0.0427
2,SUNDAY,15,0.0000,0.3905,0.0000,3.0247,0.0000,0.5649,0.0068,0.0724,0.0421
2,SUNDAY,16,0.0000,0.3905,0.0000,2.8583,0.0000,0.4949,0.0067,0.0627,0.0414
2,SUNDAY,17,0.0000,0.3905,0.0000,2.8189,0.0000,0.2055,0.0060,0.0323,0.0387
2,SUNDAY,18,0.0000,0.3905,0.0000,2.6407,0.0000,0.2478,0.0063,0.0449,0.0279
2,SUNDAY,19,0.0000,0.3905,0.0000,2.6102,0.0457,0.1316,0.0058,0.0253,0.0221
2,SUNDAY,20,0.0000,0.3905,0.0000,2.5950,0.0457,0.1025,0.0057,0.0204,0.0214
2,SUNDAY,21,0.0000,0.3905,0.0000,2.4379,0.0457,0.1025,0.0057,0.0204,0.0214
2,SUNDAY,22,0.0000,0.3905,0.0000,2.4317,0.0457,0.1025,0.0057,0.0204,0.0214
2,SUNDAY,23,0.0000,0.3905,0.0000,2.2746,0.0457,0.1025,0.0057,0.0204,0.0214
2,HOLIDAY,0,0.0000,0.0000,0.0000,0.0000,0.0000,0.0000,0.0000,0.0000,0.0000
2,HOLIDAY,1,0.0000,0.0000,0.0000,0.0000,0.0000,0.0000,0.0000,0.0000,0.0000
2,HOLIDAY,2,0.0000,0.0000,0.0000,0.0000,0.0000,0.0000,0.0000,0.0000,0.0000
2,HOLIDAY,3,0.0000,0.0000,0.0000,0.0000,0.0000,0.0000,0.0000,0.0000,0.0000
2,HOLIDAY,4,0.0000,0.0000,0.0000,0.0000,0.0000,0.0000,0.0000,0.0000,0.0000
2,HOLIDAY,5,0.0000,0.0000,0.0000,0.0000,0.0000,0.0000,0.0000,0.0000,0.0000
2,HOLIDAY,6,0.0000,0.0000,0.0000,0.0000,0.0000,0.0000,0.0000,0.0000,0.0000
2,HOLIDAY,7,0.0000,0.0000,0.0000,0.0000,0.0000,0.0000,0.0000,0.0000,0.0000
2,HOLIDAY,8,0.0000,0.0000,0.0000,0.0000,0.0000,0.0000,0.0000,0.0000,0.0000
2,HOLIDAY,9,0.0000,0.0000,0.0000,0.0000,0.0000,0.0000,0.0000,0.0000,0.0000
2,HOLIDAY,10,0.0000,0.0000,0.0000,0.0000,0.0000,0.0000,0.0000,0.0000,0.0000
2,HOLIDAY,11,0.0000,0.0000,0.0000,0.0000,0.0000,0.0000,0.0000,0.0000,0.0000
2,HOLIDAY,12,0.0000,0.0000,0.0000,0.0000,0.0000,0.0000,0.0000,0.0000,0.0000
2,HOLIDAY,13,0.0000,0.0000,0.0000,0.0000,0.0000,0.0000,0.0000,0.0000,0.0000
2,HOLIDAY,14,0.0000,0.0000,0.0000,0.0000,0.0000,0.0000,0.0000,0.0000,0.0000
2,HOLIDAY,15,0.0000,0.0000,0.0000,0.0000,0.0000,0.0000,0.0000,0.0000,0.0000
2,HOLIDAY,16,0.0000,0.0000,0.0000,0.0000,0.0000,0.0000,0.0000,0.0000,0.0000
2,HOLIDAY,17,0.0000,0.0000,0.0000,0.0000,0.0000,0.0000,0.0000,0.0000,0.0000
2,HOLIDAY,18,0.0000,0.0000,0.0000,0.0000,0.0000,0.0000,0.0000,0.0000,0.0000
2,HOLIDAY,19,0.0000,0.0000,0.0000,0.0000,0.0000,0.0000,0.0000,0.0000,0.0000
2,HOLIDAY,20,0.0000,0.0000,0.0000,0.0000,0.0000,0.0000,0.0000,0.0000,0.0000
2,HOLIDAY,21,0.0000,0.0000,0.0000,0.0000,0.0000,0.0000,0.0000,0.0000,0.0000
2,HOLIDAY,22,0.0000,0.0000,0.0000,0.0000,0.0000,0.0000,0.0000,0.0000,0.0000
2,HOLIDAY,23,0.0000,0.0000,0.0000,0.0000,0.0000,0.0000,0.0000,0.0000,0.0000
3,WEEKDAY,0,0.0000,0.3905,0.0000,2.3099,0.0457,0.1117,0.0057,0.0226,0.0218
3,WEEKDAY,1,0.0000,0.3905,0.0000,2.3189,0.0457,0.1025,0.0057,0.0204,0.0214
3,WEEKDAY,2,0.0000,0.3905,0.0000,2.3220,0.0457,0.1025,0.0057,0.0204,0.0214
3,WEEKDAY,3,0.0000,0.3905,0.0000,2.3310,0.0457,0.1500,0.0058,0.0253,0.0230
3,WEEKDAY,4,0.0000,0.3905,0.0000,2.3310,0.0457,0.4015,0.0063,0.0524,0.0322
3,WEEKDAY,5,0.0000,0.3905,0.0004,2.4762,0.0457,0.5461,0.0115,0.0710,0.0395
3,WEEKDAY,6,0.0000,0.3905,0.0023,2.4553,0.0000,0.5959,0.0241,0.0768,0.0419
3,WEEKDAY,7,0.0263,0.5237,0.0036,2.4794,0.0000,0.6669,0.0364,0.0788,0.0427
3,WEEKDAY,8,0.7113,0.6569,0.0041,2.5100,0.0000,0.7961,0.0419,0.0791,0.0428
3,WEEKDAY,9,1.1065,0.6569,0.0044,2.6731,0.0000,0.7961,0.0419,0.0791,0.0428
3,WEEKDAY,10,1.1098,0.6569,0.0044,2.7094,0.0000,0.7961,0.0419,0.0791,0.0428
3,WEEKDAY,11,1.1211,0.6569,0.0044,2.7485,0.0000,0.7961,0.0419,0.0791,0.0428
3,WEEKDAY,12,1.1233,0.6569,0.0044,2.8904,0.0000,0.7961,0.0419,0.0791,0.0428
3,WEEKDAY,13,1.1215,0.6569,0.0044,2.8876,0.0000,0.7961,0.0419,0.0791,0.0428
3,WEEKDAY,14,1.1203,0.6569,0.0044,3.0201,0.0000,0.7961,0.0414,0.0791,0.0428
3,WEEKDAY,15,1.1149,0.6569,0.0044,3.0232,0.0000,0.7961,0.0409,0.0791,0.0428
3,WEEKDAY,16,1.1108,0.6569,0.0032,2.8693,0.0000,0.7960,0.0389,0.0791,0.0428
3,WEEKDAY,17,1.0555,0.6569,0.0031,2.8482,0.0000,0.7951,0.0324,0.0791,0.0428
3,WEEKDAY,18,0.9488,0.6569,0.0018,2.6696,0.0000,0.7294,0.0239,0.0788,0.0428
3,WEEKDAY,19,0.0000,0.3905,0.0008,2.6333,0.0457,0.6047,0.0152,0.0723,0.0401
3,WEEKDAY,20,0.0000,0.3905,0.0004,2.6269,0.0457,0.3329,0.0084,0.0404,0.0266
3,WEEKDAY,21,0.0000,0.3905,0.0002,2.4670,0.0457,0.1933,0.0068,0.0332,0.0243
3,WEEKDAY,22,0.0000,0.3905,0.0000,2.4518,0.0457,0.2905,0.0061,0.0556,0.0318
3,WEEKDAY,23,0.0000,0.3905,0.0000,2.2978,0.0457,0.1834,0.0058,0.0375,0.0254
3,SATURDAY,0,0.0000,0.3905,0.0000,2.3099,0.0457,0.1025,0.0057,0.0204,0.0214
3,SATURDAY,1,0.0000,0.3905,0.0000,2.3189,0.0457,0.1313,0.0058,0.0249,0.0230
3,SATURDAY,2,0.0000,0.3905,0.0000,2.3220,0.0457,0.2994,0.0062,0.0509,0.0321
3,SATURDAY,3,0.0000,0.3905,0.0000,2.3310,0.0457,0.4526,0.0067,0.0738,0.0403
3,SATURDAY,4,0.0000,0.3905,0.0000,2.3310,0.0457,0.4953,0.0068,0.0775,0.0421
3,SATURDAY,5,0.0000,0.3905,0.0000,2.4760,0.0457,0.5154,0.0069,0.0775,0.0427
3,SATURDAY,6,0.0000,0.3905,0.0000,2.4549,0.0000,0.5279,0.0069,0.0775,0.0428
3,SATURDAY,7,0.0000,0.3905,0.0000,2.4788,0.0000,0.5518,0.0069,0.0775,0.0428
3,SATURDAY,8,0.0000,0.3905,0.0000,2.5092,0.0000,0.5743,0.0069,0.0775,0.0428
3,SATURDAY,9,0.0000,0.3905,0.0000,2.6722,0.0000,0.5758,0.0069,0.0775,0.0428
3,SATURDAY,10,0.0000,0.3905,0.0000,2.7085,0.0000,0.5758,0.0069,0.0775,0.0428
3,SATURDAY,11,0.0000,0.3905,0.0000,2.7476,0.0000,0.5758,0.0069,0.0774,0.0428
3,SATURDAY,12,0.0000,0.3905,0.0000,2.8895,0.0000,0.5758,0.0069,0.0769,0.0428
3,SATURDAY,13,0.0000,0.3905,0.0000,2.8867,0.0000,0.5758,0.0069,0.0762,0.0428
3,SATURDAY,14,0.0000,0.3905,0.0000,3.0192,0.0000,0.5743,0.0069,0.0752,0.0427
3,SATURDAY,15,0.0000,0.3905,0.0000,3.0223,0.0000,0.5649,0.0068,0.0724,0.0421
3,SATURDAY,16,0.0000,0.3905,0.0000,2.8683,0.0000,0.4949,0.0067,0.0627,0.0386
3,SATURDAY,17,0.0000,0.3905,0.0000,2.8472,0.0000,0.2055,0.0060,0.0323,0.0259
3,SATURDAY,18,0.0000,0.3905,0.0000,2.6691,0.0000,0.2478,0.0063,0.0449,0.0299
3,SATURDAY,19,0.0000,0.3905,0.0000,2.6331,0.0457,0.1316,0.0058,0.0253,0.0231
3,SATURDAY,20,0.0000,0.3905,0.0000,2.6269,0.0457,0.1025,0.0057,0.0204,0.0214
3,SATURDAY,21,0.0000,0.3905,0.0000,2.4670,0.0457,0.1025,0.0057,0.0204,0.0214
3,SATURDAY,22,0.0000,0.3905,0.0000,2.4518,0.0457,0.1025,0.0057,0.0204,0.0214
3,SATURDAY,23,0.0000,0.3905,0.0000,2.2978,0.0457,0.1025,0.0057,0.0204,0.0214
3,SUNDAY,0,0.0000,0.3905,0.0000,2.3099,0.0457,0.1025,0.0057,0.0204,0.0219
3,SUNDAY,1,0.0000,0.3905,0.0000,2.3189,0.0457,0.1313,0.0058,0.0249,0.0267
3,SUNDAY,2,0.0000,0.3905,0.0000,2.3220,0.0457,0.2994,0.0062,0.0509,0.0387
3,SUNDAY,3,0.0000,0.3905,0.0000,2.3310,0.0457,0.4526,0.0067,0.0738,0.0415
3,SUNDAY,4,0.0000,0.3905,0.0000,2.3310,0.0457,0.4953,0.0068,0.0775,0.0421
3,SUNDAY,5,0.0000,0.3905,0.0000,2.4760,0.0457,0.5154,0.0069,0.0775,0.0427
3,SUNDAY,6,0.0000,0.3905,0.0000,2.4549,0.0000,0.5279,0.0069,0.0775,0.0428
3,SUNDAY,7,0.0000,0.3905,0.0000,2.4788,0.0000,0.5518,0.0069,0.0775,0.0428
3,SUNDAY,8,0.0000,0.3905,0.0000,2.5092,0.0000,0.5743,0.0069,0.0775,0.0428
3,SUNDAY,9,0.0000,0.3905,0.0000,2.6722,0.0000,0.5758,0.0069,0.0775,0.0428
3,SUNDAY,10,0.0000,0.3905,0.0000,2.7085,0.0000,0.5758,0.0069,0.0775,0.0428
3,SUNDAY,11,0.0000,0.3905,0.0000,2.7476,0.0000,0.5758,0.0069,0.0774,0.0428
3,SUNDAY,12,0.0000,0.3905,0.0000,2.8895,0.0000,0.5758,0.0069,0.0769,0.0428
3,SUNDAY,13,0.0000,0.3905,0.0000,2.8867,0.0000,0.5758,0.0069,0.0762,0.0428
3,SUNDAY,14,0.0000,0.3905,0.0000,3.0192,0.0000,0.5743,0.0069,0.0752,0.0427
3,SUNDAY,15,0.0000,0.3905,0.0000,3.0223,0.0000,0.5649,0.0068,0.0724,0.0421
3,SUNDAY,16,0.0000,0.3905,0.0000,2.8683,0.0000,0.4949,0.0067,0.0627,0.0414
3,SUNDAY,17,0.0000,0.3905,0.0000,2.8472,0.0000,0.2055,0.0060,0.0323,0.0387
3,SUNDAY,18,0.0000,0.3905,0.0000,2.6691,0.0000,0.2478,0.0063,0.0449,0.0279
3,SUNDAY,19,0.0000,0.3905,0.0000,2.6331,0.0457,0.1316,0.0058,0.0253,0.0221
3,SUNDAY,20,0.0000,0.3905,0.0000,2.6269,0.0457,0.1025,0.0057,0.0204,0.0214
3,SUNDAY,21,0.0000,0.3905,0.0000,2.4670,0.0457,0.1025,0.0057,0.0204,0.0214
3,SUNDAY,22,0.0000,0.3905,0.0000,2.4518,0.0457,0.1025,0.0057,0.0204,0.0214
3,SUNDAY,23,0.0000,0.3905,0.0000,2.2978,0.0457,0.1025,0.0057,0.0204,0.0214
3,HOLIDAY,0,0.0000,0.0000,0.0000,0.0000,0.0000,0.0000,0.0000,0.0000,0.0000
3,HOLIDAY,1,0.0000,0.0000,0.0000,0.0000,0.0000,0.0000,0.0000,0.0000,0.0000
3,HOLIDAY,2,0.0000,0.0000,0.0000,0.0000,0.0000,0.0000,0.0000,0.0000,0.0000
3,HOLIDAY,3,0.0000,0.0000,0.0000,0.0000,0.0000,0.0000,0.0000,0.0000,0.0000
3,HOLIDAY,4,0.0000,0.0000,0.0000,0.0000,0.0000,0.0000,0.0000,0.0000,0.0000
3,HOLIDAY,5,0.0000,0.0000,0.0000,0.0000,0.0000,0.0000,0.0000,0.0000,0.0000
3,HOLIDAY,6,0.0000,0.0000,0.0000,0.0000,0.0000,0.0000,0.0000,0.0000,0.0000
3,HOLIDAY,7,0.0000,0.0000,0.0000,0.0000,0.0000,0.0000,0.0000,0.0000,0.0000
3,HOLIDAY,8,0.0000,0.0000,0.0000,0.0000,0.0000,0.0000,0.0000,0.0000,0.0000
3,HOLIDAY,9,0.0000,0.0000,0.0000,0.0000,0.0000,0.0000,0.0000,0.0000,0.0000
3,HOLIDAY,10,0.0000,0.0000,0.0000,0.0000,0.0000,0.0000,0.0000,0.0000,0.0000
3,HOLIDAY,11,0.0000,0.0000,0.0000,0.0000,0.0000,0.0000,0.0000,0.0000,0.0000
3,HOLIDAY,12,0.0000,0.0000,0.0000,0.0000,0.0000,0.0000,0.0000,0.0000,0.0000
3,HOLIDAY,13,0.0000,0.0000,0.0000,0.0000,0.0000,0.0000,0.0000,0.0000,0.0000
3,HOLIDAY,14,0.0000,0.0000,0.0000,0.0000,0.0000,0.0000,0.0000,0.0000,0.0000
3,HOLIDAY,15,0.0000,0.0000,0.0000,0.0000,0.0000,0.0000,0.0000,0.0000,0.0000
3,HOLIDAY,16,0.0000,0.0000,0.0000,0.0000,0.0000,0.0000,0.0000,0.0000,0.0000
3,HOLIDAY,17,0.0000,0.0000,0.0000,0.0000,0.0000,0.0000,0.0000,0.0000,0.0000
3,HOLIDAY,18,0.0000,0.0000,0.0000,0.0000,0.0000,0.0000,0.0000,0.0000,0.0000
3,HOLIDAY,19,0.0000,0.0000,0.0000,0.0000,0.0000,0.0000,0.0000,0.0000,0.0000
3,HOLIDAY,20,0.0000,0.0000,0.0000,0.0000,0.0000,0.0000,0.0000,0.0000,0.0000
3,HOLIDAY,21,0.0000,0.0000,0.0000,0.0000,0.0000,0.0000,0.0000,0.0000,0.0000
3,HOLIDAY,22,0.0000,0.0000,0.0000,0.0000,0.0000,0.0000,0.0000,0.0000,0.0000
3,HOLIDAY,23,0.0000,0.0000,0.0000,0.0000,0.0000,0.0000,0.0000,0.0000,0.0000
4,WEEKDAY,0,0.0000,0.3905,0.0000,2.3628,0.0457,0.1046,0.0057,0.0209,0.0215
4,WEEKDAY,1,0.0000,0.3905,0.0000,2.3671,0.0457,0.1025,0.0057,0.0204,0.0214
4,WEEKDAY,2,0.0000,0.3905,0.0000,2.3701,0.0457,0.1392,0.0058,0.0242,0.0226
4,WEEKDAY,3,0.0000,0.3905,0.0000,2.3732,0.0457,0.3443,0.0062,0.0462,0.0301
4,WEEKDAY,4,0.0000,0.3905,0.0003,2.4864,0.0457,0.5133,0.0103,0.0667,0.0378
4,WEEKDAY,5,0.0000,0.3905,0.0019,2.5220,0.0104,0.5846,0.0212,0.0755,0.0414
4,WEEKDAY,6,0.0503,0.5358,0.0033,2.5757,0.0000,0.6507,0.0336,0.0783,0.0425
4,WEEKDAY,7,0.5784,0.6266,0.0040,2.6103,0.0000,0.7667,0.0406,0.0791,0.0428
4,WEEKDAY,8,0.9816,0.6569,0.0043,2.7403,0.0000,0.7961,0.0419,0.0791,0.0428
4,WEEKDAY,9,1.1133,0.6569,0.0044,2.8055,0.0000,0.7961,0.0419,0.0791,0.0428
4,WEEKDAY,10,1.0769,0.6569,0.0044,2.8329,0.0000,0.7961,0.0419,0.0791,0.0428
4,WEEKDAY,11,1.1389,0.6569,0.0044,2.9366,0.0000,0.7961,0.0419,0.0791,0.0428
4,WEEKDAY,12,1.0873,0.6569,0.0044,2.9582,0.0000,0.7961,0.0419,0.0791,0.0428
4,WEEKDAY,13,1.1413,0.6569,0.0044,3.0636,0.0000,0.7961,0.0415,0.0791,0.0428
4,WEEKDAY,14,1.0850,0.6569,0.0044,3.0928,0.0000,0.7961,0.0410,0.0791,0.0428
4,WEEKDAY,15,1.1314,0.6569,0.0035,2.9750,0.0000,0.7960,0.0393,0.0791,0.0428
4,WEEKDAY,16,1.1243,0.6569,0.0032,2.9240,0.0000,0.7953,0.0339,0.0791,0.0428
4,WEEKDAY,17,1.0664,0.6569,0.0021,2.7848,0.0000,0.7443,0.0258,0.0789,0.0428
4,WEEKDAY,18,0.1509,0.4511,0.0010,2.7048,0.0353,0.6330,0.0171,0.0738,0.0407
4,WEEKDAY,19,0.0000,0.3905,0.0005,2.6831,0.0457,0.3947,0.0100,0.0477,0.0296
4,WEEKDAY,20,0.0000,0.3905,0.0002,2.5631,0.0457,0.2250,0.0072,0.0349,0.0248
4,WEEKDAY,21,0.0000,0.3905,0.0000,2.5142,0.0457,0.2684,0.0063,0.0505,0.0301
4,WEEKDAY,22,0.0000,0.3905,0.0000,2.3883,0.0457,0.2078,0.0059,0.0416,0.0269
4,WEEKDAY,23,0.0000,0.3905,0.0000,2.3595,0.0457,0.1268,0.0057,0.0259,0.0226
4,SATURDAY,0,0.0000,0.3905,0.0000,2.3626,0.0457,0.1241,0.0058,0.0238,0.0226
4,SATURDAY,1,0.0000,0.3905,0.0000,2.3670,0.0457,0.2574,0.0061,0.0444,0.0298
4,SATURDAY,2,0.0000,0.3905,0.0000,2.3700,0.0457,0.4143,0.0065,0.0681,0.0383
4,SATURDAY,3,0.0000,0.3905,0.0000,2.3732,0.0457,0.4847,0.0068,0.0766,0.0417
4,SATURDAY,4,0.0000,0.3905,0.0000,2.4829,0.0457,0.5104,0.0068,0.0775,0.0426
4,SATURDAY,5,0.0000,0.3905,0.0000,2.5216,0.0114,0.5248,0.0069,0.0775,0.0428
4,SATURDAY,6,0.0000,0.3905,0.0000,2.5735,0.0000,0.5458,0.0069,0.0775,0.0428
4,SATURDAY,7,0.0000,0.3905,0.0000,2.6089,0.0000,0.5686,0.0069,0.0775,0.0428
4,SATURDAY,8,0.0000,0.3905,0.0000,2.7358,0.0000,0.5754,0.0069,0.0775,0.0428
4,SATURDAY,9,0.0000,0.3905,0.0000,2.8037,0.0000,0.5758,0.0069,0.0775,0.0428
4,SATURDAY,10,0.0000,0.3905,0.0000,2.8314,0.0000,0.5758,0.0069,0.0774,0.0428
4,SATURDAY,11,0.0000,0.3905,0.0000,2.9328,0.0000,0.5758,0.0069,0.0770,0.0428
4,SATURDAY,12,0.0000,0.3905,0.0000,2.9575,0.0000,0.5758,0.0069,0.0764,0.0428
4,SATURDAY,13,0.0000,0.3905,0.0000,3.0595,0.0000,0.5746,0.0069,0.0755,0.0427
4,SATURDAY,14,0.0000,0.3905,0.0000,3.0919,0.0000,0.5673,0.0068,0.0731,0.0422
4,SATURDAY,15,0.0000,0.3905,0.0000,2.9775,0.0000,0.5124,0.0067,0.0652,0.0395
4,SATURDAY,16,0.0000,0.3905,0.0000,2.9235,0.0000,0.2778,0.0061,0.0399,0.0291
4,SATURDAY,17,0.0000,0.3905,0.0000,2.7882,0.0000,0.2372,0.0062,0.0417,0.0289
4,SATURDAY,18,0.0000,0.3905,0.0000,2.7057,0.0343,0.1606,0.0059,0.0302,0.0248
4,SATURDAY,19,0.0000,0.3905,0.0000,2.6832,0.0457,0.1098,0.0057,0.0217,0.0218
4,SATURDAY,20,0.0000,0.3905,0.0000,2.5665,0.0457,0.1025,0.0057,0.0204,0.0214
4,SATURDAY,21,0.0000,0.3905,0.0000,2.5146,0.0457,0.1025,0.0057,0.0204,0.0214
4,SATURDAY,22,0.0000,0.3905,0.0000,2.3918,0.0457,0.1025,0.0057,0.0204,0.0214
4,SATURDAY,23,0.0000,0.3905,0.0000,2.3548,0.0457,0.1025,0.0057,0.0204,0.0214
4,SUNDAY,0,0.0000,0.3905,0.0000,2.3649,0.0457,0.1313,0.0058,0.0249,0.0267
4,SUNDAY,1,0.0000,0.3905,0.0000,2.3677,0.0457,0.2994,0.0062,0.0509,0.0387
4,SUNDAY,2,0.0000,0.3905,0.0000,2.3708,0.0457,0.4526,0.0067,0.0738,0.0415
4,SUNDAY,3,0.0000,0.3905,0.0000,2.3739,0.0457,0.4953,0.0068,0.0775,0.0421
4,SUNDAY,4,0.0000,0.3905,0.0000,2.5193,0.0457,0.5154,0.0069,0.0775,0.0427
4,SUNDAY,5,0.0000,0.3905,0.0000,2.5224,0.0000,0.5279,0.0069,0.0775,0.0428
4,SUNDAY,6,0.0000,0.3905,0.0000,2.5905,0.0000,0.5518,0.0069,0.0775,0.0428
4,SUNDAY,7,0.0000,0.3905,0.0000,2.6151,0.0000,0.5743,0.0069,0.0775,0.0428
4,SUNDAY,8,0.0000,0.3905,0.0000,2.7760,0.0000,0.5758,0.0069,0.0775,0.0428
4,SUNDAY,9,0.0000,0.3905,0.0000,2.8130,0.0000,0.5758,0.0069,0.0775,0.0428
4,SUNDAY,10,0.0000,0.3905,0.0000,2.8376,0.0000,0.5758,0.0069,0.0774,0.0428
4,SUNDAY,11,0.0000,0.3905,0.0000,2.9645,0.0000,0.5758,0.0069,0.0769,0.0428
4,SUNDAY,12,0.0000,0.3905,0.0000,2.9552,0.0000,0.5758,0.0069,0.0762,0.0428
4,SUNDAY,13,0.0000,0.3905,0.0000,3.0943,0.0000,0.5743,0.0069,0.0752,0.0427
4,SUNDAY,14,0.0000,0.3905,0.0000,3.0912,0.0000,0.5649,0.0068,0.0724,0.0421
4,SUNDAY,15,0.0000,0.3905,0.0000,2.9396,0.0000,0.4949,0.0067,0.0627,0.0414
4,SUNDAY,16,0.0000,0.3905,0.0000,2.9182,0.0000,0.2055,0.0060,0.0323,0.0387
4,SUNDAY,17,0.0000,0.3905,0.0000,2.7448,0.0000,0.2478,0.0063,0.0449,0.0279
4,SUNDAY,18,0.0000,0.3905,0.0000,2.6926,0.0457,0.1316,0.0058,0.0253,0.0221
4,SUNDAY,19,0.0000,0.3905,0.0000,2.6801,0.0457,0.1025,0.0057,0.0204,0.0214
4,SUNDAY,20,0.0000,0.3905,0.0000,2.5286,0.0457,0.1025,0.0057,0.0204,0.0214
4,SUNDAY,21,0.0000,0.3905,0.0000,2.5099,0.0457,0.1025,0.0057,0.0204,0.0214
4,SUNDAY,22,0.0000,0.3905,0.0000,2.3525,0.0457,0.1025,0.0057,0.0204,0.0214
4,SUNDAY,23,0.0000,0.3905,0.0000,2.3556,0.0457,0.1117,0.0057,0.0204,0.0219
4,HOLIDAY,0,0.0000,0.0000,0.0000,0.0000,0.0000,0.0000,0.0000,0.0000,0.0000
4,HOLIDAY,1,0.0000,0.0000,0.0000,0.0000,0.0000,0.0000,0.0000,0.0000,0.0000
4,HOLIDAY,2,0.0000,0.0000,0.0000,0.0000,0.0000,0.0000,0.0000,0.0000,0.0000
4,HOLIDAY,3,0.0000,0.0000,0.0000,0.0000,0.0000,0.0000,0.0000,0.0000,0.0000
4,HOLIDAY,4,0.0000,0.0000,0.0000,0.0000,0.0000,0.0000,0.0000,0.0000,0.0000
4,HOLIDAY,5,0.0000,0.0000,0.0000,0.0000,0.0000,0.0000,0.0000,0.0000,0.0000
4,HOLIDAY,6,0.0000,0.0000,0.0000,0.0000,0.0000,0.0000,0.0000,0.0000,0.0000
4,HOLIDAY,7,0.0000,0.0000,0.0000,0.0000,0.0000,0.0000,0.0000,0.0000,0.0000
4,HOLIDAY,8,0.0000,0.0000,0.0000,0.0000,0.0000,0.0000,0.0000,0.0000,0.0000
4,HOLIDAY,9,0.0000,0.0000,0.0000,0.0000,0.0000,0.0000,0.0000,0.0000,0.0000
4,HOLIDAY,10,0.0000,0.0000,0.0000,0.0000,0.0000,0.0000,0.0000,0.0000,0.0000
4,HOLIDAY,11,0.0000,0.0000,0.0000,0.0000,0.0000,0.0000,0.0000,0.0000,0.0000
4,HOLIDAY,12,0.0000,0.0000,0.0000,0.0000,0.0000,0.0000,0.0000,0.0000,0.0000
4,HOLIDAY,13,0.0000,0.0000,0.0000,0.0000,0.0000,0.0000,0.0000,0.0000,0.0000
4,HOLIDAY,14,0.0000,0.0000,0.0000,0.0000,0.0000,0.0000,0.0000,0.0000,0.0000
4,HOLIDAY,15,0.0000,0.0000,0.0000,0.0000,0.0000,0.0000,0.0000,0.0000,0.0000
4,HOLIDAY,16,0.0000,0.0000,0.0000,0.0000,0.0000,0.0000,0.0000,0.0000,0.0000
4,HOLIDAY,17,0.0000,0.0000,0.0000,0.0000,0.0000,0.0000,0.0000,0.0000,0.0000
4,HOLIDAY,18,0.0000,0.0000,0.0000,0.0000,0.0000,0.0000,0.0000,0.0000,0.0000
4,HOLIDAY,19,0.0000,0.0000,0.0000,0.0000,0.0000,0.0000,0.0000,0.0000,0.0000
4,HOLIDAY,20,0.0000,0.0000,0.0000,0.0000,0.0000,0.0000,0.0000,0.0000,0.0000
4,HOLIDAY,21,0.0000,0.0000,0.0000,0.0000,0.0000,0.0000,0.0000,0.0000,0.0000
4,HOLIDAY,22,0.0000,0.0000,0.0000,0.0000,0.0000,0.0000,0.0000,0.0000,0.0000
4,HOLIDAY,23,0.0000,0.0000,0.0000,0.0000,0.0000,0.0000,0.0000,0.0000,0.0000
5,WEEKDAY,0,0.0000,0.3905,0.0000,2.4663,0.0457,0.1025,0.0057,0.0204,0.0214
5,WEEKDAY,1,0.0000,0.3905,0.0000,2.4725,0.0457,0.1025,0.0057,0.0204,0.0214
5,WEEKDAY,2,0.0000,0.3905,0.0000,2.4791,0.0457,0.1500,0.0058,0.0253,0.0230
5,WEEKDAY,3,0.0000,0.3905,0.0000,2.4853,0.0457,0.4015,0.0063,0.0524,0.0322
5,WEEKDAY,4,0.0000,0.3905,0.0004,2.6353,0.0457,0.5461,0.0115,0.0710,0.0395
5,WEEKDAY,5,0.0000,0.3905,0.0023,2.6515,0.0000,0.5959,0.0241,0.0768,0.0419
5,WEEKDAY,6,1.1111,0.6569,0.0036,2.6901,0.0000,0.6669,0.0364,0.0788,0.0427
5,WEEKDAY,7,1.1109,0.6569,0.0041,2.6965,0.0000,0.7961,0.0419,0.0791,0.0428
5,WEEKDAY,8,1.1222,0.6569,0.0044,2.8686,0.0000,0.7961,0.0419,0.0791,0.0428
5,WEEKDAY,9,1.1345,0.6569,0.0044,2.8911,0.0000,0.7961,0.0419,0.0791,0.0428
5,WEEKDAY,10,1.1612,0.6569,0.0044,2.9101,0.0000,0.7961,0.0419,0.0791,0.0428
5,WEEKDAY,11,1.1913,0.6569,0.0044,3.0471,0.0000,0.7961,0.0419,0.0791,0.0428
5,WEEKDAY,12,1.2055,0.6569,0.0044,3.0440,0.0000,0.7961,0.0419,0.0791,0.0428
5,WEEKDAY,13,1.2038,0.6569,0.0044,3.1904,0.0000,0.7961,0.0414,0.0791,0.0428
5,WEEKDAY,14,1.2044,0.6569,0.0044,3.1810,0.0000,0.7961,0.0409,0.0791,0.0428
5,WEEKDAY,15,1.1875,0.6569,0.0032,3.0091,0.0000,0.7960,0.0389,0.0791,0.0428
5,WEEKDAY,16,1.1621,0.6569,0.0031,2.9835,0.0000,0.7951,0.0324,0.0791,0.0428
5,WEEKDAY,17,1.1450,0.6569,0.0018,2.8142,0.0000,0.7294,0.0239,0.0788,0.0428
5,WEEKDAY,18,0.0000,0.3905,0.0008,2.7724,0.0457,0.6047,0.0152,0.0723,0.0401
5,WEEKDAY,19,0.0000,0.3905,0.0004,2.7691,0.0457,0.3329,0.0084,0.0404,0.0266
5,WEEKDAY,20,0.0000,0.3905,0.0002,2.6255,0.0457,0.1933,0.0068,0.0332,0.0243
5,WEEKDAY,21,0.0000,0.3905,0.0000,2.6096,0.0457,0.2905,0.0061,0.0556,0.0318
5,WEEKDAY,22,0.0000,0.3905,0.0000,2.4566,0.0457,0.1834,0.0058,0.0375,0.0254
5,WEEKDAY,23,0.0000,0.3905,0.0000,2.4597,0.0457,0.1097,0.0057,0.0226,0.0218
5,SATURDAY,0,0.0000,0.3905,0.0000,2.4663,0.0457,0.1313,0.0058,0.0249,0.0230
5,SATURDAY,1,0.0000,0.3905,0.0000,2.4725,0.0457,0.2994,0.0062,0.0509,0.0321
5,SATURDAY,2,0.0000,0.3905,0.0000,2.4791,0.0457,0.4526,0.0067,0.0738,0.0403
5,SATURDAY,3,0.0000,0.3905,0.0000,2.4853,0.0457,0.4953,0.0068,0.0775,0.0421
5,SATURDAY,4,0.0000,0.3905,0.0000,2.6352,0.0457,0.5154,0.0069,0.0775,0.0427
5,SATURDAY,5,0.0000,0.3905,0.0000,2.6511,0.0000,0.5279,0.0069,0.0775,0.0428
5,SATURDAY,6,0.0000,0.3905,0.0000,2.6895,0.0000,0.5518,0.0069,0.0775,0.0428
5,SATURDAY,7,0.0000,0.3905,0.0000,2.6957,0.0000,0.5743,0.0069,0.0775,0.0428
5,SATURDAY,8,0.0000,0.3905,0.0000,2.8677,0.0000,0.5758,0.0069,0.0775,0.0428
5,SATURDAY,9,0.0000,0.3905,0.0000,2.8901,0.0000,0.5758,0.0069,0.0775,0.0428
5,SATURDAY,10,0.0000,0.3905,0.0000,2.9092,0.0000,0.5758,0.0069,0.0774,0.0428
5,SATURDAY,11,0.0000,0.3905,0.0000,3.0462,0.0000,0.5758,0.0069,0.0769,0.0428
5,SATURDAY,12,0.0000,0.3905,0.0000,3.0431,0.0000,0.5758,0.0069,0.0762,0.0428
5,SATURDAY,13,0.0000,0.3905,0.0000,3.1894,0.0000,0.5743,0.0069,0.0752,0.0427
5,SATURDAY,14,0.0000,0.3905,0.0000,3.1801,0.0000,0.5649,0.0068,0.0724,0.0421
5,SATURDAY,15,0.0000,0.3905,0.0000,3.0081,0.0000,0.4949,0.0067,0.0627,0.0386
5,SATURDAY,16,0.0000,0.3905,0.0000,2.9825,0.0000,0.2055,0.0060,0.0323,0.0259
5,SATURDAY,17,0.0000,0.3905,0.0000,2.8137,0.0000,0.2478,0.0063,0.0449,0.0299
5,SATURDAY,18,0.0000,0.3905,0.0000,2.7722,0.0457,0.1316,0.0058,0.0253,0.0231
5,SATURDAY,19,0.0000,0.3905,0.0000,2.7691,0.0457,0.1025,0.0057,0.0204,0.0214
5,SATURDAY,20,0.0000,0.3905,0.0000,2.6255,0.0457,0.1025,0.0057,0.0204,0.0214
5,SATURDAY,21,0.0000,0.3905,0.0000,2.6096,0.0457,0.1025,0.0057,0.0204,0.0214
5,SATURDAY,22,0.0000,0.3905,0.0000,2.4566,0.0457,0.1025,0.0057,0.0204,0.0214
5,SATURDAY,23,0.0000,0.3905,0.0000,2.4566,0.0457,0.1025,0.0057,0.0204,0.0214
5,SUNDAY,0,0.0000,0.3905,0.0000,2.4663,0.0457,0.1313,0.0058,0.0249,0.0267
5,SUNDAY,1,0.0000,0.3905,0.0000,2.4725,0.0457,0.2994,0.0062,0.0509,0.0387
5,SUNDAY,2,0.0000,0.3905,0.0000,2.4791,0.0457,0.4526,0.0067,0.0738,0.0415
5,SUNDAY,3,0.0000,0.3905,0.0000,2.4853,0.0457,0.4953,0.0068,0.0775,0.0421
5,SUNDAY,4,0.0000,0.3905,0.0000,2.6352,0.0457,0.5154,0.0069,0.0775,0.0427
5,SUNDAY,5,0.0000,0.3905,0.0000,2.6511,0.0000,0.5279,0.0069,0.0775,0.0428
5,SUNDAY,6,0.0000,0.3905,0.0000,2.6895,0.0000,0.5518,0.0069,0.0775,0.0428
5,SUNDAY,7,0.0000,0.3905,0.0000,2.6957,0.0000,0.5743,0.0069,0.0775,0.0428
5,SUNDAY,8,0.0000,0.3905,0.0000,2.8677,0.0000,0.5758,0.0069,0.0775,0.0428
5,SUNDAY,9,0.0000,0.3905,0.0000,2.8901,0.0000,0.5758,0.0069,0.0775,0.0428
5,SUNDAY,10,0.0000,0.3905,0.0000,2.9092,0.0000,0.5758,0.0069,0.0774,0.0428
5,SUNDAY,11,0.0000,0.3905,0.0000,3.0462,0.0000,0.5758,0.0069,0.0769,0.0428
5,SUNDAY,12,0.0000,0.3905,0.0000,3.0431,0.0000,0.5758,0.0069,0.0762,0.0428
5,SUNDAY,13,0.0000,0.3905,0.0000,3.1894,0.0000,0.5743,0.0069,0.0752,0.0427
5,SUNDAY,14,0.0000,0.3905,0.0000,3.1801,0.0000,0.5649,0.0068,0.0724,0.0421
5,SUNDAY,15,0.0000,0.3905,0.0000,3.0081,0.0000,0.4949,0.0067,0.0627,0.0414
5,SUNDAY,16,0.0000,0.3905,0.0000,2.9825,0.0000,0.2055,0.0060,0.0323,0.0387
5,SUNDAY,17,0.0000,0.3905,0.0000,2.8137,0.0000,0.2478,0.0063,0.0449,0.0279
5,SUNDAY,18,0.0000,0.3905,0.0000,2.7722,0.0457,0.1316,0.0058,0.0253,0.0221
5,SUNDAY,19,0.0000,0.3905,0.0000,2.7691,0.0457,0.1025,0.0057,0.0204,0.0214
5,SUNDAY,20,0.0000,0.3905,0.0000,2.6255,0.0457,0.1025,0.0057,0.0204,0.0214
5,SUNDAY,21,0.0000,0.3905,0.0000,2.6096,0.0457,0.1025,0.0057,0.0204,0.0214
5,SUNDAY,22,0.0000,0.3905,0.0000,2.4566,0.0457,0.1025,0.0057,0.0204,0.0214
5,SUNDAY,23,0.0000,0.3905,0.0000,2.4566,0.0457,0.1117,0.0057,0.0204,0.0219
5,HOLIDAY,0,0.0000,0.0000,0.0000,0.0000,0.0000,0.0000,0.0000,0.0000,0.0000
5,HOLIDAY,1,0.0000,0.0000,0.0000,0.0000,0.0000,0.0000,0.0000,0.0000,0.0000
5,HOLIDAY,2,0.0000,0.0000,0.0000,0.0000,0.0000,0.0000,0.0000,0.0000,0.0000
5,HOLIDAY,3,0.0000,0.0000,0.0000,0.0000,0.0000,0.0000,0.0000,0.0000,0.0000
5,HOLIDAY,4,0.0000,0.0000,0.0000,0.0000,0.0000,0.0000,0.0000,0.0000,0.0000
5,HOLIDAY,5,0.0000,0.0000,0.0000,0.0000,0.0000,0.0000,0.0000,0.0000,0.0000
5,HOLIDAY,6,0.0000,0.0000,0.0000,0.0000,0.0000,0.0000,0.0000,0.0000,0.0000
5,HOLIDAY,7,0.0000,0.0000,0.0000,0.0000,0.0000,0.0000,0.0000,0.0000,0.0000
5,HOLIDAY,8,0.0000,0.0000,0.0000,0.0000,0.0000,0.0000,0.0000,0.0000,0.0000
5,HOLIDAY,9,0.0000,0.0000,0.0000,0.0000,0.0000,0.0000,0.0000,0.0000,0.0000
5,HOLIDAY,10,0.0000,0.0000,0.0000,0.0000,0.0000,0.0000,0.0000,0.0000,0.0000
5,HOLIDAY,11,0.0000,0.0000,0.0000,0.0000,0.0000,0.0000,0.0000,0.0000,0.0000
5,HOLIDAY,12,0.0000,0.0000,0.0000,0.0000,0.0000,0.0000,0.0000,0.0000,0.0000
5,HOLIDAY,13,0.0000,0.0000,0.0000,0.0000,0.0000,0.0000,0.0000,0.0000,0.0000
5,HOLIDAY,14,0.0000,0.0000,0.0000,0.0000,0.0000,0.0000,0.0000,0.0000,0.0000
5,HOLIDAY,15,0.0000,0.0000,0.0000,0.0000,0.0000,0.0000,0.0000,0.0000,0.0000
5,HOLIDAY,16,0.0000,0.0000,0.0000,0.0000,0.0000,0.0000,0.0000,0.0000,0.0000
5,HOLIDAY,17,0.0000,0.0000,0.0000,0.0000,0.0000,0.0000,0.0000,0.0000,0.0000
5,HOLIDAY,18,0.0000,0.0000,0.0000,0.0000,0.0000,0.0000,0.0000,0.0000,0.0000
5,HOLIDAY,19,0.0000,0.0000,0.0000,0.0000,0.0000,0.0000,0.0000,0.0000,0.0000
5,HOLIDAY,20,0.0000,0.0000,0.0000,0.0000,0.0000,0.0000,0.0000,0.0000,0.0000
5,HOLIDAY,21,0.0000,0.0000,0.0000,0.0000,0.0000,0.0000,0.0000,0.0000,0.0000
5,HOLIDAY,22,0.0000,0.0000,0.0000,0.0000,0.0000,0.0000,0.0000,0.0000,0.0000
5,HOLIDAY,23,0.0000,0.0000,0.0000,0.0000,0.0000,0.0000,0.0000,0.0000,0.0000
6,WEEKDAY,0,0.0000,0.3905,0.0000,2.5338,0.0457,0.1025,0.0057,0.0204,0.0214
6,WEEKDAY,1,0.0000,0.3905,0.0000,2.5369,0.0457,0.1025,0.0057,0.0204,0.0214
6,WEEKDAY,2,0.0000,0.3905,0.0000,2.5369,0.0457,0.1500,0.0058,0.0253,0.0230
6,WEEKDAY,3,0.0000,0.3905,0.0000,2.5469,0.0457,0.4015,0.0063,0.0524,0.0322
6,WEEKDAY,4,0.0000,0.3905,0.0004,2.6948,0.0457,0.5461,0.0115,0.0710,0.0395
6,WEEKDAY,5,0.0000,0.3905,0.0023,2.7048,0.0000,0.5959,0.0241,0.0768,0.0419
6,WEEKDAY,6,1.1399,0.6569,0.0036,2.7344,0.0000,0.6669,0.0364,0.0788,0.0427
6,WEEKDAY,7,1.1461,0.6569,0.0041,2.7577,0.0000,0.7961,0.0419,0.0791,0.0428
6,WEEKDAY,8,1.1551,0.6569,0.0044,2.9644,0.0000,0.7961,0.0419,0.0791,0.0428
6,WEEKDAY,9,1.2297,0.6569,0.0044,2.9973,0.0000,0.7961,0.0419,0.0791,0.0428
6,WEEKDAY,10,1.3025,0.6569,0.0044,3.0008,0.0000,0.7961,0.0419,0.0791,0.0428
6,WEEKDAY,11,1.3509,0.6569,0.0044,3.1385,0.0000,0.7961,0.0419,0.0791,0.0428
6,WEEKDAY,12,1.3755,0.6569,0.0044,3.1353,0.0000,0.7961,0.0419,0.0791,0.0428
6,WEEKDAY,13,1.3686,0.6569,0.0044,3.2862,0.0000,0.7961,0.0414,0.0791,0.0428
6,WEEKDAY,14,1.3672,0.6569,0.0044,3.2765,0.0000,0.7961,0.0409,0.0791,0.0428
6,WEEKDAY,15,1.3353,0.6569,0.0032,3.1025,0.0000,0.7960,0.0389,0.0791,0.0428
6,WEEKDAY,16,1.2797,0.6569,0.0031,3.0762,0.0000,0.7951,0.0324,0.0791,0.0428
6,WEEKDAY,17,1.2047,0.6569,0.0018,2.9017,0.0000,0.7294,0.0239,0.0788,0.0428
6,WEEKDAY,18,0.0000,0.3905,0.0008,2.8589,0.0457,0.6047,0.0152,0.0723,0.0401
6,WEEKDAY,19,0.0000,0.3905,0.0004,2.8359,0.0457,0.3329,0.0084,0.0404,0.0266
6,WEEKDAY,20,0.0000,0.3905,0.0002,2.6881,0.0457,0.1933,0.0068,0.0332,0.0243
6,WEEKDAY,21,0.0000,0.3905,0.0000,2.6715,0.0457,0.2905,0.0061,0.0556,0.0318
6,WEEKDAY,22,0.0000,0.3905,0.0000,2.5206,0.0457,0.1834,0.0058,0.0375,0.0254
6,WEEKDAY,23,0.0000,0.3905,0.0000,2.5272,0.0457,0.1099,0.0057,0.0226,0.0218
6,SATURDAY,0,0.0000,0.3905,0.0000,2.5338,0.0457,0.1313,0.0058,0.0249,0.0230
6,SATURDAY,1,0.0000,0.3905,0.0000,2.5369,0.0457,0.2994,0.0062,0.0509,0.0321
6,SATURDAY,2,0.0000,0.3905,0.0000,2.5369,0.0457,0.4526,0.0067,0.0738,0.0403
6,SATURDAY,3,0.0000,0.3905,0.0000,2.5469,0.0457,0.4953,0.0068,0.0775,0.0421
6,SATURDAY,4,0.0000,0.3905,0.0000,2.6947,0.0457,0.5154,0.0069,0.0775,0.0427
6,SATURDAY,5,0.0000,0.3905,0.0000,2.7044,0.0000,0.5279,0.0069,0.0775,0.0428
6,SATURDAY,6,0.0000,0.3905,0.0000,2.7338,0.0000,0.5518,0.0069,0.0775,0.0428
6,SATURDAY,7,0.0000,0.3905,0.0000,2.7569,0.0000,0.5743,0.0069,0.0775,0.0428
6,SATURDAY,8,0.0000,0.3905,0.0000,2.9635,0.0000,0.5758,0.0069,0.0775,0.0428
6,SATURDAY,9,0.0000,0.3905,0.0000,2.9964,0.0000,0.5758,0.0069,0.0775,0.0428
6,SATURDAY,10,0.0000,0.3905,0.0000,2.9998,0.0000,0.5758,0.0069,0.0774,0.0428
6,SATURDAY,11,0.0000,0.3905,0.0000,3.1375,0.0000,0.5758,0.0069,0.0769,0.0428
6,SATURDAY,12,0.0000,0.3905,0.0000,3.1344,0.0000,0.5758,0.0069,0.0762,0.0428
6,SATURDAY,13,0.0000,0.3905,0.0000,3.2853,0.0000,0.5743,0.0069,0.0752,0.0427
6,SATURDAY,14,0.0000,0.3905,0.0000,3.2756,0.0000,0.5649,0.0068,0.0724,0.0421
6,SATURDAY,15,0.0000,0.3905,0.0000,3.1015,0.0000,0.4949,0.0067,0.0627,0.0386
6,SATURDAY,16,0.0000,0.3905,0.0000,3.0752,0.0000,0.2055,0.0060,0.0323,0.0259
6,SATURDAY,17,0.0000,0.3905,0.0000,2.9012,0.0000,0.2478,0.0063,0.0449,0.0299
6,SATURDAY,18,0.0000,0.3905,0.0000,2.8587,0.0457,0.1316,0.0058,0.0253,0.0231
6,SATURDAY,19,0.0000,0.3905,0.0000,2.8358,0.0457,0.1025,0.0057,0.0204,0.0214
6,SATURDAY,20,0.0000,0.3905,0.0000,2.6881,0.0457,0.1025,0.0057,0.0204,0.0214
6,SATURDAY,21,0.0000,0.3905,0.0000,2.6715,0.0457,0.1025,0.0057,0.0204,0.0214
6,SATURDAY,22,0.0000,0.3905,0.0000,2.5206,0.0457,0.1025,0.0057,0.0204,0.0214
6,SATURDAY,23,0.0000,0.3905,0.0000,2.5272,0.0457,0.1025,0.0057,0.0204,0.0214
6,SUNDAY,0,0.0000,0.3905,0.0000,2.5338,0.0457,0.1313,0.0058,0.0249,0.0267
6,SUNDAY,1,0.0000,0.3905,0.0000,2.5369,0.0457,0.2994,0.0062,0.0509,0.0387
6,SUNDAY,2,0.0000,0.3905,0.0000,2.5369,0.0457,0.4526,0.0067,0.0738,0.0415
6,SUNDAY,3,0.0000,0.3905,0.0000,2.5469,0.0457,0.4953,0.0068,0.0775,0.0421
6,SUNDAY,4,0.0000,0.3905,0.0000,2.6947,0.0457,0.5154,0.0069,0.0775,0.0427
6,SUNDAY,5,0.0000,0.3905,0.0000,2.7044,0.0000,0.5279,0.0069,0.0775,0.0428
6,SUNDAY,6,0.0000,0.3905,0.0000,2.7338,0.0000,0.5518,0.0069,0.0775,0.0428
6,SUNDAY,7,0.0000,0.3905,0.0000,2.7569,0.0000,0.5743,0.0069,0.0775,0.0428
6,SUNDAY,8,0.0000,0.3905,0.0000,2.9635,0.0000,0.5758,0.0069,0.0775,0.0428
6,SUNDAY,9,0.0000,0.3905,0.0000,2.9964,0.0000,0.5758,0.0069,0.0775,0.0428
6,SUNDAY,10,0.0000,0.3905,0.0000,2.9998,0.0000,0.5758,0.0069,0.0774,0.0428
6,SUNDAY,11,0.0000,0.3905,0.0000,3.1375,0.0000,0.5758,0.0069,0.0769,0.0428
6,SUNDAY,12,0.0000,0.3905,0.0000,3.1344,0.0000,0.5758,0.0069,0.0762,0.0428
6,SUNDAY,13,0.0000,0.3905,0.0000,3.2853,0.0000,0.5743,0.0069,0.0752,0.0427
6,SUNDAY,14,0.0000,0.3905,0.0000,3.2756,0.0000,0.5649,0.0068,0.0724,0.0421
6,SUNDAY,15,0.0000,0.3905,0.0000,3.1015,0.0000,0.4949,0.0067,0.0627,0.0414
6,SUNDAY,16,0.0000,0.3905,0.0000,3.0752,0.0000,0.2055,0.0060,0.0323,0.0387
6,SUNDAY,17,0.0000,0.3905,0.0000,2.9012,0.0000,0.2478,0.0063,0.0449,0.0279
6,SUNDAY,18,0.0000,0.3905,0.0000,2.8587,0.0457,0.1316,0.0058,0.0253,0.0221
6,SUNDAY,19,0.0000,0.3905,0.0000,2.8358,0.0457,0.1025,0.0057,0.0204,0.0214
6,SUNDAY,20,0.0000,0.3905,0.0000,2.6881,0.0457,0.1025,0.0057,0.0204,0.0214
6,SUNDAY,21,0.0000,0.3905,0.0000,2.6715,0.0457,0.1025,0.0057,0.0204,0.0214
6,SUNDAY,22,0.0000,0.3905,0.0000,2.5206,0.0457,0.1025,0.0057,0.0204,0.0214
6,SUNDAY,23,0.0000,0.3905,0.0000,2.5431,0.0457,0.1117,0.0057,0.0204,0.0219
6,HOLIDAY,0,0.0000,0.0000,0.0000,0.0000,0.0000,0.0000,0.0000,0.0000,0.0000
6,HOLIDAY,1,0.0000,0.0000,0.0000,0.0000,0.0000,0.0000,0.0000,0.0000,0.0000
6,HOLIDAY,2,0.0000,0.0000,0.0000,0.0000,0.0000,0.0000,0.0000,0.0000,0.0000
6,HOLIDAY,3,0.0000,0.0000,0.0000,0.0000,0.0000,0.0000,0.0000,0.0000,0.0000
6,HOLIDAY,4,0.0000,0.0000,0.0000,0.0000,0.0000,0.0000,0.0000,0.0000,0.0000
6,HOLIDAY,5,0.0000,0.0000,0.0000,0.0000,0.0000,0.0000,0.0000,0.0000,0.0000
6,HOLIDAY,6,0.0000,0.0000,0.0000,0.0000,0.0000,0.0000,0.0000,0.0000,0.0000
6,HOLIDAY,7,0.0000,0.0000,0.0000,0.0000,0.0000,0.0000,0.0000,0.0000,0.0000
6,HOLIDAY,8,0.0000,0.0000,0.0000,0.0000,0.0000,0.0000,0.0000,0.0000,0.0000
6,HOLIDAY,9,0.0000,0.0000,0.0000,0.0000,0.0000,0.0000,0.0000,0.0000,0.0000
6,HOLIDAY,10,0.0000,0.0000,0.0000,0.0000,0.0000,0.0000,0.0000,0.0000,0.0000
6,HOLIDAY,11,0.0000,0.0000,0.0000,0.0000,0.0000,0.0000,0.0000,0.0000,0.0000
6,HOLIDAY,12,0.0000,0.0000,0.0000,0.0000,0.0000,0.0000,0.0000,0.0000,0.0000
6,HOLIDAY,13,0.0000,0.0000,0.0000,0.0000,0.0000,0.0000,0.0000,0.0000,0.0000
6,HOLIDAY,14,0.0000,0.0000,0.0000,0.0000,0.0000,0.0000,0.0000,0.0000,0.0000
6,HOLIDAY,15,0.0000,0.0000,0.0000,0.0000,0.0000,0.0000,0.0000,0.0000,0.0000
6,HOLIDAY,16,0.0000,0.0000,0.0000,0.0000,0.0000,0.0000,0.0000,0.0000,0.0000
6,HOLIDAY,17,0.0000,0.0000,0.0000,0.0000,0.0000,0.0000,0.0000,0.0000,0.0000
6,HOLIDAY,18,0.0000,0.0000,0.0000,0.0000,0.0000,0.0000,0.0000,0.0000,0.0000
6,HOLIDAY,19,0.0000,0.0000,0.0000,0.0000,0.0000,0.0000,0.0000,0.0000,0.0000
6,HOLIDAY,20,0.0000,0.0000,0.0000,0.0000,0.0000,0.0000,0.0000,0.0000,0.0000
6,HOLIDAY,21,0.0000,0.0000,0.0000,0.0000,0.0000,0.0000,0.0000,0.0000,0.0000
6,HOLIDAY,22,0.0000,0.0000,0.0000,0.0000,0.0000,0.0000,0.0000,0.0000,0.0000
6,HOLIDAY,23,0.0000,0.0000,0.0000,0.0000,0.0000,0.0000,0.0000,0.0000,0.0000
7,WEEKDAY,0,0.0000,0.3905,0.0000,2.6068,0.0457,0.1025,0.0057,0.0204,0.0214
7,WEEKDAY,1,0.0000,0.3905,0.0000,2.6068,0.0457,0.1025,0.0057,0.0204,0.0214
7,WEEKDAY,2,0.0000,0.3905,0.0000,2.6099,0.0457,0.1500,0.0058,0.0253,0.0230
7,WEEKDAY,3,0.0000,0.3905,0.0000,2.6134,0.0457,0.4015,0.0063,0.0524,0.0322
7,WEEKDAY,4,0.0000,0.3905,0.0004,2.7561,0.0457,0.5461,0.0115,0.0710,0.0395
7,WEEKDAY,5,0.0000,0.3905,0.0023,2.7598,0.0000,0.5959,0.0241,0.0768,0.0419
7,WEEKDAY,6,1.1719,0.6569,0.0036,2.7971,0.0000,0.6669,0.0364,0.0788,0.0427
7,WEEKDAY,7,1.2530,0.6569,0.0041,2.8345,0.0000,0.7961,0.0419,0.0791,0.0428
7,WEEKDAY,8,1.2950,0.6569,0.0044,3.0620,0.0000,0.7961,0.0419,0.0791,0.0428
7,WEEKDAY,9,1.4734,0.6569,0.0044,3.1025,0.0000,0.7961,0.0419,0.0791,0.0428
7,WEEKDAY,10,1.5949,0.6569,0.0044,3.1059,0.0000,0.7961,0.0419,0.0791,0.0428
7,WEEKDAY,11,1.6713,0.6569,0.0044,3.2450,0.0000,0.7961,0.0419,0.0791,0.0428
7,WEEKDAY,12,1.6982,0.6569,0.0044,3.2450,0.0000,0.7961,0.0419,0.0791,0.0428
7,WEEKDAY,13,1.7153,0.6569,0.0044,3.3941,0.0000,0.7961,0.0414,0.0791,0.0428
7,WEEKDAY,14,1.6863,0.6569,0.0044,3.3838,0.0000,0.7961,0.0409,0.0791,0.0428
7,WEEKDAY,15,1.6395,0.6569,0.0032,3.2007,0.0000,0.7960,0.0389,0.0791,0.0428
7,WEEKDAY,16,1.5732,0.6569,0.0031,3.1737,0.0000,0.7951,0.0324,0.0791,0.0428
7,WEEKDAY,17,1.3996,0.6569,0.0018,2.9868,0.0000,0.7294,0.0239,0.0788,0.0428
7,WEEKDAY,18,0.0000,0.3905,0.0008,2.9527,0.0457,0.6047,0.0152,0.0723,0.0401
7,WEEKDAY,19,0.0000,0.3905,0.0004,2.9255,0.0457,0.3329,0.0084,0.0404,0.0266
7,WEEKDAY,20,0.0000,0.3905,0.0002,2.7729,0.0457,0.1933,0.0068,0.0332,0.0243
7,WEEKDAY,21,0.0000,0.3905,0.0000,2.7490,0.0457,0.2905,0.0061,0.0556,0.0318
7,WEEKDAY,22,0.0000,0.3905,0.0000,2.5999,0.0457,0.1834,0.0058,0.0375,0.0254
7,WEEKDAY,23,0.0000,0.3905,0.0000,2.6081,0.0457,0.1101,0.0057,0.0226,0.0218
7,SATURDAY,0,0.0000,0.3905,0.0000,2.6068,0.0457,0.1313,0.0058,0.0249,0.0230
7,SATURDAY,1,0.0000,0.3905,0.0000,2.6068,0.0457,0.2994,0.0062,0.0509,0.0321
7,SATURDAY,2,0.0000,0.3905,0.0000,2.6099,0.0457,0.4526,0.0067,0.0738,0.0403
7,SATURDAY,3,0.0000,0.3905,0.0000,2.6134,0.0457,0.4953,0.0068,0.0775,0.0421
7,SATURDAY,4,0.0000,0.3905,0.0000,2.7559,0.0457,0.5154,0.0069,0.0775,0.0427
7,SATURDAY,5,0.0000,0.3905,0.0000,2.7594,0.0000,0.5279,0.0069,0.0775,0.0428
7,SATURDAY,6,0.0000,0.3905,0.0000,2.7964,0.0000,0.5518,0.0069,0.0775,0.0428
7,SATURDAY,7,0.0000,0.3905,0.0000,2.8338,0.0000,0.5743,0.0069,0.0775,0.0428
7,SATURDAY,8,0.0000,0.3905,0.0000,3.0611,0.0000,0.5758,0.0069,0.0775,0.0428
7,SATURDAY,9,0.0000,0.3905,0.0000,3.1015,0.0000,0.5758,0.0069,0.0775,0.0428
7,SATURDAY,10,0.0000,0.3905,0.0000,3.1050,0.0000,0.5758,0.0069,0.0774,0.0428
7,SATURDAY,11,0.0000,0.3905,0.0000,3.2441,0.0000,0.5758,0.0069,0.0769,0.0428
7,SATURDAY,12,0.0000,0.3905,0.0000,3.2441,0.0000,0.5758,0.0069,0.0762,0.0428
7,SATURDAY,13,0.0000,0.3905,0.0000,3.3932,0.0000,0.5743,0.0069,0.0752,0.0427
7,SATURDAY,14,0.0000,0.3905,0.0000,3.3828,0.0000,0.5649,0.0068,0.0724,0.0421
7,SATURDAY,15,0.0000,0.3905,0.0000,3.1998,0.0000,0.4949,0.0067,0.0627,0.0386
7,SATURDAY,16,0.0000,0.3905,0.0000,3.1728,0.0000,0.2055,0.0060,0.0323,0.0259
7,SATURDAY,17,0.0000,0.3905,0.0000,2.9863,0.0000,0.2478,0.0063,0.0449,0.0299
7,SATURDAY,18,0.0000,0.3905,0.0000,2.9524,0.0457,0.1316,0.0058,0.0253,0.0231
7,SATURDAY,19,0.0000,0.3905,0.0000,2.9254,0.0457,0.1025,0.0057,0.0204,0.0214
7,SATURDAY,20,0.0000,0.3905,0.0000,2.7729,0.0457,0.1025,0.0057,0.0204,0.0214
7,SATURDAY,21,0.0000,0.3905,0.0000,2.7490,0.0457,0.1025,0.0057,0.0204,0.0214
7,SATURDAY,22,0.0000,0.3905,0.0000,2.5999,0.0457,0.1025,0.0057,0.0204,0.0214
7,SATURDAY,23,0.0000,0.3905,0.0000,2.6068,0.0457,0.1025,0.0057,0.0204,0.0214
7,SUNDAY,0,0.0000,0.3905,0.0000,2.6068,0.0457,0.1313,0.0058,0.0249,0.0267
7,SUNDAY,1,0.0000,0.3905,0.0000,2.6068,0.0457,0.2994,0.0062,0.0509,0.0387
7,SUNDAY,2,0.0000,0.3905,0.0000,2.6099,0.0457,0.4526,0.0067,0.0738,0.0415
7,SUNDAY,3,0.0000,0.3905,0.0000,2.6134,0.0457,0.4953,0.0068,0.0775,0.0421
7,SUNDAY,4,0.0000,0.3905,0.0000,2.7559,0.0457,0.5154,0.0069,0.0775,0.0427
7,SUNDAY,5,0.0000,0.3905,0.0000,2.7594,0.0000,0.5279,0.0069,0.0775,0.0428
7,SUNDAY,6,0.0000,0.3905,0.0000,2.7964,0.0000,0.5518,0.0069,0.0775,0.0428
7,SUNDAY,7,0.0000,0.3905,0.0000,2.8338,0.0000,0.5743,0.0069,0.0775,0.0428
7,SUNDAY,8,0.0000,0.3905,0.0000,3.0611,0.0000,0.5758,0.0069,0.0775,0.0428
7,SUNDAY,9,0.0000,0.3905,0.0000,3.1015,0.0000,0.5758,0.0069,0.0775,0.0428
7,SUNDAY,10,0.0000,0.3905,0.0000,3.1050,0.0000,0.5758,0.0069,0.0774,0.0428
7,SUNDAY,11,0.0000,0.3905,0.0000,3.2441,0.0000,0.5758,0.0069,0.0769,0.0428
7,SUNDAY,12,0.0000,0.3905,0.0000,3.2441,0.0000,0.5758,0.0069,0.0762,0.0428
7,SUNDAY,13,0.0000,0.3905,0.0000,3.3932,0.0000,0.5743,0.0069,0.0752,0.0427
7,SUNDAY,14,0.0000,0.3905,0.0000,3.3828,0.0000,0.5649,0.0068,0.0724,0.0421
7,SUNDAY,15,0.0000,0.3905,0.0000,3.1998,0.0000,0.4949,0.0067,0.0627,0.0414
7,SUNDAY,16,0.0000,0.3905,0.0000,3.1728,0.0000,0.2055,0.0060,0.0323,0.0387
7,SUNDAY,17,0.0000,0.3905,0.0000,2.9863,0.0000,0.2478,0.0063,0.0449,0.0279
7,SUNDAY,18,0.0000,0.3905,0.0000,2.9524,0.0457,0.1316,0.0058,0.0253,0.0221
7,SUNDAY,19,0.0000,0.3905,0.0000,2.9254,0.0457,0.1025,0.0057,0.0204,0.0214
7,SUNDAY,20,0.0000,0.3905,0.0000,2.7729,0.0457,0.1025,0.0057,0.0204,0.0214
7,SUNDAY,21,0.0000,0.3905,0.0000,2.7490,0.0457,0.1025,0.0057,0.0204,0.0214
7,SUNDAY,22,0.0000,0.3905,0.0000,2.5999,0.0457,0.1025,0.0057,0.0204,0.0214
7,SUNDAY,23,0.0000,0.3905,0.0000,2.6068,0.0457,0.1117,0.0057,0.0204,0.0219
7,HOLIDAY,0,0.0000,0.0000,0.0000,0.0000,0.0000,0.0000,0.0000,0.0000,0.0000
7,HOLIDAY,1,0.0000,0.0000,0.0000,0.0000,0.0000,0.0000,0.0000,0.0000,0.0000
7,HOLIDAY,2,0.0000,0.0000,0.0000,0.0000,0.0000,0.0000,0.0000,0.0000,0.0000
7,HOLIDAY,3,0.0000,0.0000,0.0000,0.0000,0.0000,0.0000,0.0000,0.0000,0.0000
7,HOLIDAY,4,0.0000,0.0000,0.0000,0.0000,0.0000,0.0000,0.0000,0.0000,0.0000
7,HOLIDAY,5,0.0000,0.0000,0.0000,0.0000,0.0000,0.0000,0.0000,0.0000,0.0000
7,HOLIDAY,6,0.0000,0.0000,0.0000,0.0000,0.0000,0.0000,0.0000,0.0000,0.0000
7,HOLIDAY,7,0.0000,0.0000,0.0000,0.0000,0.0000,0.0000,0.0000,0.0000,0.0000
7,HOLIDAY,8,0.0000,0.0000,0.0000,0.0000,0.0000,0.0000,0.0000,0.0000,0.0000
7,HOLIDAY,9,0.0000,0.0000,0.0000,0.0000,0.0000,0.0000,0.0000,0.0000,0.0000
7,HOLIDAY,10,0.0000,0.0000,0.0000,0.0000,0.0000,0.0000,0.0000,0.0000,0.0000
7,HOLIDAY,11,0.0000,0.0000,0.0000,0.0000,0.0000,0.0000,0.0000,0.0000,0.0000
7,HOLIDAY,12,0.0000,0.0000,0.0000,0.0000,0.0000,0.0000,0.0000,0.0000,0.0000
7,HOLIDAY,13,0.0000,0.0000,0.0000,0.0000,0.0000,0.0000,0.0000,0.0000,0.0000
7,HOLIDAY,14,0.0000,0.0000,0.0000,0.0000,0.0000,0.0000,0.0000,0.0000,0.0000
7,HOLIDAY,15,0.0000,0.0000,0.0000,0.0000,0.0000,0.0000,0.0000,0.0000,0.0000
7,HOLIDAY,16,0.0000,0.0000,0.0000,0.0000,0.0000,0.0000,0.0000,0.0000,0.0000
7,HOLIDAY,17,0.0000,0.0000,0.0000,0.0000,0.0000,0.0000,0.0000,0.0000,0.0000
7,HOLIDAY,18,0.0000,0.0000,0.0000,0.0000,0.0000,0.0000,0.0000,0.0000,0.0000
7,HOLIDAY,19,0.0000,0.0000,0.0000,0.0000,0.0000,0.0000,0.0000,0.0000,0.0000
7,HOLIDAY,20,0.0000,0.0000,0.0000,0.0000,0.0000,0.0000,0.0000,0.0000,0.0000
7,HOLIDAY,21,0.0000,0.0000,0.0000,0.0000,0.0000,0.0000,0.0000,0.0000,0.0000
7,HOLIDAY,22,0.0000,0.0000,0.0000,0.0000,0.0000,0.0000,0.0000,0.0000,0.0000
7,HOLIDAY,23,0.0000,0.0000,0.0000,0.0000,0.0000,0.0000,0.0000,0.0000,0.0000
8,WEEKDAY,0,0.0000,0.3905,0.0000,2.6362,0.0457,0.1025,0.0057,0.0204,0.0214
8,WEEKDAY,1,0.0000,0.3905,0.0000,2.6327,0.0457,0.1025,0.0057,0.0204,0.0214
8,WEEKDAY,2,0.0000,0.3905,0.0000,2.6327,0.0457,0.1500,0.0058,0.0253,0.0230
8,WEEKDAY,3,0.0000,0.3905,0.0000,2.6362,0.0457,0.4015,0.0063,0.0524,0.0322
8,WEEKDAY,4,0.0000,0.3905,0.0004,2.7748,0.0457,0.5461,0.0115,0.0710,0.0395
8,WEEKDAY,5,0.0000,0.3905,0.0023,2.7750,0.0000,0.5959,0.0241,0.0768,0.0419
8,WEEKDAY,6,1.1944,0.6569,0.0036,2.8202,0.0000,0.6669,0.0364,0.0788,0.0427
8,WEEKDAY,7,1.3401,0.6569,0.0041,2.8757,0.0000,0.7961,0.0419,0.0791,0.0428
8,WEEKDAY,8,1.3848,0.6569,0.0044,3.1249,0.0000,0.7961,0.0419,0.0791,0.0428
8,WEEKDAY,9,1.5934,0.6569,0.0044,3.1803,0.0000,0.7961,0.0419,0.0791,0.0428
8,WEEKDAY,10,1.7614,0.6569,0.0044,3.1803,0.0000,0.7961,0.0419,0.0791,0.0428
8,WEEKDAY,11,1.8565,0.6569,0.0044,3.3222,0.0000,0.7961,0.0419,0.0791,0.0428
8,WEEKDAY,12,1.8627,0.6569,0.0044,3.3187,0.0000,0.7961,0.0419,0.0791,0.0428
8,WEEKDAY,13,1.8536,0.6569,0.0044,3.4640,0.0000,0.7961,0.0414,0.0791,0.0428
8,WEEKDAY,14,1.8248,0.6569,0.0044,3.4502,0.0000,0.7961,0.0409,0.0791,0.0428
8,WEEKDAY,15,1.7820,0.6569,0.0032,3.2564,0.0000,0.7960,0.0389,0.0791,0.0428
8,WEEKDAY,16,1.6714,0.6569,0.0031,3.2253,0.0000,0.7951,0.0324,0.0791,0.0428
8,WEEKDAY,17,1.4876,0.6569,0.0018,3.0276,0.0000,0.7294,0.0239,0.0788,0.0428
8,WEEKDAY,18,0.0000,0.3905,0.0008,2.9928,0.0457,0.6047,0.0152,0.0723,0.0401
8,WEEKDAY,19,0.0000,0.3905,0.0004,2.9753,0.0457,0.3329,0.0084,0.0404,0.0266
8,WEEKDAY,20,0.0000,0.3905,0.0002,2.8161,0.0457,0.1933,0.0068,0.0332,0.0243
8,WEEKDAY,21,0.0000,0.3905,0.0000,2.7850,0.0457,0.2905,0.0061,0.0556,0.0318
8,WEEKDAY,22,0.0000,0.3905,0.0000,2.6362,0.0457,0.1834,0.0058,0.0375,0.0254
8,WEEKDAY,23,0.0000,0.3905,0.0000,2.6362,0.0457,0.1096,0.0057,0.0226,0.0218
8,SATURDAY,0,0.0000,0.3905,0.0000,2.6362,0.0457,0.1313,0.0058,0.0249,0.0230
8,SATURDAY,1,0.0000,0.3905,0.0000,2.6327,0.0457,0.2994,0.0062,0.0509,0.0321
8,SATURDAY,2,0.0000,0.3905,0.0000,2.6327,0.0457,0.4526,0.0067,0.0738,0.0403
8,SATURDAY,3,0.0000,0.3905,0.0000,2.6362,0.0457,0.4953,0.0068,0.0775,0.0421
8,SATURDAY,4,0.0000,0.3905,0.0000,2.7746,0.0457,0.5154,0.0069,0.0775,0.0427
8,SATURDAY,5,0.0000,0.3905,0.0000,2.7746,0.0000,0.5279,0.0069,0.0775,0.0428
8,SATURDAY,6,0.0000,0.3905,0.0000,2.8196,0.0000,0.5518,0.0069,0.0775,0.0428
8,SATURDAY,7,0.0000,0.3905,0.0000,2.8749,0.0000,0.5743,0.0069,0.0775,0.0428
8,SATURDAY,8,0.0000,0.3905,0.0000,3.1240,0.0000,0.5758,0.0069,0.0775,0.0428
8,SATURDAY,9,0.0000,0.3905,0.0000,3.1794,0.0000,0.5758,0.0069,0.0775,0.0428
8,SATURDAY,10,0.0000,0.3905,0.0000,3.1794,0.0000,0.5758,0.0069,0.0774,0.0428
8,SATURDAY,11,0.0000,0.3905,0.0000,3.3212,0.0000,0.5758,0.0069,0.0769,0.0428
8,SATURDAY,12,0.0000,0.3905,0.0000,3.3178,0.0000,0.5758,0.0069,0.0762,0.0428
8,SATURDAY,13,0.0000,0.3905,0.0000,3.4631,0.0000,0.5743,0.0069,0.0752,0.0427
8,SATURDAY,14,0.0000,0.3905,0.0000,3.4493,0.0000,0.5649,0.0068,0.0724,0.0421
8,SATURDAY,15,0.0000,0.3905,0.0000,3.2555,0.0000,0.4949,0.0067,0.0627,0.0386
8,SATURDAY,16,0.0000,0.3905,0.0000,3.2244,0.0000,0.2055,0.0060,0.0323,0.0259
8,SATURDAY,17,0.0000,0.3905,0.0000,3.0272,0.0000,0.2478,0.0063,0.0449,0.0299
8,SATURDAY,18,0.0000,0.3905,0.0000,2.9926,0.0457,0.1316,0.0058,0.0253,0.0231
8,SATURDAY,19,0.0000,0.3905,0.0000,2.9753,0.0457,0.1025,0.0057,0.0204,0.0214
8,SATURDAY,20,0.0000,0.3905,0.0000,2.8161,0.0457,0.1025,0.0057,0.0204,0.0214
8,SATURDAY,21,0.0000,0.3905,0.0000,2.7850,0.0457,0.1025,0.0057,0.0204,0.0214
8,SATURDAY,22,0.0000,0.3905,0.0000,2.6362,0.0457,0.1025,0.0057,0.0204,0.0214
8,SATURDAY,23,0.0000,0.3905,0.0000,2.6316,0.0457,0.1025,0.0057,0.0204,0.0214
8,SUNDAY,0,0.0000,0.3905,0.0000,2.6362,0.0457,0.1313,0.0058,0.0249,0.0267
8,SUNDAY,1,0.0000,0.3905,0.0000,2.6327,0.0457,0.2994,0.0062,0.0509,0.0387
8,SUNDAY,2,0.0000,0.3905,0.0000,2.6327,0.0457,0.4526,0.0067,0.0738,0.0415
8,SUNDAY,3,0.0000,0.3905,0.0000,2.6362,0.0457,0.4953,0.0068,0.0775,0.0421
8,SUNDAY,4,0.0000,0.3905,0.0000,2.7746,0.0457,0.5154,0.0069,0.0775,0.0427
8,SUNDAY,5,0.0000,0.3905,0.0000,2.7746,0.0000,0.5279,0.0069,0.0775,0.0428
8,SUNDAY,6,0.0000,0.3905,0.0000,2.8196,0.0000,0.5518,0.0069,0.0775,0.0428
8,SUNDAY,7,0.0000,0.3905,0.0000,2.8749,0.0000,0.5743,0.0069,0.0775,0.0428
8,SUNDAY,8,0.0000,0.3905,0.0000,3.1240,0.0000,0.5758,0.0069,0.0775,0.0428
8,SUNDAY,9,0.0000,0.3905,0.0000,3.1794,0.0000,0.5758,0.0069,0.0775,0.0428
8,SUNDAY,10,0.0000,0.3905,0.0000,3.1794,0.0000,0.5758,0.0069,0.0774,0.0428
8,SUNDAY,11,0.0000,0.3905,0.0000,3.3212,0.0000,0.5758,0.0069,0.0769,0.0428
8,SUNDAY,12,0.0000,0.3905,0.0000,3.3178,0.0000,0.5758,0.0069,0.0762,0.0428
8,SUNDAY,13,0.0000,0.3905,0.0000,3.4631,0.0000,0.5743,0.0069,0.0752,0.0427
8,SUNDAY,14,0.0000,0.3905,0.0000,3.4493,0.0000,0.5649,0.0068,0.0724,0.0421
8,SUNDAY,15,0.0000,0.3905,0.0000,3.2555,0.0000,0.4949,0.0067,0.0627,0.0414
8,SUNDAY,16,0.0000,0.3905,0.0000,3.2244,0.0000,0.2055,0.0060,0.0323,0.0387
8,SUNDAY,17,0.0000,0.3905,0.0000,3.0272,0.0000,0.2478,0.0063,0.0449,0.0279
8,SUNDAY,18,0.0000,0.3905,0.0000,2.9926,0.0457,0.1316,0.0058,0.0253,0.0221
8,SUNDAY,19,0.0000,0.3905,0.0000,2.9753,0.0457,0.1025,0.0057,0.0204,0.0214
8,SUNDAY,20,0.0000,0.3905,0.0000,2.8161,0.0457,0.1025,0.0057,0.0204,0.0214
8,SUNDAY,21,0.0000,0.3905,0.0000,2.7850,0.0457,0.1025,0.0057,0.0204,0.0214
8,SUNDAY,22,0.0000,0.3905,0.0000,2.6362,0.0457,0.1025,0.0057,0.0204,0.0214
8,SUNDAY,23,0.0000,0.3905,0.0000,2.6362,0.0457,0.1117,0.0057,0.0204,0.0219
8,HOLIDAY,0,0.0000,0.0000,0.0000,0.0000,0.0000,0.0000,0.0000,0.0000,0.0000
8,HOLIDAY,1,0.0000,0.0000,0.0000,0.0000,0.0000,0.0000,0.0000,0.0000,0.0000
8,HOLIDAY,2,0.0000,0.0000,0.0000,0.0000,0.0000,0.0000,0.0000,0.0000,0.0000
8,HOLIDAY,3,0.0000,0.0000,0.0000,0.0000,0.0000,0.0000,0.0000,0.0000,0.0000
8,HOLIDAY,4,0.0000,0.0000,0.0000,0.0000,0.0000,0.0000,0.0000,0.0000,0.0000
8,HOLIDAY,5,0.0000,0.0000,0.0000,0.0000,0.0000,0.0000,0.0000,0.0000,0.0000
8,HOLIDAY,6,0.0000,0.0000,0.0000,0.0000,0.0000,0.0000,0.0000,0.0000,0.0000
8,HOLIDAY,7,0.0000,0.0000,0.0000,0.0000,0.0000,0.0000,0.0000,0.0000,0.0000
8,HOLIDAY,8,0.0000,0.0000,0.0000,0.0000,0.0000,0.0000,0.0000,0.0000,0.0000
8,HOLIDAY,9,0.0000,0.0000,0.0000,0.0000,0.0000,0.0000,0.0000,0.0000,0.0000
8,HOLIDAY,10,0.0000,0.0000,0.0000,0.0000,0.0000,0.0000,0.0000,0.0000,0.0000
8,HOLIDAY,11,0.0000,0.0000,0.0000,0.0000,0.0000,0.0000,0.0000,0.0000,0.0000
8,HOLIDAY,12,0.0000,0.0000,0.0000,0.0000,0.0000,0.0000,0.0000,0.0000,0.0000
8,HOLIDAY,13,0.0000,0.0000,0.0000,0.0000,0.0000,0.0000,0.0000,0.0000,0.0000
8,HOLIDAY,14,0.0000,0.0000,0.0000,0.0000,0.0000,0.0000,0.0000,0.0000,0.0000
8,HOLIDAY,15,0.0000,0.0000,0.0000,0.0000,0.0000,0.0000,0.0000,0.0000,0.0000
8,HOLIDAY,16,0.0000,0.0000,0.0000,0.0000,0.0000,0.0000,0.0000,0.0000,0.0000
8,HOLIDAY,17,0.0000,0.0000,0.0000,0.0000,0.0000,0.0000,0.0000,0.0000,0.0000
8,HOLIDAY,18,0.0000,0.0000,0.0000,0.0000,0.0000,0.0000,0.0000,0.0000,0.0000
8,HOLIDAY,19,0.0000,0.0000,0.0000,0.0000,0.0000,0.0000,0.0000,0.0000,0.0000
8,HOLIDAY,20,0.0000,0.0000,0.0000,0.0000,0.0000,0.0000,0.0000,0.0000,0.0000
8,HOLIDAY,21,0.0000,0.0000,0.0000,0.0000,0.0000,0.0000,0.0000,0.0000,0.0000
8,HOLIDAY,22,0.0000,0.0000,0.0000,0.0000,0.0000,0.0000,0.0000,0.0000,0.0000
8,HOLIDAY,23,0.0000,0.0000,0.0000,0.0000,0.0000,0.0000,0.0000,0.0000,0.0000
9,WEEKDAY,0,0.0000,0.3905,0.0000,2.6134,0.0457,0.1025,0.0057,0.0204,0.0214
9,WEEKDAY,1,0.0000,0.3905,0.0000,2.6099,0.0457,0.1025,0.0057,0.0204,0.0214
9,WEEKDAY,2,0.0000,0.3905,0.0000,2.6064,0.0457,0.1500,0.0058,0.0253,0.0230
9,WEEKDAY,3,0.0000,0.3905,0.0000,2.6099,0.0457,0.4015,0.0063,0.0524,0.0322
9,WEEKDAY,4,0.0000,0.3905,0.0004,2.7464,0.0457,0.5461,0.0115,0.0710,0.0395
9,WEEKDAY,5,0.0000,0.3905,0.0023,2.7432,0.0000,0.5959,0.0241,0.0768,0.0419
9,WEEKDAY,6,1.1635,0.6569,0.0036,2.7915,0.0000,0.6669,0.0364,0.0788,0.0427
9,WEEKDAY,7,1.2480,0.6569,0.0041,2.8359,0.0000,0.7961,0.0419,0.0791,0.0428
9,WEEKDAY,8,1.2982,0.6569,0.0044,3.0748,0.0000,0.7961,0.0419,0.0791,0.0428
9,WEEKDAY,9,1.4613,0.6569,0.0044,3.1295,0.0000,0.7961,0.0419,0.0791,0.0428
9,WEEKDAY,10,1.6186,0.6569,0.0044,3.1430,0.0000,0.7961,0.0419,0.0791,0.0428
9,WEEKDAY,11,1.7015,0.6569,0.0044,3.2831,0.0000,0.7961,0.0419,0.0791,0.0428
9,WEEKDAY,12,1.7277,0.6569,0.0044,3.2762,0.0000,0.7961,0.0419,0.0791,0.0428
9,WEEKDAY,13,1.7021,0.6569,0.0044,3.4159,0.0000,0.7961,0.0414,0.0791,0.0428
9,WEEKDAY,14,1.6799,0.6569,0.0044,3.4024,0.0000,0.7961,0.0409,0.0791,0.0428
9,WEEKDAY,15,1.6120,0.6569,0.0032,3.2111,0.0000,0.7960,0.0389,0.0791,0.0428
9,WEEKDAY,16,1.5104,0.6569,0.0031,3.1668,0.0000,0.7951,0.0324,0.0791,0.0428
9,WEEKDAY,17,1.3495,0.6569,0.0018,2.9650,0.0000,0.7294,0.0239,0.0788,0.0428
9,WEEKDAY,18,0.0000,0.3905,0.0008,2.9582,0.0457,0.6047,0.0152,0.0723,0.0401
9,WEEKDAY,19,0.0000,0.3905,0.0004,2.9477,0.0457,0.3329,0.0084,0.0404,0.0266
9,WEEKDAY,20,0.0000,0.3905,0.0002,2.7940,0.0457,0.1933,0.0068,0.0332,0.0243
9,WEEKDAY,21,0.0000,0.3905,0.0000,2.7635,0.0457,0.2905,0.0061,0.0556,0.0318
9,WEEKDAY,22,0.0000,0.3905,0.0000,2.6099,0.0457,0.1834,0.0058,0.0375,0.0254
9,WEEKDAY,23,0.0000,0.3905,0.0000,2.6074,0.0457,0.1100,0.0057,0.0226,0.0218
9,SATURDAY,0,0.0000,0.3905,0.0000,2.6134,0.0457,0.1313,0.0058,0.0249,0.0230
9,SATURDAY,1,0.0000,0.3905,0.0000,2.6099,0.0457,0.2994,0.0062,0.0509,0.0321
9,SATURDAY,2,0.0000,0.3905,0.0000,2.6064,0.0457,0.4526,0.0067,0.0738,0.0403
9,SATURDAY,3,0.0000,0.3905,0.0000,2.6099,0.0457,0.4953,0.0068,0.0775,0.0421
9,SATURDAY,4,0.0000,0.3905,0.0000,2.7462,0.0457,0.5154,0.0069,0.0775,0.0427
9,SATURDAY,5,0.0000,0.3905,0.0000,2.7428,0.0000,0.5279,0.0069,0.0775,0.0428
9,SATURDAY,6,0.0000,0.3905,0.0000,2.7908,0.0000,0.5518,0.0069,0.0775,0.0428
9,SATURDAY,7,0.0000,0.3905,0.0000,2.8351,0.0000,0.5743,0.0069,0.0775,0.0428
9,SATURDAY,8,0.0000,0.3905,0.0000,3.0739,0.0000,0.5758,0.0069,0.0775,0.0428
9,SATURDAY,9,0.0000,0.3905,0.0000,3.1285,0.0000,0.5758,0.0069,0.0775,0.0428
9,SATURDAY,10,0.0000,0.3905,0.0000,3.1420,0.0000,0.5758,0.0069,0.0774,0.0428
9,SATURDAY,11,0.0000,0.3905,0.0000,3.2821,0.0000,0.5758,0.0069,0.0769,0.0428
9,SATURDAY,12,0.0000,0.3905,0.0000,3.2752,0.0000,0.5758,0.0069,0.0762,0.0428
9,SATURDAY,13,0.0000,0.3905,0.0000,3.4150,0.0000,0.5743,0.0069,0.0752,0.0427
9,SATURDAY,14,0.0000,0.3905,0.0000,3.4015,0.0000,0.5649,0.0068,0.0724,0.0421
9,SATURDAY,15,0.0000,0.3905,0.0000,3.2102,0.0000,0.4949,0.0067,0.0627,0.0386
9,SATURDAY,16,0.0000,0.3905,0.0000,3.1659,0.0000,0.2055,0.0060,0.0323,0.0259
9,SATURDAY,17,0.0000,0.3905,0.0000,2.9645,0.0000,0.2478,0.0063,0.0449,0.0299
9,SATURDAY,18,0.0000,0.3905,0.0000,2.9580,0.0457,0.1316,0.0058,0.0253,0.0231
9,SATURDAY,19,0.0000,0.3905,0.0000,2.9476,0.0457,0.1025,0.0057,0.0204,0.0214
9,SATURDAY,20,0.0000,0.3905,0.0000,2.7940,0.0457,0.1025,0.0057,0.0204,0.0214
9,SATURDAY,21,0.0000,0.3905,0.0000,2.7635,0.0457,0.1025,0.0057,0.0204,0.0214
9,SATURDAY,22,0.0000,0.3905,0.0000,2.6099,0.0457,0.1025,0.0057,0.0204,0.0214
9,SATURDAY,23,0.0000,0.3905,0.0000,2.6134,0.0457,0.1025,0.0057,0.0204,0.0214
9,SUNDAY,0,0.0000,0.3905,0.0000,2.6134,0.0457,0.1313,0.0058,0.0249,0.0267
9,SUNDAY,1,0.0000,0.3905,0.0000,2.6099,0.0457,0.2994,0.0062,0.0509,0.0387
9,SUNDAY,2,0.0000,0.3905,0.0000,2.6064,0.0457,0.4526,0.0067,0.0738,0.0415
9,SUNDAY,3,0.0000,0.3905,0.0000,2.6099,0.0457,0.4953,0.0068,0.0775,0.0421
9,SUNDAY,4,0.0000,0.3905,0.0000,2.7462,0.0457,0.5154,0.0069,0.0775,0.0427
9,SUNDAY,5,0.0000,0.3905,0.0000,2.7428,0.0000,0.5279,0.0069,0.0775,0.0428
9,SUNDAY,6,0.0000,0.3905,0.0000,2.7908,0.0000,0.5518,0.0069,0.0775,0.0428
9,SUNDAY,7,0.0000,0.3905,0.0000,2.8351,0.0000,0.5743,0.0069,0.0775,0.0428
9,SUNDAY,8,0.0000,0.3905,0.0000,3.0739,0.0000,0.5758,0.0069,0.0775,0.0428
9,SUNDAY,9,0.0000,0.3905,0.0000,3.1285,0.0000,0.5758,0.0069,0.0775,0.0428
9,SUNDAY,10,0.0000,0.3905,0.0000,3.1420,0.0000,0.5758,0.0069,0.0774,0.0428
9,SUNDAY,11,0.0000,0.3905,0.0000,3.2821,0.0000,0.5758,0.0069,0.0769,0.0428
9,SUNDAY,12,0.0000,0.3905,0.0000,3.2752,0.0000,0.5758,0.0069,0.0762,0.0428
9,SUNDAY,13,0.0000,0.3905,0.0000,3.4150,0.0000,0.5743,0.0069,0.0752,0.0427
9,SUNDAY,14,0.0000,0.3905,0.0000,3.4015,0.0000,0.5649,0.0068,0.0724,0.0421
9,SUNDAY,15,0.0000,0.3905,0.0000,3.2102,0.0000,0.4949,0.0067,0.0627,0.0414
9,SUNDAY,16,0.0000,0.3905,0.0000,3.1659,0.0000,0.2055,0.0060,0.0323,0.0387
9,SUNDAY,17,0.0000,0.3905,0.0000,2.9645,0.0000,0.2478,0.0063,0.0449,0.0279
9,SUNDAY,18,0.0000,0.3905,0.0000,2.9580,0.0457,0.1316,0.0058,0.0253,0.0221
9,SUNDAY,19,0.0000,0.3905,0.0000,2.9476,0.0457,0.1025,0.0057,0.0204,0.0214
9,SUNDAY,20,0.0000,0.3905,0.0000,2.7940,0.0457,0.1025,0.0057,0.0204,0.0214
9,SUNDAY,21,0.0000,0.3905,0.0000,2.7635,0.0457,0.1025,0.0057,0.0204,0.0214
9,SUNDAY,22,0.0000,0.3905,0.0000,2.6099,0.0457,0.1025,0.0057,0.0204,0.0214
9,SUNDAY,23,0.0000,0.3905,0.0000,2.6134,0.0457,0.1117,0.0057,0.0204,0.0219
9,HOLIDAY,0,0.0000,0.0000,0.0000,0.0000,0.0000,0.0000,0.0000,0.0000,0.0000
9,HOLIDAY,1,0.0000,0.0000,0.0000,0.0000,0.0000,0.0000,0.0000,0.0000,0.0000
9,HOLIDAY,2,0.0000,0.0000,0.0000,0.0000,0.0000,0.0000,0.0000,0.0000,0.0000
9,HOLIDAY,3,0.0000,0.0000,0.0000,0.0000,0.0000,0.0000,0.0000,0.0000,0.0000
9,HOLIDAY,4,0.0000,0.0000,0.0000,0.0000,0.0000,0.0000,0.0000,0.0000,0.0000
9,HOLIDAY,5,0.0000,0.0000,0.0000,0.0000,0.0000,0.0000,0.0000,0.0000,0.0000
9,HOLIDAY,6,0.0000,0.0000,0.0000,0.0000,0.0000,0.0000,0.0000,0.0000,0.0000
9,HOLIDAY,7,0.0000,0.0000,0.0000,0.0000,0.0000,0.0000,0.0000,0.0000,0.0000
9,HOLIDAY,8,0.0000,0.0000,0.0000,0.0000,0.0000,0.0000,0.0000,0.0000,0.0000
9,HOLIDAY,9,0.0000,0.0000,0.0000,0.0000,0.0000,0.0000,0.0000,0.0000,0.0000
9,HOLIDAY,10,0.0000,0.0000,0.0000,0.0000,0.0000,0.0000,0.0000,0.0000,0.0000
9,HOLIDAY,11,0.0000,0.0000,0.0000,0.0000,0.0000,0.0000,0.0000,0.0000,0.0000
9,HOLIDAY,12,0.0000,0.0000,0.0000,0.0000,0.0000,0.0000,0.0000,0.0000,0.0000
9,HOLIDAY,13,0.0000,0.0000,0.0000,0.0000,0.0000,0.0000,0.0000,0.0000,0.0000
9,HOLIDAY,14,0.0000,0.0000,0.0000,0.0000,0.0000,0.0000,0.0000,0.0000,0.0000
9,HOLIDAY,15,0.0000,0.0000,0.0000,0.0000,0.0000,0.0000,0.0000,0.0000,0.0000
9,HOLIDAY,16,0.0000,0.0000,0.0000,0.0000,0.0000,0.0000,0.0000,0.0000,0.0000
9,HOLIDAY,17,0.0000,0.0000,0.0000,0.0000,0.0000,0.0000,0.0000,0.0000,0.0000
9,HOLIDAY,18,0.0000,0.0000,0.0000,0.0000,0.0000,0.0000,0.0000,0.0000,0.0000
9,HOLIDAY,19,0.0000,0.0000,0.0000,0.0000,0.0000,0.0000,0.0000,0.0000,0.0000
9,HOLIDAY,20,0.0000,0.0000,0.0000,0.0000,0.0000,0.0000,0.0000,0.0000,0.0000
9,HOLIDAY,21,0.0000,0.0000,0.0000,0.0000,0.0000,0.0000,0.0000,0.0000,0.0000
9,HOLIDAY,22,0.0000,0.0000,0.0000,0.0000,0.0000,0.0000,0.0000,0.0000,0.0000
9,HOLIDAY,23,0.0000,0.0000,0.0000,0.0000,0.0000,0.0000,0.0000,0.0000,0.0000
10,WEEKDAY,0,0.0000,0.3905,0.0000,2.4906,0.0457,0.1041,0.0057,0.0208,0.0215
10,WEEKDAY,1,0.0000,0.3905,0.0000,2.4912,0.0457,0.1025,0.0057,0.0204,0.0214
10,WEEKDAY,2,0.0000,0.3905,0.0000,2.4938,0.0457,0.1417,0.0058,0.0245,0.0227
10,WEEKDAY,3,0.0000,0.3905,0.0000,2.4972,0.0457,0.3577,0.0062,0.0477,0.0306
10,WEEKDAY,4,0.0000,0.3905,0.0003,2.6197,0.0457,0.5210,0.0106,0.0677,0.0382
10,WEEKDAY,5,0.0000,0.3905,0.0020,2.6347,0.0079,0.5872,0.0219,0.0758,0.0415
10,WEEKDAY,6,0.8214,0.6106,0.0034,2.6761,0.0000,0.6545,0.0343,0.0784,0.0426
10,WEEKDAY,7,1.1105,0.6569,0.0040,2.7340,0.0000,0.7736,0.0409,0.0791,0.0428
10,WEEKDAY,8,1.1268,0.6569,0.0043,2.9070,0.0000,0.7961,0.0419,0.0791,0.0428
10,WEEKDAY,9,1.1601,0.6569,0.0044,2.9764,0.0000,0.7961,0.0419,0.0791,0.0428
10,WEEKDAY,10,1.2064,0.6569,0.0044,3.0055,0.0000,0.7961,0.0419,0.0791,0.0428
10,WEEKDAY,11,1.2582,0.6569,0.0044,3.1319,0.0000,0.7961,0.0419,0.0791,0.0428
10,WEEKDAY,12,1.2864,0.6569,0.0044,3.1466,0.0000,0.7961,0.0419,0.0791,0.0428
10,WEEKDAY,13,1.2864,0.6569,0.0044,3.2581,0.0000,0.7961,0.0415,0.0791,0.0428
10,WEEKDAY,14,1.2762,0.6569,0.0044,3.2657,0.0000,0.7961,0.0410,0.0791,0.0428
10,WEEKDAY,15,1.2413,0.6569,0.0034,3.1026,0.0000,0.7960,0.0392,0.0791,0.0428
10,WEEKDAY,16,1.1955,0.6569,0.0032,3.0258,0.0000,0.7952,0.0335,0.0791,0.0428
10,WEEKDAY,17,1.1572,0.6569,0.0020,2.8620,0.0000,0.7408,0.0253,0.0789,0.0428
10,WEEKDAY,18,0.1988,0.4369,0.0010,2.8183,0.0377,0.6264,0.0167,0.0734,0.0406
10,WEEKDAY,19,0.0000,0.3905,0.0005,2.8076,0.0457,0.3802,0.0096,0.0460,0.0289
10,WEEKDAY,20,0.0000,0.3905,0.0002,2.6786,0.0457,0.2176,0.0071,0.0345,0.0247
10,WEEKDAY,21,0.0000,0.3905,0.0000,2.6355,0.0457,0.2736,0.0062,0.0517,0.0305
10,WEEKDAY,22,0.0000,0.3905,0.0000,2.5074,0.0457,0.2021,0.0059,0.0406,0.0265
10,WEEKDAY,23,0.0000,0.3905,0.0000,2.4866,0.0457,0.1226,0.0057,0.0252,0.0224
10,SATURDAY,0,0.0000,0.3905,0.0000,2.4912,0.0457,0.1313,0.0058,0.0249,0.0230
10,SATURDAY,1,0.0000,0.3905,0.0000,2.4912,0.0457,0.2994,0.0062,0.0509,0.0321
10,SATURDAY,2,0.0000,0.3905,0.0000,2.4943,0.0457,0.4526,0.0067,0.0738,0.0403
10,SATURDAY,3,0.0000,0.3905,0.0000,2.4978,0.0457,0.4953,0.0068,0.0775,0.0421
10,SATURDAY,4,0.0000,0.3905,0.0000,2.6452,0.0457,0.5154,0.0069,0.0775,0.0427
10,SATURDAY,5,0.0000,0.3905,0.0000,2.6320,0.0000,0.5279,0.0069,0.0775,0.0428
10,SATURDAY,6,0.0000,0.3905,0.0000,2.6846,0.0000,0.5518,0.0069,0.0775,0.0428
10,SATURDAY,7,0.0000,0.3905,0.0000,2.7434,0.0000,0.5743,0.0069,0.0775,0.0428
10,SATURDAY,8,0.0000,0.3905,0.0000,2.9403,0.0000,0.5758,0.0069,0.0775,0.0428
10,SATURDAY,9,0.0000,0.3905,0.0000,2.9829,0.0000,0.5758,0.0069,0.0775,0.0428
10,SATURDAY,10,0.0000,0.3905,0.0000,3.0092,0.0000,0.5758,0.0069,0.0774,0.0428
10,SATURDAY,11,0.0000,0.3905,0.0000,3.1566,0.0000,0.5758,0.0069,0.0769,0.0428
10,SATURDAY,12,0.0000,0.3905,0.0000,3.1434,0.0000,0.5758,0.0069,0.0762,0.0428
10,SATURDAY,13,0.0000,0.3905,0.0000,3.2811,0.0000,0.5743,0.0069,0.0752,0.0427
10,SATURDAY,14,0.0000,0.3905,0.0000,3.2614,0.0000,0.5649,0.0068,0.0724,0.0421
10,SATURDAY,15,0.0000,0.3905,0.0000,3.0680,0.0000,0.4949,0.0067,0.0627,0.0386
10,SATURDAY,16,0.0000,0.3905,0.0000,3.0157,0.0000,0.2055,0.0060,0.0323,0.0259
10,SATURDAY,17,0.0000,0.3905,0.0000,2.8289,0.0000,0.2478,0.0063,0.0449,0.0299
10,SATURDAY,18,0.0000,0.3905,0.0000,2.8158,0.0457,0.1316,0.0058,0.0253,0.0231
10,SATURDAY,19,0.0000,0.3905,0.0000,2.8057,0.0457,0.1025,0.0057,0.0204,0.0214
10,SATURDAY,20,0.0000,0.3905,0.0000,2.6518,0.0457,0.1025,0.0057,0.0204,0.0214
10,SATURDAY,21,0.0000,0.3905,0.0000,2.6320,0.0457,0.1025,0.0057,0.0204,0.0214
10,SATURDAY,22,0.0000,0.3905,0.0000,2.4812,0.0457,0.1025,0.0057,0.0204,0.0214
10,SATURDAY,23,0.0000,0.3905,0.0000,2.4878,0.0457,0.1025,0.0057,0.0204,0.0214
10,SUNDAY,0,0.0000,0.3905,0.0000,2.4904,0.0457,0.1241,0.0058,0.0238,0.0255
10,SUNDAY,1,0.0000,0.3905,0.0000,2.4912,0.0457,0.2574,0.0061,0.0444,0.0357
10,SUNDAY,2,0.0000,0.3905,0.0000,2.4936,0.0457,0.4143,0.0065,0.0681,0.0408
10,SUNDAY,3,0.0000,0.3905,0.0000,2.4969,0.0457,0.4847,0.0068,0.0766,0.0420
10,SUNDAY,4,0.0000,0.3905,0.0000,2.6083,0.0457,0.5104,0.0068,0.0775,0.0426
10,SUNDAY,5,0.0000,0.3905,0.0000,2.6353,0.0114,0.5248,0.0069,0.0775,0.0428
10,SUNDAY,6,0.0000,0.3905,0.0000,2.6715,0.0000,0.5458,0.0069,0.0775,0.0428
10,SUNDAY,7,0.0000,0.3905,0.0000,2.7287,0.0000,0.5686,0.0069,0.0775,0.0428
10,SUNDAY,8,0.0000,0.3905,0.0000,2.8911,0.0000,0.5754,0.0069,0.0775,0.0428
10,SUNDAY,9,0.0000,0.3905,0.0000,2.9722,0.0000,0.5758,0.0069,0.0775,0.0428
10,SUNDAY,10,0.0000,0.3905,0.0000,3.0026,0.0000,0.5758,0.0069,0.0774,0.0428
10,SUNDAY,11,0.0000,0.3905,0.0000,3.1197,0.0000,0.5758,0.0069,0.0770,0.0428
10,SUNDAY,12,0.0000,0.3905,0.0000,3.1467,0.0000,0.5758,0.0069,0.0764,0.0428
10,SUNDAY,13,0.0000,0.3905,0.0000,3.2467,0.0000,0.5746,0.0069,0.0755,0.0427
10,SUNDAY,14,0.0000,0.3905,0.0000,3.2663,0.0000,0.5673,0.0068,0.0731,0.0422
10,SUNDAY,15,0.0000,0.3905,0.0000,3.1163,0.0000,0.5124,0.0067,0.0652,0.0415
10,SUNDAY,16,0.0000,0.3905,0.0000,3.0288,0.0000,0.2778,0.0061,0.0399,0.0394
10,SUNDAY,17,0.0000,0.3905,0.0000,2.8756,0.0000,0.2372,0.0062,0.0417,0.0306
10,SUNDAY,18,0.0000,0.3905,0.0000,2.8190,0.0343,0.1606,0.0059,0.0302,0.0236
10,SUNDAY,19,0.0000,0.3905,0.0000,2.8082,0.0457,0.1098,0.0057,0.0217,0.0216
10,SUNDAY,20,0.0000,0.3905,0.0000,2.6903,0.0457,0.1025,0.0057,0.0204,0.0214
10,SUNDAY,21,0.0000,0.3905,0.0000,2.6370,0.0457,0.1025,0.0057,0.0204,0.0214
10,SUNDAY,22,0.0000,0.3905,0.0000,2.5189,0.0457,0.1025,0.0057,0.0204,0.0214
10,SUNDAY,23,0.0000,0.3905,0.0000,2.4861,0.0457,0.1094,0.0057,0.0204,0.0218
10,HOLIDAY,0,0.0000,0.0000,0.0000,0.0000,0.0000,0.0000,0.0000,0.0000,0.0000
10,HOLIDAY,1,0.0000,0.0000,0.0000,0.0000,0.0000,0.0000,0.0000,0.0000,0.0000
10,HOLIDAY,2,0.0000,0.0000,0.0000,0.0000,0.0000,0.0000,0.0000,0.0000,0.0000
10,HOLIDAY,3,0.0000,0.0000,0.0000,0.0000,0.0000,0.0000,0.0000,0.0000,0.0000
10,HOLIDAY,4,0.0000,0.0000,0.0000,0.0000,0.0000,0.0000,0.0000,0.0000,0.0000
10,HOLIDAY,5,0.0000,0.0000,0.0000,0.0000,0.0000,0.0000,0.0000,0.0000,0.0000
10,HOLIDAY,6,0.0000,0.0000,0.0000,0.0000,0.0000,0.0000,0.0000,0.0000,0.0000
10,HOLIDAY,7,0.0000,0.0000,0.0000,0.0000,0.0000,0.0000,0.0000,0.0000,0.0000
10,HOLIDAY,8,0.0000,0.0000,0.0000,0.0000,0.0000,0.0000,0.0000,0.0000,0.0000
10,HOLIDAY,9,0.0000,0.0000,0.0000,0.0000,0.0000,0.0000,0.0000,0.0000,0.0000
10,HOLIDAY,10,0.0000,0.0000,0.0000,0.0000,0.0000,0.0000,0.0000,0.0000,0.0000
10,HOLIDAY,11,0.0000,0.0000,0.0000,0.0000,0.0000,0.0000,0.0000,0.0000,0.0000
10,HOLIDAY,12,0.0000,0.0000,0.0000,0.0000,0.0000,0.0000,0.0000,0.0000,0.0000
10,HOLIDAY,13,0.0000,0.0000,0.0000,0.0000,0.0000,0.0000,0.0000,0.0000,0.0000
10,HOLIDAY,14,0.0000,0.0000,0.0000,0.0000,0.0000,0.0000,0.0000,0.0000,0.0000
10,HOLIDAY,15,0.0000,0.0000,0.0000,0.0000,0.0000,0.0000,0.0000,0.0000,0.0000
10,HOLIDAY,16,0.0000,0.0000,0.0000,0.0000,0.0000,0.0000,0.0000,0.0000,0.0000
10,HOLIDAY,17,0.0000,0.0000,0.0000,0.0000,0.0000,0.0000,0.0000,0.0000,0.0000
10,HOLIDAY,18,0.0000,0.0000,0.0000,0.0000,0.0000,0.0000,0.0000,0.0000,0.0000
10,HOLIDAY,19,0.0000,0.0000,0.0000,0.0000,0.0000,0.0000,0.0000,0.0000,0.0000
10,HOLIDAY,20,0.0000,0.0000,0.0000,0.0000,0.0000,0.0000,0.0000,0.0000,0.0000
10,HOLIDAY,21,0.0000,0.0000,0.0000,0.0000,0.0000,0.0000,0.0000,0.0000,0.0000
10,HOLIDAY,22,0.0000,0.0000,0.0000,0.0000,0.0000,0.0000,0.0000,0.0000,0.0000
10,HOLIDAY,23,0.0000,0.0000,0.0000,0.0000,0.0000,0.0000,0.0000,0.0000,0.0000
11,WEEKDAY,0,0.0000,0.3905,0.0000,2.3317,0.0457,0.1117,0.0057,0.0226,0.0218
11,WEEKDAY,1,0.0000,0.3905,0.0000,2.3348,0.0457,0.1025,0.0057,0.0204,0.0214
11,WEEKDAY,2,0.0000,0.3905,0.0000,2.3411,0.0457,0.1025,0.0057,0.0204,0.0214
11,WEEKDAY,3,0.0000,0.3905,0.0000,2.3442,0.0457,0.1500,0.0058,0.0253,0.0230
11,WEEKDAY,4,0.0000,0.3905,0.0000,2.3476,0.0457,0.4015,0.0063,0.0524,0.0322
11,WEEKDAY,5,0.0000,0.3905,0.0004,2.4924,0.0457,0.5461,0.0115,0.0710,0.0395
11,WEEKDAY,6,0.0000,0.3905,0.0023,2.4675,0.0000,0.5959,0.0241,0.0768,0.0419
11,WEEKDAY,7,0.0553,0.5370,0.0036,2.4770,0.0000,0.6669,0.0364,0.0788,0.0427
11,WEEKDAY,8,1.0789,0.6569,0.0041,2.5685,0.0000,0.7961,0.0419,0.0791,0.0428
11,WEEKDAY,9,1.1129,0.6569,0.0044,2.7921,0.0000,0.7961,0.0419,0.0791,0.0428
11,WEEKDAY,10,1.1283,0.6569,0.0044,2.8392,0.0000,0.7961,0.0419,0.0791,0.0428
11,WEEKDAY,11,1.1526,0.6569,0.0044,2.8835,0.0000,0.7961,0.0419,0.0791,0.0428
11,WEEKDAY,12,1.1641,0.6569,0.0044,3.0312,0.0000,0.7961,0.0419,0.0791,0.0428
11,WEEKDAY,13,1.1619,0.6569,0.0044,3.0250,0.0000,0.7961,0.0419,0.0791,0.0428
11,WEEKDAY,14,1.1471,0.6569,0.0044,3.1509,0.0000,0.7961,0.0414,0.0791,0.0428
11,WEEKDAY,15,1.1299,0.6569,0.0044,3.1257,0.0000,0.7961,0.0409,0.0791,0.0428
11,WEEKDAY,16,1.1189,0.6569,0.0032,2.9336,0.0000,0.7960,0.0389,0.0791,0.0428
11,WEEKDAY,17,1.1100,0.6569,0.0031,2.8613,0.0000,0.7951,0.0324,0.0791,0.0428
11,WEEKDAY,18,1.1079,0.6569,0.0018,2.6910,0.0000,0.7294,0.0239,0.0788,0.0428
11,WEEKDAY,19,0.0000,0.3905,0.0008,2.6562,0.0457,0.6047,0.0152,0.0723,0.0401
11,WEEKDAY,20,0.0000,0.3905,0.0004,2.6370,0.0457,0.3329,0.0084,0.0404,0.0266
11,WEEKDAY,21,0.0000,0.3905,0.0002,2.4892,0.0457,0.1933,0.0068,0.0332,0.0243
11,WEEKDAY,22,0.0000,0.3905,0.0000,2.4764,0.0457,0.2905,0.0061,0.0556,0.0318
11,WEEKDAY,23,0.0000,0.3905,0.0000,2.3224,0.0457,0.1834,0.0058,0.0375,0.0254
11,SATURDAY,0,0.0000,0.3905,0.0000,2.3317,0.0457,0.1025,0.0057,0.0204,0.0214
11,SATURDAY,1,0.0000,0.3905,0.0000,2.3348,0.0457,0.1313,0.0058,0.0249,0.0230
11,SATURDAY,2,0.0000,0.3905,0.0000,2.3411,0.0457,0.2994,0.0062,0.0509,0.0321
11,SATURDAY,3,0.0000,0.3905,0.0000,2.3442,0.0457,0.4526,0.0067,0.0738,0.0403
11,SATURDAY,4,0.0000,0.3905,0.0000,2.3476,0.0457,0.4953,0.0068,0.0775,0.0421
11,SATURDAY,5,0.0000,0.3905,0.0000,2.4923,0.0457,0.5154,0.0069,0.0775,0.0427
11,SATURDAY,6,0.0000,0.3905,0.0000,2.4670,0.0000,0.5279,0.0069,0.0775,0.0428
11,SATURDAY,7,0.0000,0.3905,0.0000,2.4764,0.0000,0.5518,0.0069,0.0775,0.0428
11,SATURDAY,8,0.0000,0.3905,0.0000,2.5677,0.0000,0.5743,0.0069,0.0775,0.0428
11,SATURDAY,9,0.0000,0.3905,0.0000,2.7912,0.0000,0.5758,0.0069,0.0775,0.0428
11,SATURDAY,10,0.0000,0.3905,0.0000,2.8382,0.0000,0.5758,0.0069,0.0775,0.0428
11,SATURDAY,11,0.0000,0.3905,0.0000,2.8825,0.0000,0.5758,0.0069,0.0774,0.0428
11,SATURDAY,12,0.0000,0.3905,0.0000,3.0303,0.0000,0.5758,0.0069,0.0769,0.0428
11,SATURDAY,13,0.0000,0.3905,0.0000,3.0240,0.0000,0.5758,0.0069,0.0762,0.0428
11,SATURDAY,14,0.0000,0.3905,0.0000,3.1500,0.0000,0.5743,0.0069,0.0752,0.0427
11,SATURDAY,15,0.0000,0.3905,0.0000,3.1247,0.0000,0.5649,0.0068,0.0724,0.0421
11,SATURDAY,16,0.0000,0.3905,0.0000,2.9327,0.0000,0.4949,0.0067,0.0627,0.0386
11,SATURDAY,17,0.0000,0.3905,0.0000,2.8604,0.0000,0.2055,0.0060,0.0323,0.0259
11,SATURDAY,18,0.0000,0.3905,0.0000,2.6905,0.0000,0.2478,0.0063,0.0449,0.0299
11,SATURDAY,19,0.0000,0.3905,0.0000,2.6559,0.0457,0.1316,0.0058,0.0253,0.0231
11,SATURDAY,20,0.0000,0.3905,0.0000,2.6369,0.0457,0.1025,0.0057,0.0204,0.0214
11,SATURDAY,21,0.0000,0.3905,0.0000,2.4892,0.0457,0.1025,0.0057,0.0204,0.0214
11,SATURDAY,22,0.0000,0.3905,0.0000,2.4764,0.0457,0.1025,0.0057,0.0204,0.0214
11,SATURDAY,23,0.0000,0.3905,0.0000,2.3224,0.0457,0.1025,0.0057,0.0204,0.0214
11,SUNDAY,0,0.0000,0.3905,0.0000,2.3317,0.0457,0.1025,0.0057,0.0204,0.0219
11,SUNDAY,1,0.0000,0.3905,0.0000,2.3348,0.0457,0.1313,0.0058,0.0249,0.0267
11,SUNDAY,2,0.0000,0.3905,0.0000,2.3411,0.0457,0.2994,0.0062,0.0509,0.0387
11,SUNDAY,3,0.0000,0.3905,0.0000,2.3442,0.0457,0.4526,0.0067,0.0738,0.0415
11,SUNDAY,4,0.0000,0.3905,0.0000,2.3476,0.0457,0.4953,0.0068,0.0775,0.0421
11,SUNDAY,5,0.0000,0.3905,0.0000,2.4923,0.0457,0.5154,0.0069,0.0775,0.0427
11,SUNDAY,6,0.0000,0.3905,0.0000,2.4670,0.0000,0.5279,0.0069,0.0775,0.0428
11,SUNDAY,7,0.0000,0.3905,0.0000,2.4764,0.0000,0.5518,0.0069,0.0775,0.0428
11,SUNDAY,8,0.0000,0.3905,0.0000,2.5677,0.0000,0.5743,0.0069,0.0775,0.0428
11,SUNDAY,9,0.0000,0.3905,0.0000,2.7912,0.0000,0.5758,0.0069,0.0775,0.0428
11,SUNDAY,10,0.0000,0.3905,0.0000,2.8382,0.0000,0.5758,0.0069,0.0775,0.0428
11,SUNDAY,11,0.0000,0.3905,0.0000,2.8825,0.0000,0.5758,0.0069,0.0774,0.0428
11,SUNDAY,12,0.0000,0.3905,0.0000,3.0303,0.0000,0.5758,0.0069,0.0769,0.0428
11,SUNDAY,13,0.0000,0.3905,0.0000,3.0240,0.0000,0.5758,0.0069,0.0762,0.0428
11,SUNDAY,14,0.0000,0.3905,0.0000,3.1500,0.0000,0.5743,0.0069,0.0752,0.0427
11,SUNDAY,15,0.0000,0.3905,0.0000,3.1247,0.0000,0.5649,0.0068,0.0724,0.0421
11,SUNDAY,16,0.0000,0.3905,0.0000,2.9327,0.0000,0.4949,0.0067,0.0627,0.0414
11,SUNDAY,17,0.0000,0.3905,0.0000,2.8604,0.0000,0.2055,0.0060,0.0323,0.0387
11,SUNDAY,18,0.0000,0.3905,0.0000,2.6905,0.0000,0.2478,0.0063,0.0449,0.0279
11,SUNDAY,19,0.0000,0.3905,0.0000,2.6559,0.0457,0.1316,0.0058,0.0253,0.0221
11,SUNDAY,20,0.0000,0.3905,0.0000,2.6369,0.0457,0.1025,0.0057,0.0204,0.0214
11,SUNDAY,21,0.0000,0.3905,0.0000,2.4892,0.0457,0.1025,0.0057,0.0204,0.0214
11,SUNDAY,22,0.0000,0.3905,0.0000,2.4764,0.0457,0.1025,0.0057,0.0204,0.0214
11,SUNDAY,23,0.0000,0.3905,0.0000,2.3224,0.0457,0.1025,0.0057,0.0204,0.0214
11,HOLIDAY,0,0.0000,0.3905,0.0000,2.3317,0.0457,0.1025,0.0057,0.0204,0.0214
11,HOLIDAY,1,0.0000,0.3905,0.0000,2.3348,0.0457,0.1097,0.0057,0.0209,0.0218
11,HOLIDAY,2,0.0000,0.3905,0.0000,2.3411,0.0457,0.1518,0.0058,0.0239,0.0241
11,HOLIDAY,3,0.0000,0.3905,0.0000,2.3442,0.0457,0.1900,0.0059,0.0265,0.0261
11,HOLIDAY,4,0.0000,0.3905,0.0000,2.3476,0.0457,0.2007,0.0060,0.0269,0.0266
11,HOLIDAY,5,0.0000,0.3905,0.0000,2.4923,0.0457,0.2057,0.0060,0.0269,0.0267
11,HOLIDAY,6,0.0000,0.3905,0.0000,2.4670,0.0000,0.2088,0.0060,0.0269,0.0267
11,HOLIDAY,7,0.0000,0.3905,0.0000,2.4764,0.0000,0.2247,0.0060,0.0269,0.0267
11,HOLIDAY,8,0.0000,0.3905,0.0000,2.5677,0.0000,0.2401,0.0060,0.0269,0.0267
11,HOLIDAY,9,0.0000,0.3905,0.0000,2.7912,0.0000,0.2405,0.0060,0.0269,0.0267
11,HOLIDAY,10,0.0000,0.3905,0.0000,2.8382,0.0000,0.2405,0.0060,0.0269,0.0267
11,HOLIDAY,11,0.0000,0.3905,0.0000,2.8825,0.0000,0.2405,0.0060,0.0269,0.0267
11,HOLIDAY,12,0.0000,0.3905,0.0000,3.0303,0.0000,0.2405,0.0060,0.0268,0.0267
11,HOLIDAY,13,0.0000,0.3905,0.0000,3.0240,0.0000,0.2405,0.0060,0.0268,0.0267
11,HOLIDAY,14,0.0000,0.3905,0.0000,3.1500,0.0000,0.2401,0.0060,0.0267,0.0267
11,HOLIDAY,15,0.0000,0.3905,0.0000,3.1247,0.0000,0.2378,0.0060,0.0263,0.0266
11,HOLIDAY,16,0.0000,0.3905,0.0000,2.9327,0.0000,0.2203,0.0059,0.0252,0.0257
11,HOLIDAY,17,0.0000,0.3905,0.0000,2.8604,0.0000,0.1381,0.0058,0.0218,0.0225
11,HOLIDAY,18,0.0000,0.3905,0.0000,2.6905,0.0000,0.1388,0.0058,0.0260,0.0235
11,HOLIDAY,19,0.0000,0.3905,0.0000,2.6559,0.0457,0.1098,0.0057,0.0347,0.0218
11,HOLIDAY,20,0.0000,0.3905,0.0000,2.6369,0.0457,0.1025,0.0057,0.0232,0.0214
11,HOLIDAY,21,0.0000,0.3905,0.0000,2.4892,0.0457,0.1025,0.0057,0.0204,0.0214
11,HOLIDAY,22,0.0000,0.3905,0.0000,2.4764,0.0457,0.1025,0.0057,0.0204,0.0214
11,HOLIDAY,23,0.0000,0.3905,0.0000,2.3224,0.0457,0.1025,0.0057,0.0204,0.0214
12,WEEKDAY,0,0.0000,0.3905,0.0000,2.2169,0.0457,0.1117,0.0057,0.0226,0.0218
12,WEEKDAY,1,0.0000,0.3905,0.0000,2.2200,0.0457,0.1025,0.0057,0.0204,0.0214
12,WEEKDAY,2,0.0000,0.3905,0.0000,2.2200,0.0457,0.1025,0.0057,0.0204,0.0214
12,WEEKDAY,3,0.0000,0.3905,0.0000,2.2259,0.0457,0.1500,0.0058,0.0253,0.0230
12,WEEKDAY,4,0.0000,0.3905,0.0000,2.2321,0.0457,0.4015,0.0063,0.0524,0.0322
12,WEEKDAY,5,0.0000,0.3905,0.0004,2.3713,0.0457,0.5461,0.0115,0.0710,0.0395
12,WEEKDAY,6,0.0000,0.3905,0.0023,2.3446,0.0000,0.5959,0.0241,0.0768,0.0419
12,WEEKDAY,7,0.0000,0.4159,0.0036,2.3085,0.0000,0.6669,0.0364,0.0788,0.0427
12,WEEKDAY,8,0.1581,0.6569,0.0041,2.3720,0.0000,0.7961,0.0419,0.0791,0.0428
12,WEEKDAY,9,1.0011,0.6569,0.0044,2.6174,0.0000,0.7961,0.0419,0.0791,0.0428
12,WEEKDAY,10,1.0551,0.6569,0.0044,2.6842,0.0000,0.7961,0.0419,0.0791,0.0428
12,WEEKDAY,11,1.1118,0.6569,0.0044,2.7385,0.0000,0.7961,0.0419,0.0791,0.0428
12,WEEKDAY,12,1.1165,0.6569,0.0044,2.8963,0.0000,0.7961,0.0419,0.0791,0.0428
12,WEEKDAY,13,1.1183,0.6569,0.0044,2.8990,0.0000,0.7961,0.0419,0.0791,0.0428
12,WEEKDAY,14,1.1148,0.6569,0.0044,3.0322,0.0000,0.7961,0.0414,0.0791,0.0428
12,WEEKDAY,15,1.1098,0.6569,0.0044,3.0111,0.0000,0.7961,0.0409,0.0791,0.0428
12,WEEKDAY,16,1.1069,0.6569,0.0032,2.8264,0.0000,0.7960,0.0389,0.0791,0.0428
12,WEEKDAY,17,0.9484,0.6569,0.0031,2.7385,0.0000,0.7951,0.0324,0.0791,0.0428
12,WEEKDAY,18,0.5269,0.6442,0.0018,2.5685,0.0000,0.7294,0.0239,0.0788,0.0428
12,WEEKDAY,19,0.0000,0.3905,0.0008,2.5050,0.0457,0.6047,0.0152,0.0723,0.0401
12,WEEKDAY,20,0.0000,0.3905,0.0004,2.4896,0.0457,0.3329,0.0084,0.0404,0.0266
12,WEEKDAY,21,0.0000,0.3905,0.0002,2.3591,0.0457,0.1933,0.0068,0.0332,0.0243
12,WEEKDAY,22,0.0000,0.3905,0.0000,2.3622,0.0457,0.2905,0.0061,0.0556,0.0318
12,WEEKDAY,23,0.0000,0.3905,0.0000,2.2110,0.0457,0.1834,0.0058,0.0375,0.0254
12,SATURDAY,0,0.0000,0.3905,0.0000,2.2169,0.0457,0.1025,0.0057,0.0204,0.0214
12,SATURDAY,1,0.0000,0.3905,0.0000,2.2200,0.0457,0.1313,0.0058,0.0249,0.0230
12,SATURDAY,2,0.0000,0.3905,0.0000,2.2200,0.0457,0.2994,0.0062,0.0509,0.0321
12,SATURDAY,3,0.0000,0.3905,0.0000,2.2259,0.0457,0.4526,0.0067,0.0738,0.0403
12,SATURDAY,4,0.0000,0.3905,0.0000,2.2321,0.0457,0.4953,0.0068,0.0775,0.0421
12,SATURDAY,5,0.0000,0.3905,0.0000,2.3712,0.0457,0.5154,0.0069,0.0775,0.0427
12,SATURDAY,6,0.0000,0.3905,0.0000,2.3442,0.0000,0.5279,0.0069,0.0775,0.0428
12,SATURDAY,7,0.0000,0.3905,0.0000,2.3079,0.0000,0.5518,0.0069,0.0775,0.0428
12,SATURDAY,8,0.0000,0.3905,0.0000,2.3712,0.0000,0.5743,0.0069,0.0775,0.0428
12,SATURDAY,9,0.0000,0.3905,0.0000,2.6165,0.0000,0.5758,0.0069,0.0775,0.0428
12,SATURDAY,10,0.0000,0.3905,0.0000,2.6832,0.0000,0.5758,0.0069,0.0775,0.0428
12,SATURDAY,11,0.0000,0.3905,0.0000,2.7376,0.0000,0.5758,0.0069,0.0774,0.0428
12,SATURDAY,12,0.0000,0.3905,0.0000,2.8953,0.0000,0.5758,0.0069,0.0769,0.0428
12,SATURDAY,13,0.0000,0.3905,0.0000,2.8981,0.0000,0.5758,0.0069,0.0762,0.0428
12,SATURDAY,14,0.0000,0.3905,0.0000,3.0313,0.0000,0.5743,0.0069,0.0752,0.0427
12,SATURDAY,15,0.0000,0.3905,0.0000,3.0102,0.0000,0.5649,0.0068,0.0724,0.0421
12,SATURDAY,16,0.0000,0.3905,0.0000,2.8254,0.0000,0.4949,0.0067,0.0627,0.0386
12,SATURDAY,17,0.0000,0.3905,0.0000,2.7376,0.0000,0.2055,0.0060,0.0323,0.0259
12,SATURDAY,18,0.0000,0.3905,0.0000,2.5680,0.0000,0.2478,0.0063,0.0449,0.0299
12,SATURDAY,19,0.0000,0.3905,0.0000,2.5047,0.0457,0.1316,0.0058,0.0253,0.0231
12,SATURDAY,20,0.0000,0.3905,0.0000,2.4895,0.0457,0.1025,0.0057,0.0204,0.0214
12,SATURDAY,21,0.0000,0.3905,0.0000,2.3591,0.0457,0.1025,0.0057,0.0204,0.0214
12,SATURDAY,22,0.0000,0.3905,0.0000,2.3622,0.0457,0.1025,0.0057,0.0204,0.0214
12,SATURDAY,23,0.0000,0.3905,0.0000,2.2110,0.0457,0.1025,0.0057,0.0204,0.0214
12,SUNDAY,0,0.0000,0.3905,0.0000,2.2169,0.0457,0.1025,0.0057,0.0204,0.0219
12,SUNDAY,1,0.0000,0.3905,0.0000,2.2200,0.0457,0.1313,0.0058,0.0249,0.0267
12,SUNDAY,2,0.0000,0.3905,0.0000,2.2200,0.0457,0.2994,0.0062,0.0509,0.0387
12,SUNDAY,3,0.0000,0.3905,0.0000,2.2259,0.0457,0.4526,0.0067,0.0738,0.0415
12,SUNDAY,4,0.0000,0.3905,0.0000,2.2321,0.0457,0.4953,0.0068,0.0775,0.0421
12,SUNDAY,5,0.0000,0.3905,0.0000,2.3712,0.0457,0.5154,0.0069,0.0775,0.0427
12,SUNDAY,6,0.0000,0.3905,0.0000,2.3442,0.0000,0.5279,0.0069,0.0775,0.0428
12,SUNDAY,7,0.0000,0.3905,0.0000,2.3079,0.0000,0.5518,0.0069,0.0775,0.0428
12,SUNDAY,8,0.0000,0.3905,0.0000,2.3712,0.0000,0.5743,0.0069,0.0775,0.0428
12,SUNDAY,9,0.0000,0.3905,0.0000,2.6165,0.0000,0.5758,0.0069,0.0775,0.0428
12,SUNDAY,10,0.0000,0.3905,0.0000,2.6832,0.0000,0.5758,0.0069,0.0775,0.0428
12,SUNDAY,11,0.0000,0.3905,0.0000,2.7376,0.0000,0.5758,0.0069,0.0774,0.0428
12,SUNDAY,12,0.0000,0.3905,0.0000,2.8953,0.0000,0.5758,0.0069,0.0769,0.0428
12,SUNDAY,13,0.0000,0.3905,0.0000,2.8981,0.0000,0.5758,0.0069,0.0762,0.0428
12,SUNDAY,14,0.0000,0.3905,0.0000,3.0313,0.0000,0.5743,0.0069,0.0752,0.0427
12,SUNDAY,15,0.0000,0.3905,0.0000,3.0102,0.0000,0.5649,0.0068,0.0724,0.0421
12,SUNDAY,16,0.0000,0.3905,0.0000,2.8254,0.0000,0.4949,0.0067,0.0627,0.0414
12,SUNDAY,17,0.0000,0.3905,0.0000,2.7376,0.0000,0.2055,0.0060,0.0323,0.0387
12,SUNDAY,18,0.0000,0.3905,0.0000,2.5680,0.0000,0.2478,0.0063,0.0449,0.0279
12,SUNDAY,19,0.0000,0.3905,0.0000,2.5047,0.0457,0.1316,0.0058,0.0253,0.0221
12,SUNDAY,20,0.0000,0.3905,0.0000,2.4895,0.0457,0.1025,0.0057,0.0204,0.0214
12,SUNDAY,21,0.0000,0.3905,0.0000,2.3591,0.0457,0.1025,0.0057,0.0204,0.0214
12,SUNDAY,22,0.0000,0.3905,0.0000,2.3622,0.0457,0.1025,0.0057,0.0204,0.0214
12,SUNDAY,23,0.0000,0.3905,0.0000,2.2110,0.0457,0.1025,0.0057,0.0204,0.0214
12,HOLIDAY,0,0.0000,0.3905,0.0000,2.2169,0.0457,0.1025,0.0057,0.0204,0.0214
12,HOLIDAY,1,0.0000,0.3905,0.0000,2.2200,0.0457,0.1097,0.0057,0.0209,0.0218
12,HOLIDAY,2,0.0000,0.3905,0.0000,2.2200,0.0457,0.1518,0.0058,0.0239,0.0241
12,HOLIDAY,3,0.0000,0.3905,0.0000,2.2259,0.0457,0.1900,0.0059,0.0265,0.0261
12,HOLIDAY,4,0.0000,0.3905,0.0000,2.2321,0.0457,0.2007,0.0060,0.0269,0.0266
12,HOLIDAY,5,0.0000,0.3905,0.0000,2.3712,0.0457,0.2057,0.0060,0.0269,0.0267
12,HOLIDAY,6,0.0000,0.3905,0.0000,2.3442,0.0000,0.2088,0.0060,0.0269,0.0267
12,HOLIDAY,7,0.0000,0.3905,0.0000,2.3079,0.0000,0.2247,0.0060,0.0269,0.0267
12,HOLIDAY,8,0.0000,0.3905,0.0000,2.3712,0.0000,0.2401,0.0060,0.0269,0.0267
12,HOLIDAY,9,0.0000,0.3905,0.0000,2.6165,0.0000,0.2405,0.0060,0.0269,0.0267
12,HOLIDAY,10,0.0000,0.3905,0.0000,2.6832,0.0000,0.2405,0.0060,0.0269,0.0267
12,HOLIDAY,11,0.0000,0.3905,0.0000,2.7376,0.0000,0.2405,0.0060,0.0269,0.0267
12,HOLIDAY,12,0.0000,0.3905,0.0000,2.8953,0.0000,0.2405,0.0060,0.0268,0.0267
12,HOLIDAY,13,0.0000,0.3905,0.0000,2.8981,0.0000,0.2405,0.0060,0.0268,0.0267
12,HOLIDAY,14,0.0000,0.3905,0.0000,3.0313,0.0000,0.2401,0.0060,0.0267,0.0267
12,HOLIDAY,15,0.0000,0.3905,0.0000,3.0102,0.0000,0.2378,0.0060,0.0263,0.0266
12,HOLIDAY,16,0.0000,0.3905,0.0000,2.8254,0.0000,0.2203,0.0059,0.0252,0.0257
12,HOLIDAY,17,0.0000,0.3905,0.0000,2.7376,0.0000,0.1381,0.0058,0.0218,0.0225
12,HOLIDAY,18,0.0000,0.3905,0.0000,2.5680,0.0000,0.1388,0.0058,0.0260,0.0235
12,HOLIDAY,19,0.0000,0.3905,0.0000,2.5047,0.0457,0.1098,0.0057,0.0347,0.0218
12,HOLIDAY,20,0.0000,0.3905,0.0000,2.4895,0.0457,0.1025,0.0057,0.0232,0.0214
12,HOLIDAY,21,0.0000,0.3905,0.0000,2.3591,0.0457,0.1025,0.0057,0.0204,0.0214
12,HOLIDAY,22,0.0000,0.3905,0.0000,2.3622,0.0457,0.1025,0.0057,0.0204,0.0214
12,HOLIDAY,23,0.0000,0.3905,0.0000,2.2110,0.0457,0.1025,0.0057,0.0204,0.0214
